total_submissions,ac_submissions,ac_ratio,contest_count,rating_range,rating_trend,rating_mean,rating_std,avg_subs_per_contest,tag_diversity,top_tag_sub_ratio,avg_ac_per_contest,tag_success_diversity,rating_t1,rating_t2,rating_t3,rating_t4,rating_t5,rating_t6,rating_t7,rating_t8,rating_t9,rating_t10,rating_t11,rating_t12,rating_t13,rating_t14,rating_t15,rating_t16,rating_t17,rating_t18,rating_t19,rating_t20,rating_t21,rating_t22,rating_t23,rating_t24,rating_t25,rating_t26,rating_t27,rating_t28,rating_t29,rating_t30,*special_subs,*special_ac,2-sat_subs,2-sat_ac,binary search_subs,binary search_ac,bitmasks_subs,bitmasks_ac,brute force_subs,brute force_ac,chinese remainder theorem_subs,chinese remainder theorem_ac,combinatorics_subs,combinatorics_ac,constructive algorithms_subs,constructive algorithms_ac,data structures_subs,data structures_ac,dfs and similar_subs,dfs and similar_ac,divide and conquer_subs,divide and conquer_ac,dp_subs,dp_ac,dsu_subs,dsu_ac,expression parsing_subs,expression parsing_ac,fft_subs,fft_ac,flows_subs,flows_ac,games_subs,games_ac,geometry_subs,geometry_ac,graph matchings_subs,graph matchings_ac,graphs_subs,graphs_ac,greedy_subs,greedy_ac,hashing_subs,hashing_ac,implementation_subs,implementation_ac,interactive_subs,interactive_ac,math_subs,math_ac,matrices_subs,matrices_ac,meet-in-the-middle_subs,meet-in-the-middle_ac,number theory_subs,number theory_ac,probabilities_subs,probabilities_ac,schedules_subs,schedules_ac,shortest paths_subs,shortest paths_ac,sortings_subs,sortings_ac,string suffix structures_subs,string suffix structures_ac,strings_subs,strings_ac,ternary search_subs,ternary search_ac,trees_subs,trees_ac,two pointers_subs,two pointers_ac
0.7373107620996631,-0.17721232830536623,-1.5151428702689576,0.6715857041502927,-0.8574078594386375,-1.0764762170561792,1.4354300247647942,-0.9159368617937369,0.1210971592968739,0.41852264960633057,-2.8003860212765828,-0.46224844424258316,0.49944741867562226,1.6032033982384204,1.5481329386205442,1.501753089746817,1.604390904376959,1.506613788379018,1.2383166392498959,1.283038419850629,1.2350932962644927,1.1868883429005284,1.1950639616207168,1.2741768998372505,1.2419344738324254,1.1543001188992428,1.2048475562030139,1.1553126262714164,1.2239599900776779,1.1158935114515334,1.1230174716384351,1.1546199889781796,1.1116198136776063,1.182643377919161,1.2891007143700643,1.3144976973718403,1.287452469679565,1.2679501915221856,1.2329880625058953,1.1875837398229865,1.2130746667103047,1.1562044465853898,1.2028200939493146,0.07851461731785274,0.3571975458258814,0.25933641601392166,0.29290085994834275,-0.7405902005392005,-0.7222086204299224,-1.06403401067666,-0.8042156747306848,-0.9149069091381415,-0.9020144671396683,-0.2801333818741722,0.09618457165815668,-0.6453936056585396,-0.4621552176044909,-1.0166577122281266,-0.8568455794232425,-0.7269742421880415,-0.7507768627584749,-0.3850013856506792,-0.6557539348303498,-0.4472676960045559,-0.4141708930099902,-0.4435782125744073,-0.6803494818632104,-0.32412989099236866,-0.5819179135234508,0.06177459877956396,1.0563408628744078,-0.17625589848665868,-0.32822167469977737,-0.6894465690535315,-0.6732305003957796,-0.0262936940569023,-0.767990529806906,-0.4155578745495396,-0.7023220500898354,-0.8672538784174562,-1.0368474459452661,-0.15832897031010978,-0.43022550049013947,-1.1276730783105322,-1.0543445161396265,-0.27856493176603553,-0.2660730328353228,-0.8474690367508811,-0.9016024514835702,-0.15948474199862386,-0.22008332544712342,-1.0847112047324572,-1.0088042105071242,-0.1904817636315807,-0.09276682586498394,-0.34459870942715737,-0.4629844511980867,-0.7990590426076805,-0.6225574852132238,-0.4196988378600638,-0.3459625457197186,-0.6126366323211593,-0.8663269816364053,-0.19905870318692442,-0.14542668462174735,-0.38521617586749896,-1.0765917985858062,-0.4528370126678923,-0.31492858424765535,-0.9410773071606177,-1.2013018072039976,-0.6558168969794562,-0.502546450667186,0.2614881210171702,-0.6507803173900885,-1.2921837127770313,-1.1215796671390477
0.7373107620996631,0.12764059248920534,-0.9671441728170832,0.6715857041502927,-0.37580614096721326,-0.38821895134402784,-0.15629440707639938,-0.35040748523887927,0.1210971592968739,-0.2826671298388308,-2.8973093650088555,-0.25741487028716326,-0.46800520829894865,0.10289545143204183,0.05301098544392454,0.0681229538628098,-0.2699283131807682,-0.17546485367004103,-0.2906245638935695,-0.20859189407604928,-0.225713977658466,-0.1553626324612192,-0.14625832396911326,-0.20665978013152675,-0.0618190231307391,0.09052008950063424,0.07081584797917978,0.03166350832149763,0.13432659876186992,0.18014802796768895,0.17348236968913738,0.18782583076222462,0.2099835174108915,0.2519853694266677,0.3212024550395775,0.389541006141882,0.4795431052485904,0.4715865378314578,0.43180687485294333,0.36644268055881773,0.38012925223463734,0.3719352522996775,0.4204547286514244,-0.3583277641823712,-0.48045164036546517,-0.4276474674666656,-0.8845900343163515,-1.1904403157485393,-1.1318561646329413,-1.1591644541882076,-1.126223952901129,-1.4039119774925817,-1.433063343912577,-0.6249129287962303,-0.7782206252341769,-0.951428508236351,-0.842865605745878,-1.042493173928279,-1.2092497542741647,-0.812879617926658,-0.8283164303038892,-0.9025368543804058,-0.8504479960158313,-0.768300648789164,-0.6213858488623931,-0.881409884455377,-0.8104147006358491,-0.6371728440634693,-0.3666916856830622,-0.34330473747987195,-0.4581263240423058,-0.6114556478364332,-0.6356892856597561,-0.15151686628094518,-0.6732305003957796,-1.1873139511149213,-1.0416619880899904,-0.4155578745495396,-1.2510111517225193,0.857844252250178,-0.6183419178139781,-0.807675596381691,-0.8428018994684298,-1.4009899065295093,-1.3748914756154849,-0.02152693244328077,-0.6226198105040971,-1.360187129356095,-1.3276961600941186,-0.07005404555079743,-0.8591637623171731,-1.1515934881715113,-1.3202773772694294,-0.8089290481496999,-0.8994348768648438,-0.34459870942715737,-0.4629844511980867,-0.6731362150520527,-1.2435624579944946,1.1766200383113354,1.0554047280816734,-0.6126366323211593,-0.8663269816364053,-0.9150972038593147,-0.8297875534299703,-1.1432670303132166,-1.3058001866177003,-0.1916476758731455,0.4508552072360051,-0.6400357831060387,-0.9543744059287669,-0.8156747633973614,-1.0140441103793345,-0.5416785516990172,-0.8518711841000424,-1.2187954570464032,-1.1988234458676321
0.7373107620996631,-0.17721232830536623,-1.5151428702689576,0.6715857041502927,-0.3198059411449546,-0.48866730904255806,0.5018620645536335,-0.4495591397099312,0.1210971592968739,0.593820094467621,-0.5926876362637016,-0.46224844424258316,0.6606895231713841,0.6587773110203486,0.5744414175126389,0.4123108603415745,0.4376460099133136,0.46892858294227835,0.3689468761842976,0.390161119260716,0.3109091025581311,0.17144630067033673,0.446497736581948,0.5469606699268778,0.5543457530301024,0.47630932792378555,0.5843396403824255,0.6180898576358431,0.5428160815044718,0.607167016792437,0.6713155506706517,0.613404827859248,0.6888608863824247,0.6858607232864881,0.714553393920829,0.6794261793817435,0.7605933639764867,0.6822094932338143,0.643325615127699,0.8202758073215556,0.8374491309609137,0.7871860368410942,0.7795595981332036,1.3110341936934846,0.1178692069140681,2.549282694282546,0.8816463070806899,0.5698427437662648,0.05612171355581348,1.7581691468325857,0.290612471048826,0.7103158180398502,0.020333581992225822,1.7885438996581762,0.9705897685504902,0.8167731511021142,-0.02705763115719137,0.8305777993327784,0.4017407593300512,0.8929557003115827,0.17969794778649786,0.5375618412153551,0.1716958252079465,0.10307450876905806,-0.10334845923138597,1.3320724567206363,0.12171936723472769,1.3454325253868344,0.7094394535188809,-0.34330473747987195,-0.4581263240423058,-0.32132248160325017,-0.32822167469977737,0.745032638340032,-0.44806979792227475,-0.2311796217730233,-0.08381188409919473,-0.2617187724488308,-0.3365293156680461,0.07370873831034433,0.21866913844859798,0.9577355432504203,0.34908547535774226,0.3675307466521067,0.023858893006441756,0.042732567387407924,-0.2660730328353228,0.9335517059830196,0.06894432924045665,0.49634036528543674,0.7385373298579511,0.8930934626795676,0.040368561744851504,1.7885495468264008,0.17612252446830268,-0.34459870942715737,-0.4629844511980867,0.5231306467264111,-0.2499545015444614,-0.22015897833863887,-0.17079163649454457,-0.6126366323211593,-0.8663269816364053,-0.41387025338864153,-0.3165169018238031,-0.006190748644640142,-0.1597582464582301,0.0695416609216013,-0.31492858424765535,-0.8120595111372266,-0.6251378708951258,0.6230460343637857,0.008951209044962638,0.6057024093241077,0.2038558661272158,0.6526050640846087,-0.19465432239603303
0.7373107620996631,0.7042102470354603,0.06928814627667908,0.6715857041502927,-0.2974058612160511,0.006133860361313051,-0.9316683923315827,-0.5291966776919491,0.1210971592968739,0.06792775988374988,-2.175768917224158,0.12998775871547874,0.0157211051883368,-0.5974010768328147,-0.7131725065754109,-0.9046454089394615,-0.8931959084168317,-0.8380102180742567,-0.8424228928476021,-0.7981535234361536,-0.7586105087068922,-0.7027675954565754,-0.6780451897206368,-0.6225262474630259,-0.5937675063561022,-0.5791517960640812,-0.4162166376731048,-0.42823934781886236,-0.378499956681252,-0.38888638766437855,-0.33684469421276253,-0.31073664690600317,-0.27076446628318673,-0.2281453526484853,-0.16866514940049954,-0.18487761406264375,-0.20414028275406643,-0.1672450707029621,-0.11900519165846124,-0.011044686561590352,-0.01318268766438859,0.02813450153563002,0.08801193764625062,-0.3427262505573632,-0.36078747090955854,0.488331043840784,0.8816463070806899,-0.7797076018617517,-0.35352583064720544,-1.3177151933741202,-1.126223952901129,-0.943671913158991,-0.4827653538978982,-0.6249129287962303,-0.7782206252341769,-1.0534401424289548,-0.7884784074399656,-1.3783541760302618,-1.0582193936237694,-0.8619684040630102,-0.6473907726979223,-0.4300044698880467,-0.2176922971630165,-0.8600243495847664,-0.8286008047147959,-0.5895221032013972,-0.7237045547874233,-0.21978223996866847,0.2789869978381037,-0.34330473747987195,-0.4581263240423058,-0.6114556478364332,-0.6356892856597561,-0.4204817176672384,0.0022516070247350006,-1.1873139511149213,-1.0416619880899904,-0.10787967034812201,0.2121597859646378,-0.7104267756294894,-1.0368474459452661,-0.340957708892742,-0.109332745729247,-1.1598279992774707,-0.8649304037220741,-0.8569004302422337,-0.8008931993384844,-0.49666192075784005,-0.025743161561887433,-0.725879152834858,-1.0189338715346854,-0.511434489540566,0.1223351845770371,-0.8089290481496999,-0.8994348768648438,-0.34459870942715737,-0.4629844511980867,-0.9249818701633082,-0.5604569879350968,-0.6857519838886303,-0.5211334549448926,-0.1063253659400359,0.35816345177194137,-0.27066255325416344,-0.3165169018238031,-0.688436517645786,-0.664016700128397,-0.3222423442705189,-0.31492858424765535,-0.6400357831060387,-0.5428287371367155,-0.495959030561551,0.008951209044962638,-0.6105214093604047,-0.5502348840351114,-0.9986306898545195,-0.9670921096818785
0.7122956748711852,0.06799545581200656,-1.0431290791088639,-0.11095277758954063,2.112842739133961,1.9630166807104577,0.3610909138409818,1.6281636034264864,0.7000572147127204,0.9444149841902016,-0.5429154554063695,0.10501277663584815,0.9831737321629077,-0.809438487191241,-0.5442396880225365,-0.3446108492452004,-0.02604099330578683,0.21026361190775578,0.4019972969289402,0.48470106873494206,0.6040643037875684,0.6184742342038579,0.5932754277660204,0.6756812431485322,0.6481563071860782,0.6686840155471898,0.6699269391162997,0.6843640683460259,0.7672392190112507,0.8308899494341045,0.7827994290371685,0.58686538037881,0.6261952931771655,0.7089884073941545,0.7955909716070126,0.7989480661944864,-1.2860516235623944,-1.2560439021424161,-1.2292627426516685,-1.185072812616972,-1.1720632643261866,-1.1688637113934741,-1.1609398009922343,-0.2803201960573313,-0.24112330145365188,0.7173256716676465,1.470391754213037,0.8632232536853988,-0.025807795284790297,0.2677921984850065,0.4194157823170037,0.49457828788347963,0.27188304993728785,2.4781029935022922,0.9705897685504902,1.7008739807713469,0.7343631451255829,0.40429268128026186,-0.10169377617126629,1.0402220587206394,0.9034005782103656,3.0127314742705686,1.1451661311353538,0.928587815929479,1.7615861434402393,1.9158480192285958,0.9237882163326658,3.5889070223963886,0.8170525674390753,-0.34330473747987195,-0.4581263240423058,-0.031189315370067156,-0.020754063739798538,0.20710293556744572,0.22741230949823987,1.1347265630011167,0.7372024907500588,-0.2617187724488308,-0.7023220500898354,1.1714984578261116,-0.19983638968269005,2.7231466828825317,1.082554629096925,0.5363440817285337,-0.019852056012993446,1.0066250648477384,0.8035673001710002,0.7041778224491081,-0.2861337612683337,1.4502677940622521,0.09945689298790142,0.17649756868970348,0.02397523717841438,0.5516549777901623,0.9827905754681625,1.0800987972484286,3.4113624207524293,-0.42129055994079717,-0.3741554961007155,0.11240745419706934,0.7050629096313253,-0.1063253659400359,0.35816345177194137,2.020660648897485,1.5654754873988104,0.903470276690221,0.29865852960555794,0.2001363293189747,0.4508552072360051,-0.03795273499688086,-0.4605196033783053,3.3406297634681748,0.008951209044962638,2.4644595661815702,1.159037482999497,0.39574616902741094,0.19156457124688972
0.7373107620996631,0.6975830096268826,0.05737513111468154,0.6715857041502927,-0.7185273638794362,-0.8495373348483888,0.036617806025332315,-0.7221344392131351,0.1210971592968739,0.593820094467621,1.1519325509172094,0.1255348549338392,0.6606895231713841,0.3779710108159462,0.26850009257436264,-0.09230361271627543,-0.05916149353572257,-0.16487622912476818,-0.11387666165048091,-0.0483992019113884,0.08110523718759763,0.1165890868946827,0.12358681597698894,0.20480598384196708,0.22814087153318627,0.2932934088874658,0.3938060110582053,0.2616149363916776,0.27803615172673707,0.2569919917880878,0.41278828101036724,0.40867194729586925,0.36337392465958573,0.3537471795003996,0.440482485116994,0.4653571283738458,0.4257999523257011,0.4376431689856235,0.37482631624831525,0.4241261433996891,0.37002273557770304,0.3845440817898015,0.41378920903227306,-0.17110960068227526,-0.12145913199774522,-0.19865283963980318,-0.2958445871840044,0.8632232536853988,1.326029100585172,2.550922842762149,1.1922356499260702,1.8465334768634019,1.5575803305453826,-0.6249129287962303,-0.7782206252341769,0.44273049239590045,0.5712015502078455,1.6314771120375064,1.2827511964573568,1.54338211661825,1.7046427761796477,1.4376235259627057,1.0964926158389836,0.8368641151338767,0.10386649662101688,1.3199104658350538,0.9021106798705594,1.3976063508986847,1.2475050231198526,-0.34330473747987195,-0.4581263240423058,-0.4663890647198417,-0.32822167469977737,-0.5101366681293361,-0.44806979792227475,2.159156201581722,1.1477096781746856,0.6613158401554219,0.5779525203864271,-0.08311836447762241,0.637174666579886,1.282408856286211,1.3117637396404196,1.8225409204060725,1.43717957796818,0.2997705667101627,0.625293911336613,1.4057920544351903,1.0631629826650695,0.13861757949413095,0.4189971114229262,1.6287985805091614,1.2698679042276355,-0.43786067743882834,-0.09276682586498394,-0.34459870942715737,-0.4629844511980867,1.687916801615968,0.867854449461826,0.11240745419706934,0.5298920004061514,0.3999859004410875,1.582653885180288,-0.1274548531196854,0.36784396698441996,1.6362527693210813,1.6739088577969221,-0.3222423442705189,0.06796331149417485,0.822165905159059,0.9387356705146691,2.861056164214459,1.5434441881814085,1.1793928898356703,1.05849204964452,1.7901230279093414,1.350221252175658
-0.3633530759533667,-0.3959111627884284,-0.21536511844779255,0.6715857041502927,-0.9044480272893348,-0.5612133451581632,-0.7330939773005006,-0.8881152554778433,-0.6398217706782389,-0.10736968497754047,1.185991431415722,-0.6091942690366887,-0.30676310380318683,-0.24782588678243625,-0.4817212433612366,-0.6902571790565022,-0.7848015440279511,-0.7880924166465418,-0.7677002024684102,-0.6313955570024493,-0.562345585849896,-0.45299219656317197,-0.46578206708520914,-0.36068439766171156,-0.2984774665696782,-0.3243853178601134,-0.3550828528631946,-0.20732531211825275,-0.24266489976925426,-0.2332530432180011,-0.2445821741853004,-0.19036129583401662,-0.06873807624832115,-0.08937924800248731,-0.0712379492609303,-0.07784308855869486,-0.07022291809375221,-0.05148947951075795,-0.026627619375200594,-0.018679262525823324,-0.021604784878500493,0.028975090168304952,0.08801193764625062,-0.18671111430728324,-0.36078747090955854,-0.19865283963980318,-0.2958445871840044,-0.3102987859911373,-0.3944905850675073,-0.6200919409561045,-0.8686173303647737,0.5377257939147537,0.1321333455233645,-0.6249129287962303,-0.7782206252341769,-0.815412995979546,-0.8972528040517904,-0.15116974527301724,-0.2778958635967274,-0.825151814460746,-0.8283164303038892,-0.6775214331935682,-0.9477950266085721,-0.768300648789164,-0.9322082826409973,-0.7111420120572222,-0.6586719454011041,-0.480651367527919,-0.5819179135234508,0.8719332712984358,-0.4581263240423058,-0.32132248160325017,-0.32822167469977737,-0.6894465690535315,-0.6732305003957796,-0.0262936940569023,-0.35748334238227925,0.6613158401554219,0.2121597859646378,1.0146713550381448,0.21866913844859798,-0.7670914322522171,-0.9344855436858277,0.42380185834424905,0.11128079104531216,-0.9854194299036112,-0.9791665881728715,-0.28078061860827636,-0.14410252506481752,-0.725879152834858,-1.0189338715346854,0.16694295676983864,-0.0415980610873341,-0.5615501343424522,-0.6305455265315572,-0.34459870942715737,-0.4629844511980867,-0.2638870254962625,-0.4983564906569697,-0.3531855513529221,-0.6963043641700666,-0.6126366323211593,-0.8663269816364053,-0.9867010539265537,-1.0008777706320262,0.7013233821713629,0.11529181918004272,-0.4528370126678923,-0.31492858424765535,0.005053197010916134,0.28026260044738704,-0.6558168969794562,-0.502546450667186,-0.9317880784468797,-0.9524166174550193,-0.15466574895229848,-0.11741054366744849
0.7373107620996631,1.2211347649045163,0.9985033289124656,0.6715857041502927,-0.9089280432751154,-0.8644185730259488,0.6446091552988382,-0.8982188812128578,0.1210971592968739,0.7691175393289112,-0.5603798550196109,0.4773142536833646,0.8219316276671459,0.9349990185683525,0.8710714847354024,0.8002514667964533,0.7658400576463132,0.717004929431528,0.6937031843707856,0.6737809676833942,0.7916339452521659,0.646486428472277,0.5977916644178379,0.5425599665688724,0.590590739863093,0.5594983820312036,0.6709458355297981,0.5889693711116718,0.6323884741058616,0.5439409706110963,0.624223222739968,0.6389964379296703,0.7047611115240576,0.7015875484797012,0.6562791807532361,0.7124284914121278,0.6398915287234404,0.6395626964787917,0.824627392506061,0.8660832631069534,0.8627154226032494,0.8443460638629897,0.8120540062765664,-0.3583277641823712,-0.48045164036546517,0.03034178818705923,0.8816463070806899,0.2764622338471307,0.62962827544004,0.7117342682055621,1.7074488949987812,0.4226657778313561,0.8867817493585506,2.1333234465802344,2.719400162335157,1.0888041756157243,1.0606863349610576,0.7401536833822445,1.635155371308279,1.1138552379251678,1.1360192808466087,0.6950726360461414,0.8531250393571317,0.3782456111558651,0.8291188421044269,1.052346666352239,1.0104983621810917,1.1367372233394342,1.355118137040047,-0.34330473747987195,-0.4581263240423058,0.4040104339797074,0.594181158180159,0.38641283649164115,0.6777337144452497,0.1785922336592187,0.7372024907500588,-0.03096011929776763,0.5779525203864271,-0.08311836447762241,0.21866913844859798,0.6330622302146297,0.8533455185534304,0.5443828119702683,0.9854997714340162,-0.08578643227396945,0.4470205225022259,0.09701166015346016,0.40035054704866097,-0.07005404555079743,1.0580775482929758,0.7402196719617299,0.9911813865982045,-0.43786067743882834,-0.09276682586498394,1.7924475505862214,4.1862317951425325,1.687916801615968,1.675160914077478,0.11240745419706934,1.2305756373068473,2.4252309659655813,0.35816345177194137,1.0898105980233779,1.3943852701967545,1.0803488093942217,1.490542147371407,-0.4528370126678923,-0.31492858424765535,-0.8980713751528207,-0.4605196033783053,1.422335366453312,1.03194652846926,0.8581262207491952,1.2093101996769855,0.5792168083539807,0.8867585798041507
0.7373107620996631,0.6644468225839945,-0.0021899446953045844,0.6715857041502927,1.5282006529895804,1.4496139635846361,0.777621232200599,1.3799614355065009,0.1210971592968739,0.593820094467621,-1.1203813965838538,0.10327033602564147,0.6606895231713841,0.11206463674483864,0.171396976398301,0.03312079388191847,0.21784632656919456,0.5369983121618895,0.4307367932286294,0.6514590351686464,0.31215128561418803,0.5811246418459658,0.5650489486921603,0.42924185510023644,0.6044491171815894,0.5875746877924573,0.5884152260364194,0.7827712297035703,0.8538586755928145,0.807544947767148,0.9394534995004635,0.8361466192129239,0.8946285058623803,0.8597809077761389,0.9558450578178929,0.9746630788968026,1.0513350109363795,1.1434911724207932,1.2174479101591786,1.3029506655047292,1.263607249994976,1.2696839119965055,1.250311921235768,-0.3583277641823712,-0.48045164036546517,1.4043095551482339,1.470391754213037,-0.016918276072003295,0.17901597681671916,0.5531835290196494,0.9990306830238036,-0.13825180057520745,0.16008328640614916,-0.6249129287962303,-0.7782206252341769,2.3129437859269695,2.474753490914781,0.8434955301828546,0.6534580270807099,1.4083879547432812,1.1360192808466087,1.0775988520637654,1.4372072229135762,1.0203115167250814,1.5543711875878368,1.5023403291187911,1.8125672112790299,0.19760836412613234,0.4942132256784923,-0.34330473747987195,-0.4581263240423058,2.7250757638451715,2.746454434900011,5.048470260520723,2.929340739180298,1.5444984184333588,1.6950525947408546,-0.6463165277006028,-0.3365293156680461,5.09217602752528,4.403724419761478,1.9723396464872658,1.3117637396404196,-0.042444495676358794,-0.048992688692616915,0.6210680658636062,0.9818406890053873,-0.2268102930708854,-0.12043065236423152,1.00311431182312,2.6557786404681,0.3484805832472709,0.46659500047221664,2.0359284606336483,2.596126677467882,0.18966285557618737,1.0867542975821196,-0.10648349105172775,-0.0015525124319530886,1.5091864708470437,2.631942911108239,-0.1063253659400359,0.35816345177194137,2.235472199099202,0.7100244013885315,-0.20833764316349818,-0.0680748912454725,1.3754883448953352,1.5995308944614957,0.349100653073292,0.3625717342057973,0.14347243511006993,2.054941847893557,2.18908813553602,2.315309966581732,-0.594995283336066,-0.6581169947675404
0.7373107620996631,1.7115503331392619,1.8800664509002636,0.6715857041502927,-0.49452656459040156,-0.2003433193523324,1.5737069560920907,-0.23485346394271525,0.1210971592968739,0.593820094467621,-0.6249954175077929,0.8068291335246925,0.6606895231713841,1.4060659140132887,1.5388216809050315,1.4638340831008514,1.5697649268638445,1.3871135970823671,1.3274090777789325,1.3710130950558117,1.2065230859751832,1.1950585662288173,1.111513583562091,1.2312700420966989,1.289905779934913,1.2125324567744356,1.1416759785661068,1.1563167809791466,1.3469989909037627,1.27541768950907,1.326763870032414,1.365987731411668,1.3875354852530013,1.4694266608542235,1.4438915930964826,1.4358034929429824,1.2777610814475686,1.3602065273595814,1.4039297383197795,1.4547938985711404,1.3756211429426644,1.4218304545106684,1.4519438897150965,-0.3583277641823712,-0.48045164036546517,-0.19865283963980318,0.29290085994834275,0.4720492404598867,1.8176061536287949,0.8385748595542922,1.6430472393646922,0.8829058421649467,1.8929796211387986,1.09898480581406,0.09618457165815668,1.054800297551523,1.604558318020182,0.15885579512881295,1.2575794696822908,0.8684113072434065,1.8338753887553383,0.6275680096900902,1.6319012840990579,0.7910022647360756,1.657978665514038,0.8699168030685016,1.5524367737337526,0.6149989682209331,1.5703443648804354,-0.34330473747987195,-0.4581263240423058,1.709609682029031,1.8240516020200743,1.0139974897263253,1.3532158218657642,0.6566593983301677,1.5582168655993123,0.507476738054713,1.8582270908626894,0.3873629438862778,1.474185722842462,0.6939384764088405,1.632656494401312,0.4800729700363914,1.4517498943079918,0.4282895663715401,1.3383874666741618,0.3533707064560671,1.3472254550721017,0.19823804379268192,1.8569280943805377,0.864429626919973,1.614127720122815,0.9227233485010338,1.7894586264680223,-0.34459870942715737,-0.4629844511980867,1.15274478450455,1.675160914077478,0.0458941676899277,1.0554047280816734,0.3999859004410875,0.35816345177194137,-0.1274548531196854,0.5389341841864758,-0.2588743667932127,0.48202524003107317,0.2001363293189747,1.2166389987196655,0.1340709930343071,0.9387356705146691,0.4631881679458804,2.054941847893557,0.6745452669854952,1.6114919330968933,0.7259933198152366,2.199902818190088
-1.3496622295333545,-1.3237243999892985,-0.7738885935224609,-0.22274398926665967,2.2987634025438592,2.162053241335323,-0.21198175667343266,1.4329338600594008,-1.127636385762638,-0.4579645747001212,-0.21975213671771382,-1.0917271151925394,-0.46800520829894865,-0.9664607856728864,-0.8834355048019298,-0.6975492957191879,-0.40993770051640566,-0.2707624745774967,-0.20296910017951741,-0.1416260965318058,-0.02696468868935595,0.034886853611793715,0.09648939606608327,0.13879543347188786,0.04158579224573429,0.14355311149411326,0.05043791970920971,0.13308313380223202,0.19141669514517332,0.3075728287331605,0.31091508181337785,0.4342635573662916,0.571947466223359,0.6997373337510879,0.7746486762499091,-1.311415994991706,-1.2860516235623944,-1.2560439021424161,-1.2292627426516685,-1.185072812616972,-1.1720632643261866,-1.1688637113934741,-1.1609398009922343,-0.3583277641823712,-0.48045164036546517,0.25933641601392166,-0.2958445871840044,-0.6623553978940981,-1.0499266557923375,-0.7786426801420172,-1.126223952901129,-0.555344358877524,-1.0697141124363763,-0.6249129287962303,-0.7782206252341769,-1.1894556546857598,-1.0604143989695278,-0.8358094803270589,-1.0330476668487036,-0.9110571901993625,-1.0350886104249943,-0.5875152647188331,-0.8991215113122016,-0.6307150975957606,-0.8286008047147959,-1.1368116930526093,-1.0922226746432329,-1.05456344815827,-1.012370369204228,-0.34330473747987195,-0.4581263240423058,-0.6114556478364332,-0.6356892856597561,-0.5997916185914338,-0.44806979792227475,-1.2556092603536284,-1.315333446373075,-1.2616729361034378,-1.4339075189334138,-0.7104267756294894,-0.6183419178139781,-1.0917647452880077,-1.0720110100119244,-1.1919829202444092,-1.1709070468581204,-0.6641219307501677,-0.8008931993384844,-1.009380013363054,-0.9726180695853283,-0.39796659919282773,-0.6993936530996606,-1.0751565928125923,-1.1563441316050582,-0.1904817636315807,-0.09276682586498394,-0.34459870942715737,-0.4629844511980867,-1.050904697718936,-1.2435624579944946,-0.2866722648457805,-0.8714752733952406,-0.6126366323211593,-0.8663269816364053,-0.48547410345588055,-0.8297875534299703,-0.890583412164644,-1.2141168314049426,-0.5834316810652657,-0.6978204799894856,-0.8980713751528207,-0.8720652721703566,-0.8156747633973614,-1.0140441103793345,-0.7023118862422547,-0.8518711841000424,-0.33813638827886827,-0.8126045522247095
0.7373107620996631,0.8632639448413237,0.3552005101646132,0.6715857041502927,-0.6580471480713967,-0.2933510579620826,-0.2228501139652561,-0.7398095959839918,0.1210971592968739,0.41852264960633057,0.15039133235038996,0.23685744947482837,0.17696320968409862,0.02610352443736853,-0.0414317713848477,-0.03542510274732704,-0.02303003873942903,-0.16790155042341756,-0.22021279795933094,-0.030016433958066652,-0.20087031653732723,-0.050316903954647656,-0.10561219410275477,-0.009728304860790396,0.044783879319233465,0.13523420608337144,0.16761100726153758,0.08689201724665002,0.08511099843143595,0.06925927004964504,-0.017770145784455994,-0.024489749081279242,0.07342864266510275,0.029959601993070958,0.15821676508646637,0.21204208468116673,0.20994630534032624,0.323628263375257,0.31525573225256776,0.3426906664478707,0.2942238606506959,0.37613819546305216,0.4071236894131217,0.09411613094286074,-0.24112330145365188,-0.656642095293528,-0.8845900343163515,1.6064538788138716,1.4489233638460777,-0.08101942772400138,-0.1601991183897961,0.9692008542274949,1.026531453772474,-0.6249129287962303,-0.7782206252341769,0.23870722401069291,0.1904911620664584,0.9726728386836172,1.1317208358069615,0.8070503245729662,0.5673957855135698,0.5600633833340389,0.5610839475789094,-0.26382029441335125,-0.2069559371575874,0.6510009671280168,0.5119150235526435,-0.32412989099236866,-0.25907857176286786,3.707488625114487,-0.4581263240423058,-0.4663890647198417,-0.6356892856597561,-0.5997916185914338,-0.44806979792227475,1.0664312537624097,1.284545407316228,0.6613158401554219,0.9437452548082164,0.07370873831034433,-0.19983638968269005,-0.1989131344395836,0.3032436532490433,1.0749390079247532,1.0437810367932632,-0.599862430919479,-0.44434642166970995,1.1089552639795401,1.1815223461679996,-0.5768279920884807,-0.6993936530996606,1.1032949249165944,0.9911813865982045,-0.8089290481496999,-0.8994348768648438,-0.34459870942715737,-0.4629844511980867,0.6175727673931319,0.6194524603493177,-0.15364569183149723,0.004379272730629412,1.9189196995844577,1.582653885180288,0.4453759474182268,1.3943852701967545,3.1523544782125166,2.590742409924498,-0.061053007475772095,-0.31492858424765535,0.7361540411434649,1.3502813393067203,0.4631881679458804,0.008951209044962638,-0.10567378651022974,-0.09778043393771511,1.6800406443133995,1.195733694718489
-0.24185122370075954,0.09450440544631712,0.8411881134842656,0.3362120691189356,0.934598534873639,1.0143377468910053,-0.969653709953142,0.44837367711579684,-0.4114362909743089,0.06792775988374988,0.07946981509466665,-0.13075449605385997,0.17696320968409862,-1.2220518262670976,-1.2997817426527145,-1.237165928757929,-1.1641818193890332,-0.9000293046965692,-0.8711623891472913,-0.8112840719742407,-0.7710323392674616,-0.5860501193381625,-0.6046563441286007,-0.5796193897224743,-0.5575225195231115,-0.47308575207712317,-0.47429373324251944,-0.4382808948961628,-0.41098225289933843,-0.33149659189977687,-0.3099347925380861,-0.30315394762587805,-0.2370934012773758,-0.15413676350395303,-0.06122206887275029,-0.027893643323518715,0.010832328937490612,0.0425075419084755,0.06920332009621932,0.08396336988219776,-1.1720632643261866,-1.1688637113934741,-1.1609398009922343,-0.3583277641823712,-0.48045164036546517,-0.656642095293528,-0.8845900343163515,0.37425573715350874,0.957346310802455,0.42634293767091924,0.9346290273897147,-0.023191784491809798,0.18803322728893385,0.754205258892002,0.9705897685504902,0.4767343704601017,-0.02705763115719137,-0.6549612484259912,-0.3785827706969909,0.0339019429254183,0.17969794778649786,-0.1374844223451578,0.6097574628752798,-0.8141624991869653,-0.7249933267885945,0.21316929524704714,0.3818498047800049,0.04108688759058203,0.8170525674390753,-0.34330473747987195,-0.4581263240423058,-0.6114556478364332,-0.6356892856597561,-0.5997916185914338,-0.44806979792227475,-0.7775420956826793,-0.4943190715238215,-0.4155578745495396,-0.7023220500898354,-0.8672538784174562,-1.0368474459452661,-0.23949729856905744,0.3949272974664412,-0.14694798881890883,-0.019852056012993446,0.042732567387407924,0.09047374483345154,-0.26728803722392863,-0.025743161561887433,-0.24891543844645034,-0.060313216229611,0.3198167474876763,0.38462837764003105,0.18058660707929078,-0.36165617619827056,-0.34459870942715737,-0.4629844511980867,1.7508782153937819,2.48246737869313,-0.552725410874347,-0.3459625457197186,1.4126084332033344,4.0316347519969815,0.2305643972165097,0.8811146185905873,-0.006190748644640142,-0.022233213639093693,1.1142990081005884,0.4508552072360051,0.04805912901871312,-0.21359220210307453,-0.33610116414364577,0.5204488687571113,-0.3351499787148547,0.002764999417261852,0.2489696575661551,0.9640023585327352
0.7373107620996631,0.9825542181957213,0.5696347830805637,-0.33453520094377875,0.9032384229731741,1.0031768182578353,-1.1701407540402815,0.4554285075943838,0.968131218638372,-0.8085594644227019,0.3442380198149353,1.1471582082642877,-0.7904894172904723,-1.2128826409543008,-1.2173106028867444,-1.162786338798535,-1.16869825123857,-1.157181615081767,-1.1183220573246184,-1.0436947810983799,-0.9784769096289702,-1.0038986838420805,-1.063054364288088,-0.774350513314208,-0.5831072161111049,-0.5240390477179168,-0.37138519547917065,-0.37803161243236016,-0.3745627086548173,-0.23519846002358083,-0.24554324210225312,-0.25576207712509597,-0.13888612834376057,-0.00611958521488852,-1.3523601043672284,-1.311415994991706,-1.2860516235623944,-1.2560439021424161,-1.2292627426516685,-1.185072812616972,-1.1720632643261866,-1.1688637113934741,-1.1609398009922343,-0.26471868243232327,-0.36078747090955854,-0.656642095293528,-0.8845900343163515,-0.29074008532986173,0.21998073123702105,0.10924145929909385,0.290612471048826,0.2069282476749855,0.6352322814134885,-0.6249129287962303,-0.7782206252341769,-0.1353354346955209,-0.08144482946310382,1.360204764185905,1.5848119177581472,-0.7760630283243938,-0.5181581601222317,-0.9475399386177733,-0.8504479960158313,-0.9517480503803688,-0.9322082826409973,-0.6138460849725622,-0.48525165370425255,-1.05456344815827,-1.1199834831244224,-0.34330473747987195,-0.4581263240423058,-0.6114556478364332,-0.6356892856597561,-0.6894465690535315,-0.6732305003957796,0.0420016151818047,-0.08381188409919473,-0.4155578745495396,0.39505615317553244,-0.23994546726558916,-0.6183419178139781,-0.9700122528995863,-0.9344855436858277,1.2196361522759762,1.1312029348321335,-0.6641219307501677,-0.44434642166970995,1.2843588219760607,1.4419129458744457,-0.725879152834858,-1.0189338715346854,1.6192439685892965,1.5321610972906294,-0.8089290481496999,-0.8994348768648438,-0.34459870942715737,-0.4629844511980867,1.687916801615968,1.675160914077478,-0.552725410874347,-0.17079163649454457,-0.6126366323211593,-0.8663269816364053,-0.34226640332140246,-0.3165169018238031,1.8383996638399394,1.8114338906160585,-0.5834316810652657,-0.6978204799894856,1.5532667492916077,1.6795178743403614,-0.6558168969794562,-0.502546450667186,-1.0694737937696546,-0.9524166174550193,1.0929345984683763,0.9640023585327352
-0.7493001360498837,-0.422420112422739,0.9220614816229828,-1.4524473177149693,0.455236824395105,0.46559208909347904,-1.1492929109830237,0.44935473361140355,0.7319883899734693,-0.4579645747001212,-0.09012215024450956,1.088171690637374,-0.46800520829894865,-1.2243441225952967,-1.102915150953302,-1.014027158879747,-1.0467545913010792,-1.0180168353438952,-0.8553556661824623,-0.7219963419152493,-0.6294234708769707,-0.47516851702567037,-0.40142569479680823,-0.4751026849698489,-1.7088338659828153,-1.6470912781680607,-1.5940608916773746,-1.568959095800192,-1.5212861963539286,-1.4938831332336584,-1.4737880399678427,-1.4471937015147582,-1.406227602868033,-1.391930416946255,-1.3523601043672284,-1.311415994991706,-1.2860516235623944,-1.2560439021424161,-1.2292627426516685,-1.185072812616972,-1.1720632643261866,-1.1688637113934741,-1.1609398009922343,-0.26471868243232327,-0.36078747090955854,-0.656642095293528,-0.8845900343163515,-0.2320639833460349,0.015156959135511594,-1.2860050455369378,-1.190625608535218,-0.6272568689296475,-0.3430156494839749,-0.2801333818741722,0.09618457165815668,-0.951428508236351,-0.8972528040517904,-0.9779045196778977,-0.8820173061983083,-1.1074123347447715,-0.9317025203644418,-1.060047649211192,-0.9477950266085721,-0.9517480503803688,-0.9322082826409973,-0.5895221032013972,-0.5936393360147847,-0.7415204950871694,-0.9047572552840337,0.4668539350389998,1.0563408628744078,-0.32132248160325017,-0.6356892856597561,-0.6894465690535315,-0.6732305003957796,-0.9141327141600933,-0.767990529806906,-1.1847533850530834,-1.2510111517225193,-0.5535996728415227,-0.6183419178139781,-1.1526409914822184,-1.1178528321206234,-0.5328070404221705,-0.4132505971879103,-0.8569004302422337,-0.6226198105040971,-0.06489931645871262,0.28199118354573083,-0.725879152834858,-1.0189338715346854,-0.6547536683385389,-0.566184447213322,-0.5615501343424522,-0.6305455265315572,-0.34459870942715737,-0.4629844511980867,-0.7990590426076805,-0.6846579824913509,-0.8187785569029137,-0.8714752733952406,-0.6126366323211593,-0.8663269816364053,-0.7718895037248367,-0.8297875534299703,0.2970295931336469,0.43618356242469436,-0.5834316810652657,-0.6978204799894856,-0.2959883270436628,0.03333519917215625,-0.8156747633973614,-1.0140441103793345,-1.0694737937696546,-0.9524166174550193,0.21227552970084113,0.7322710223469816
-0.6206511160177114,-0.018158630499502802,1.8318471038159891,-1.6760297410692073,0.26707615299231596,0.41350775547201896,-1.3841644184458488,0.3418193529888506,1.6034067631444955,-0.4579645747001212,0.10731429069160199,2.5954121524832505,-0.6292473127947105,-1.1933981221646075,-1.2239615012549678,-1.2502917387507635,-1.3132240704237441,-1.2434032720932746,-1.1729271002940278,-1.016120629168397,-0.5611034027938392,-0.5311929055625085,-1.8556538966820786,-1.794213516531932,-1.7088338659828153,-1.6470912781680607,-1.5940608916773746,-1.568959095800192,-1.5212861963539286,-1.4938831332336584,-1.4737880399678427,-1.4471937015147582,-1.406227602868033,-1.391930416946255,-1.3523601043672284,-1.311415994991706,-1.2860516235623944,-1.2560439021424161,-1.2292627426516685,-1.185072812616972,-1.1720632643261866,-1.1688637113934741,-1.1609398009922343,-0.26471868243232327,-0.0017949625418385616,-0.656642095293528,-0.8845900343163515,-1.3273512203774684,-1.0908914102126395,-1.1908746020253902,-1.126223952901129,-0.4259018407837016,0.2159831681717185,-0.6249129287962303,-0.7782206252341769,-1.0534401424289548,-0.8972528040517904,-0.20284066867332226,0.049336584479128955,-1.1810455139492997,-0.9575490428795799,-1.1500538176859272,-0.9964685419049424,-0.9517480503803688,-0.9322082826409973,-1.2341076201372692,-0.9838349923327006,-1.1067372736701202,-1.012370369204228,0.06177459877956396,1.0563408628744078,-0.6114556478364332,-0.6356892856597561,-0.6894465690535315,-0.6732305003957796,-0.7775420956826793,-0.767990529806906,-0.4155578745495396,-0.5194256828789408,-0.5535996728415227,-0.19983638968269005,-1.1120568273527447,-0.9803273657945266,-0.6775041847733936,-0.5152428115665925,-0.9854194299036112,-0.9791665881728715,0.7446555666021514,1.8680066544849943,-0.6960689206855826,-1.0189338715346854,-0.4158883703419175,-0.23831795588457955,-0.5615501343424522,-0.8994348768648438,-0.34459870942715737,-0.4629844511980867,-0.7046169219409597,-0.6225574852132238,-0.752265270395772,-0.6963043641700666,-0.6126366323211593,-0.8663269816364053,-0.9150972038593147,-0.8297875534299703,-0.18306928134864092,0.16113349678642153,-0.4528370126678923,-0.31492858424765535,0.478118449096683,1.26797220554831,-0.6558168969794562,-0.502546450667186,-1.1153690322105796,-1.0529620508099962,-1.1087130734504616,-1.0443358884104632
-1.9214356518985647,-1.7677493063640004,-1.208808194674742,-1.8996121644234454,0.1461157213762373,0.3744445052559239,-1.244075771714257,0.3655992122471315,-1.26239180429424,-2.386236468174315,1.3073175940435513,-1.2383259604711925,-2.5641525667438523,-1.1681828625544164,-0.9166899966430468,-0.9367307222552786,-1.0151395683543225,-0.9121305898911667,-0.9027758350769494,-0.6602827637862406,-2.0902307447999293,-1.9294682694610943,-1.8556538966820786,-1.794213516531932,-1.7088338659828153,-1.6470912781680607,-1.5940608916773746,-1.568959095800192,-1.5212861963539286,-1.4938831332336584,-1.4737880399678427,-1.4471937015147582,-1.406227602868033,-1.391930416946255,-1.3523601043672284,-1.311415994991706,-1.2860516235623944,-1.2560439021424161,-1.2292627426516685,-1.185072812616972,-1.1720632643261866,-1.1688637113934741,-1.1609398009922343,-0.3583277641823712,-0.48045164036546517,-0.656642095293528,-0.8845900343163515,-1.4447034243451222,-1.5005389544156584,-1.4445557847228505,-1.3838305754374847,-1.6484145116698017,-1.5728130483265004,-0.6249129287962303,-0.7782206252341769,-1.1894556546857598,-1.1691887955813527,-1.6237910621817107,-1.561653929125087,-1.2055899070174758,-1.2677073130612375,-0.970041480736457,-1.1911626030904239,-0.9517480503803688,-0.9322082826409973,-1.2705935927940166,-1.200610356953765,-0.532825193039769,-0.9047572552840337,-0.34330473747987195,-0.4581263240423058,-0.6114556478364332,-0.6356892856597561,-0.6894465690535315,-0.6732305003957796,-1.0507233326375074,-1.1784977172315327,-1.2616729361034378,-1.4339075189334138,-0.8672538784174562,-1.0368474459452661,-1.1120568273527447,-1.0720110100119244,-1.5858807020894055,-1.578875904372849,-0.9854194299036112,-0.9791665881728715,-1.6030535942743542,-1.5644148870999788,-0.725879152834858,-1.0189338715346854,-1.686651755683943,-1.6153572194652976,-0.8089290481496999,-0.8994348768648438,-0.34459870942715737,-0.4629844511980867,-1.4916345941636333,-1.55406494438513,-0.8187785569029137,-0.8714752733952406,-0.6126366323211593,-0.8663269816364053,-0.9867010539265537,-1.0008777706320262,-1.6233659047955045,-1.4891668970432155,-0.5834316810652657,-0.6978204799894856,-1.5431603552697755,-1.4482292084792283,-0.8156747633973614,-1.0140441103793345,-1.1153690322105796,-1.0529620508099962,-1.0353248177198335,-1.3533110033248013
0.7373107620996631,0.6843285348097273,0.03354910079068698,0.6715857041502927,-1.119488794606808,-1.1601831818049546,-0.3926168349698182,-1.1101829448192593,0.1210971592968739,0.41852264960633057,-0.24807130299339844,0.11662904737056011,0.49944741867562226,0.12008767389353586,-0.010837638891020076,-0.22210328931208076,-0.346707654622892,-0.49009826872957724,-0.4371959950219844,-0.3504018182873884,-0.28533876434919897,-0.1962137491026637,-0.0728694783770771,-0.15935221903296998,-0.040498442640744585,0.020849256685671606,0.016814338063759107,0.07885877958480968,0.09692274251074011,0.06828656164685518,0.020672570893653226,0.07598101638037884,0.01076304945984353,0.06881411129395039,0.050773684558717135,0.07914088218043018,0.07867204656146558,0.10256119448187465,0.1140970935422899,0.11280510130263344,0.12999296497551377,0.11975866249719769,0.08717874769385671,-0.2803201960573313,-0.12145913199774522,0.25933641601392166,0.29290085994834275,0.8827819543466744,0.7934872931212475,0.36292264199655416,0.4838174379510926,0.7534633240711244,0.6911321631790579,0.06464616504788588,0.09618457165815668,0.10269171175388789,0.1904911620664584,0.9855905695336935,0.6786297538557758,0.20571269440265116,0.3089305603621885,1.032595767826398,0.7557780087643909,-0.768300648789164,-0.5177783709361916,0.6510009671280168,0.8154005340221336,0.4584774916853828,0.386600111758298,-0.34330473747987195,-0.4581263240423058,-0.6114556478364332,-0.6356892856597561,-0.15151686628094518,-0.22290909544876988,-0.0945890032956093,-0.4943190715238215,-0.2617187724488308,0.029263418753743168,-0.23994546726558916,-0.19983638968269005,1.0186117894446312,0.7158200522273337,0.7775059889805722,0.7378043936572167,-0.47134343125810163,0.09047374483345154,0.7581481479864991,0.6370692740545212,0.8242529189274671,0.4189971114229262,0.6255643289233517,0.6961015444023363,0.05689715017566696,0.17612252446830268,-0.34459870942715737,-0.4629844511980867,1.7823589222826888,1.675160914077478,-0.6857519838886303,-0.5211334549448926,-0.6126366323211593,-0.8663269816364053,0.8749990478216609,0.8811146185905873,0.7265917439862202,0.6195502728502096,-0.1916476758731455,0.06796331149417485,0.9081777691746529,1.3502813393067203,0.7829039007816909,-0.502546450667186,0.05495954803300775,0.2038558661272158,1.6433465164480856,1.4274650309042425
-0.624224699907494,-0.6477461843143789,-0.31360582791572506,-1.4524473177149693,2.607884505562727,2.4187545998982336,0.6910581754321949,2.8210439065100115,0.9678103724037731,0.41852264960633057,0.36330912059704823,0.6752660672489782,0.49944741867562226,-0.48278626042285455,-0.030790333995690266,0.23000794377443215,0.6875552389210106,0.8138152109883084,1.0515099133019161,1.1569851538849942,1.228882380984208,1.2078974886018428,1.319260469545701,1.3918957146638917,-1.7088338659828153,-1.6470912781680607,-1.5940608916773746,-1.568959095800192,-1.5212861963539286,-1.4938831332336584,-1.4737880399678427,-1.4471937015147582,-1.406227602868033,-1.391930416946255,-1.3523601043672284,-1.311415994991706,-1.2860516235623944,-1.2560439021424161,-1.2292627426516685,-1.185072812616972,-1.1720632643261866,-1.1688637113934741,-1.1609398009922343,-0.3583277641823712,-0.48045164036546517,-0.19865283963980318,-0.2958445871840044,-0.5450031939264445,-0.3944905850675073,-0.2712803147470966,-0.03139580712161837,-0.6704043749609215,-0.6784149400773909,0.06464616504788588,0.09618457165815668,1.5308545904503406,0.6799759468196704,-0.8099740186269064,-0.7058152187728473,0.4143400354821482,0.3089305603621885,0.26754333579114997,0.36638988639342795,-0.03451104242434543,0.10386649662101688,0.9550507392675791,0.5769476329389629,-0.06326076343311818,0.17137388391790936,-0.34330473747987195,-0.4581263240423058,3.885608428777904,1.5165839910600956,0.5657227374158367,1.1280551193922594,-0.3677702402504373,-0.35748334238227925,-0.2617187724488308,-0.3365293156680461,1.0146713550381448,1.474185722842462,0.24751267098462845,0.5324527637925379,-0.9267048222671668,-0.7483678730035802,0.042732567387407924,-0.08779964400093564,-0.9958874319787062,-0.8779305787829842,0.19823804379268192,0.09945689298790142,-0.511434489540566,-0.6973310437448189,-0.06679230672795687,-0.09276682586498394,-0.34459870942715737,-0.4629844511980867,-0.48425197371861106,-0.4983564906569697,-0.15364569183149723,0.3547210911809774,-0.1063253659400359,0.35816345177194137,0.01575284701479263,0.19675374978236418,-1.1938037539429311,-0.9849084433730486,0.2001363293189747,-0.31492858424765535,-0.5970298510982417,-0.707447004653536,-0.8156747633973614,-1.0140441103793345,0.7204405054264202,0.5054921661921467,-0.8885483062585777,-0.5036294373103712
0.15124300417532255,-0.024785867908080444,-0.3717931132118613,0.6715857041502927,-1.0142084189409617,-0.9537060020913091,-0.9656416039076858,-0.9814862290736238,-0.28406746575480957,-0.2826671298388308,0.6058159048561921,-0.3598316572648731,-0.30676310380318683,-0.3509792215514004,-0.5735036408427195,-0.7413019956953021,-0.6854400433381439,-0.7230480087255801,-0.7087842350540473,-0.5801864177039102,-0.5064473483273338,-0.4845059151151434,-0.5357837351883821,-0.5400130595004268,-0.5106172424451236,-0.46372698349003866,-0.5333897252254326,-0.5658085427778783,-0.4916958374412501,-0.5007478539852123,-0.438717893409752,-0.43300767279802105,-0.41012526311279307,-0.34563398791543026,-0.29340838696237787,-0.31599490780498113,-0.23233341215623785,-0.22120632373992946,-0.2044760295654033,-0.16628106450099414,-0.18415126111086025,-0.1500702885914557,-0.16277823802431907,-0.3583277641823712,-0.48045164036546517,-0.656642095293528,-0.8845900343163515,0.29602093450840633,0.13805122239641726,-0.6200919409561045,-0.5466090521943293,0.4082832758209314,0.07623346375779516,-0.6249129287962303,-0.7782206252341769,-0.4073664592091309,-0.6797040108281407,-0.189922937823246,-0.15203722972139802,-0.6410688664494251,-0.5698512051525079,-1.2175584440419784,-1.1424890877940534,-0.9058861999825676,-0.8286008047147959,-0.3219583037185825,-0.6803494818632104,-0.9502157971345698,-1.012370369204228,0.06177459877956396,1.0563408628744078,-0.6114556478364332,-0.6356892856597561,-0.5101366681293361,-0.22290909544876988,0.1102969244205117,-0.22064761324073698,-0.4155578745495396,0.2121597859646378,-0.3967725700535559,-0.19983638968269005,-1.1120568273527447,-1.1636946542293223,0.7453510680136337,0.19870268908418257,-0.9854194299036112,-0.9791665881728715,0.7446555666021514,0.3766786743480749,-0.36815636704355226,-0.37985343466463584,0.6446735527630814,0.2698751056749712,-0.43786067743882834,-0.6305455265315572,-0.34459870942715737,-0.4629844511980867,0.27128499161515557,-0.0015525124319530886,-0.6192386973814887,-0.6963043641700666,-0.6126366323211593,-0.8663269816364053,-0.9150972038593147,-0.8297875534299703,1.4593742366170805,0.8946003384884824,-0.5834316810652657,-0.6978204799894856,0.6501421771278709,0.6094991354810281,0.14347243511006993,0.008951209044962638,-1.0235785553287298,-0.9524166174550193,1.0929345984683763,0.655027243618397
0.7373107620996631,0.1210133550806277,-0.9790571879790808,0.6715857041502927,-0.7095673319078747,-0.3807783322552478,0.4852728062693955,-0.6338449470389568,0.1210971592968739,0.41852264960633057,0.23654541566796586,-0.2618677740688028,0.49944741867562226,0.5877161248461733,0.5664603394707708,0.4852320269684314,0.5821718290984877,0.41749812086523874,0.3588880524794064,0.4282397100211682,0.41897902843508467,0.4492338938321593,0.39681913341195435,0.41273921750771664,0.5234309113196103,0.5345416657989782,0.46309096717610354,0.5036162209546181,0.5506905775573413,0.6237030596398646,0.7001475881792337,0.690179658070515,0.6261952931771655,0.6164776709634892,0.5898101563589506,0.5973663764953827,0.6390104934296225,0.7074494341704602,0.7987271385948664,0.7345988992784966,0.776810031019308,0.777098973248995,0.7762268383236279,-0.2959217096823393,-0.36078747090955854,2.3202880664556833,0.29290085994834275,0.8241058523628475,0.21998073123702105,0.7434444160427446,0.22621081541473712,0.12063323561243727,-0.09146618153891285,-0.6249129287962303,-0.7782206252341769,0.2727111020748942,0.027329567148721073,1.011426031233846,0.7541449341809734,1.629287492356866,0.38647012790760293,1.4376235259627057,0.4637369169861687,1.708239272692099,0.4146889303996211,0.5537050400433569,0.07836429431051481,1.606301652946085,0.4942132256784923,-0.34330473747987195,-0.4581263240423058,-0.6114556478364332,-0.6356892856597561,-0.5997916185914338,-0.44806979792227475,2.7738139847300847,0.7372024907500588,2.430465514313573,0.5779525203864271,0.5441900466742445,0.21866913844859798,1.688250497580949,0.3032436532490433,1.13924884985863,0.43182775052117034,1.3921820638318705,0.625293911336613,0.9200591245986719,-0.04941503426247345,0.2578585080912329,0.25922700220541384,0.7784381196411894,0.2534817811085341,-0.1904817636315807,-0.09276682586498394,-0.34459870942715737,-0.4629844511980867,1.4675518533936194,0.2468494766805552,0.0458941676899277,-0.17079163649454457,0.906297166822211,0.35816345177194137,-0.6286818035903585,-0.6586973362279146,1.813131302025082,0.48202524003107317,-0.3222423442705189,-0.31492858424765535,1.1232074292136378,0.1156443329305665,0.3033303015279752,0.5204488687571113,1.9137167048904702,0.5557648828696351,0.5792168083539807,-0.04016676493886393
0.7373107620996631,0.7969915707555473,0.23607035854464095,0.6715857041502927,-0.4967665725832919,-1.1099590029556894,1.6678783144960259,-0.6149938290555019,0.1210971592968739,0.9444149841902016,-1.2280740007308237,0.19232841165843265,0.9831737321629077,1.6054956945666194,1.6957828823951038,1.934904819510347,1.8919370654641285,1.8696523442169444,1.6262998392957,1.4090916858162639,1.3568272357580726,1.3386210618544652,1.4513603916113662,1.3940960663428943,1.4711307140998664,1.487056335328915,1.553310129619502,1.425430242650798,1.474959551762891,1.4106241574968605,1.4526637671532217,1.490154432123717,1.6344566286289481,1.3991185011669178,1.3519276004413752,1.3439321918854263,1.1649885638388828,1.1878786547576534,1.1898209726539044,1.1714663016762723,1.1718063903611564,1.1377114966665411,1.189489054711012,-0.21791414155729924,-0.0017949625418385616,-0.19865283963980318,0.29290085994834275,-0.0560356773945545,0.3838397489182286,1.3142270771120304,1.3854406168283369,0.19254574566456079,0.1321333455233645,2.4781029935022922,0.9705897685504902,0.06868783368968664,0.516814351901933,0.8564132610329309,1.1568925625820274,0.27934587360717955,0.800014488149813,0.6050664675714065,1.1451661311353538,0.4699693119514674,0.7255113641782254,0.359113185874037,0.53359256001475,0.14543453861428224,0.2789869978381037,0.06177459877956396,1.0563408628744078,3.160275513194946,4.898727711619863,1.2829623411126183,0.9028944169187545,-0.0262936940569023,0.05302384504234753,0.3536376359540043,1.3095379892300056,1.1714984578261116,1.474185722842462,1.5664980051925275,1.4492892059665163,-0.15498671906064343,0.27155427078324124,1.9705175623080686,2.4080277996804846,-0.11886964199610356,0.30566305624631684,0.28766874024050837,1.6971579851630254,0.32937135940754114,0.43380835133934237,-0.1904817636315807,0.17612252446830268,4.99801694060629,7.285709292702945,0.9953412500600153,0.37105047123680934,1.442673184339902,1.0554047280816734,-0.6126366323211593,-0.8663269816364053,0.6601874976199439,0.025663532580308426,-0.3094110904229272,0.11529181918004272,0.4613256661137215,0.8337471029778354,-0.2959883270436628,-0.13128306834466427,-0.01638543130783529,0.008951209044962638,0.5827547901036452,0.857401182934566,-0.4482187718748102,0.19156457124688972
0.7373107620996631,-0.2633664146168756,-1.670012067374922,0.6715857041502927,-0.46540646068282704,-0.48122668995377804,0.5534179031735091,-0.3602799678708398,0.1210971592968739,0.7691175393289112,-1.9819222297596124,-0.5201361934038975,0.8219316276671459,0.6679464963331454,0.6968179474879495,0.4473130203224658,0.460228169160997,0.4341373880078104,0.5126443576827436,0.3888480644069073,0.26619051254008136,0.3628629615045338,0.39117383759718233,0.4138393933472179,0.4914500405846185,0.5272626235645791,0.6312088754033566,0.6733183665609955,0.6451845301917745,0.6392663940845024,0.6636270073350299,0.6295180638295139,0.6916668084662423,0.8153757542894196,0.8247280781908091,0.8453296939128644,0.8407675757139116,0.7631513727892653,0.7132563006879243,0.8304552419405329,0.7759678212978968,0.7552436687994468,0.7895578775619306,0.4529509443180447,0.5965258847376947,-0.19865283963980318,0.29290085994834275,0.6676362470726427,-0.23063156738629975,-0.4615412017701918,-0.7398140190965959,-0.35398933073157807,-0.7902147036085296,0.06464616504788588,0.09618457165815668,-0.815412995979546,-0.4621552176044909,-1.0166577122281266,-0.7813303990980449,0.08299072906177055,-0.25969293497085033,-0.1374844223451578,-0.26636581245938684,-0.40140584560675474,-0.10334845923138597,0.07938739550563975,-0.18176614323476242,-0.7936943205990196,-0.3666916856830622,1.6820919438173076,2.570808049791121,0.2589438508631159,-0.32822167469977737,-0.061861915818847465,-0.44806979792227475,-0.9141327141600933,-0.767990529806906,0.6613158401554219,-0.15363294845715147,-0.23994546726558916,0.21866913844859798,-0.6453389398637956,-0.24685821205534378,-0.5167295799387013,-0.7046569239841449,0.49254906620222877,-0.08779964400093564,-0.753020967060447,-0.7832430879806401,-0.39796659919282773,-0.22008332544712342,-1.0847112047324572,-0.992410885940687,-0.1904817636315807,-0.09276682586498394,-0.34459870942715737,-0.4629844511980867,-0.7360976288298666,-0.5604569879350968,-0.3531855513529221,-0.5211334549448926,-0.6126366323211593,-0.8663269816364053,-0.7002856536575975,-0.3165169018238031,-0.789509964905215,-0.7098583777347758,2.5508403604716956,0.8337471029778354,-0.03795273499688086,-0.9543744059287669,-0.33610116414364577,0.008951209044962638,0.009064309592082759,-0.24859858397018056,-0.19135987681761243,-0.5036294373103712
0.7373107620996631,0.763855383712659,0.17650528273465377,0.6715857041502927,-0.9761282830618259,-1.1080988481834944,-0.9094169321179947,-1.0621509016806492,0.1210971592968739,0.24322520474504025,0.9042395613791783,0.17006389275023492,0.33820531417986044,-0.2547027757670339,-0.3979199239216218,-0.5414979991377141,-0.7622193847802676,-0.6791808498951639,-0.7403976809837054,-0.7049266288157363,-0.743704312034209,-0.5615394493532959,-0.5425580901661086,-0.46520110241433704,-0.4573157912201373,-0.23391722151829622,-0.34693168155520654,-0.46940969083579415,-0.3155039882582965,-0.3159332574551391,-0.3166622679567552,-0.2680839634552993,-0.28666469142481965,-0.25219814412045827,-0.2542553999904015,-0.2687213257074037,-0.2922438121358521,-0.32303643027743234,-0.30894038700722143,-0.2349922481790909,-0.20941755275319596,-0.16688206124495436,-0.16194504807192517,-0.2959217096823393,-0.24112330145365188,-0.656642095293528,-0.8845900343163515,0.3546970364922331,0.13805122239641726,0.8068647117171096,0.16180915978064825,0.5952558019564526,0.4954825769995652,-0.2801333818741722,0.09618457165815668,3.843118298816026,2.9098510773620805,1.3343693024857524,1.0562056554817638,-0.5797078837789847,-0.388925547546541,-0.6100168068375168,-0.46105987364486833,-0.9058861999825676,-0.8286008047147959,0.030739431963309787,0.056686757848408376,-0.480651367527919,-0.4743047996032565,-0.34330473747987195,-0.4581263240423058,-0.6114556478364332,-0.6356892856597561,-0.4204817176672384,-0.44806979792227475,-0.16288431253431632,-0.08381188409919473,2.891982820615699,0.9437452548082164,-0.3967725700535559,0.21866913844859798,-0.7265072681227434,-0.6135927889249352,1.1714037708255685,0.723234077317405,-0.9211599300729225,-0.8008931993384844,0.8391036362925854,0.8501161283597953,0.5857710617332632,0.4189971114229262,2.2211845195407824,1.7124876675214378,-0.43786067743882834,-0.36165617619827056,-0.34459870942715737,-0.4629844511980867,1.3101483189490848,0.867854449461826,1.8417529033827518,1.9312592742075434,-0.1063253659400359,0.35816345177194137,-0.9150972038593147,-0.8297875534299703,0.7265917439862202,0.6653919504565884,-0.5834316810652657,-0.6978204799894856,1.6392786133072017,1.597208740581951,-0.17624329772574054,0.5204488687571113,-0.7023118862422547,-0.5502348840351114,0.2856637854314691,0.655027243618397
0.7373107620996631,0.6777012974011497,0.02163608562868997,0.6715857041502927,-0.8484478274670761,-0.7081655721615685,0.10819002514984188,-0.8742404798792195,0.1210971592968739,0.9444149841902016,-0.3557639071403683,0.11217614358892057,0.9831737321629077,0.2943021948366753,0.22726452269137756,0.22709109710935788,0.12902316686163962,0.07109883216988398,-0.0707674172009471,0.2286553722422464,0.2189875564099177,0.2811607282216448,0.2940747495831037,0.35442989801414665,0.28144232275817255,0.27977518759501036,0.24912272034141786,0.2224529027902059,0.29870670386551934,0.40289825220656666,0.47814089936315296,0.44942895592654186,0.42884543994866253,0.4388570570166117,0.49147242163863775,0.39043296052108156,0.43461030526387967,0.415014256421734,0.3938198357831913,0.42073299852669666,0.3826558813988709,0.3618481887075783,0.4162887788894548,0.03171007644282874,-0.0017949625418385616,-0.19865283963980318,0.29290085994834275,1.0392515596368792,0.7525225387009457,0.7434444160427446,0.7414240604874481,0.767845826081549,0.8308818675929812,-0.6249129287962303,-0.7782206252341769,0.10269171175388789,0.24487836037237085,0.4172104121303381,0.5527711199804465,0.24252928400491536,0.2830840378470504,0.4475556727406201,0.5610839475789094,0.14893635916685924,0.2074739745472183,0.3104652223317071,0.5119150235526435,0.6671727937327833,0.17137388391790936,0.8719332712984358,2.570808049791121,0.4040104339797074,0.594181158180159,0.745032638340032,0.45257301197174477,-0.2311796217730233,0.05302384504234753,0.4305571870043587,0.5779525203864271,1.6419797661900115,1.474185722842462,0.3895572454377868,0.5324527637925379,0.6971186865632261,0.7378043936572167,0.2997705667101627,0.09047374483345154,0.1105042415378079,0.3766786743480749,-0.24891543844645034,-0.060313216229611,0.3484805832472709,0.5321682987379651,0.05689715017566696,-0.09276682586498394,0.18966285557618737,0.3118849231920165,0.27128499161515557,0.7436534549055718,0.24543402721135263,0.1795501819558034,-0.1063253659400359,0.35816345177194137,-0.41387025338864153,-0.3165169018238031,0.2970295931336469,0.29865852960555794,1.3754883448953352,0.4508552072360051,0.22008285704990108,0.19795346668897676,-0.33610116414364577,0.5204488687571113,0.2614881210171702,0.2038558661272158,0.9461580870071203,1.350221252175658
0.7373107620996631,0.2005402039835594,-0.8361010060351135,0.6715857041502927,-0.9761282830618259,-1.4038634569625001,1.6504943612041598,-1.064259823601894,0.1210971592968739,0.9444149841902016,-0.7865343237282474,-0.20843292868912802,0.9831737321629077,1.759079548555966,1.686471624679591,1.8561499595533415,1.97172736147261,1.7864560085040861,1.6924006807849852,1.5916063104956726,1.466139344691083,1.4144874213314333,1.3982946109525094,1.3159835817383005,1.3112263604249075,1.3529139855807035,1.3984378747677295,1.329031390708714,1.3489676149169803,1.360043320551788,1.3286860058663195,1.3148045112708233,1.4127887840073596,1.376915924423558,1.4611917501306118,1.3528517356774221,1.2795231520352042,1.2218220236034878,1.234714746099975,1.26223292702882,1.258553991666509,1.2251327144647342,1.1694924958535577,3.8228778873197724,2.2718242571203877,-0.19865283963980318,0.29290085994834275,0.7263123490564696,0.8754168019618512,1.123966190088935,1.1278339942919813,0.8397583361336726,1.026531453772474,1.09898480581406,2.719400162335157,0.6467537607811079,0.7887503434314953,-0.04782789847240717,0.049336584479128955,0.5493341973571169,0.8258610106649511,0.6275680096900902,0.901798554653502,1.6165155718964968,1.4507637096616353,0.5658670309289394,0.7070128517116014,0.24978218963798243,0.386600111758298,-0.34330473747987195,-0.4581263240423058,0.2589438508631159,-0.32822167469977737,-0.5101366681293361,-0.44806979792227475,0.9298406352849957,0.6003667616085165,0.6613158401554219,1.126641622019111,-0.7104267756294894,-0.6183419178139781,0.1866364247904177,0.5782945859012368,0.37556947689384135,0.723234077317405,0.235511066879474,0.625293911336613,0.36686328784041483,0.40035054704866097,0.6752017581810896,0.5787672206404386,0.3580351951671357,0.49938164960509085,1.2937917192119053,1.251679925801449,-0.1665115210927091,0.3118849231920165,0.6175727673931319,0.5573519630711906,-0.3531855513529221,0.004379272730629412,-0.1063253659400359,0.35816345177194137,-0.34226640332140246,0.19675374978236418,0.2970295931336469,0.6195502728502096,-0.4528370126678923,-0.31492858424765535,0.09106506102651012,0.03333519917215625,-0.33610116414364577,0.008951209044962638,0.21559288257624523,0.4552194495146582,-0.04458336535635659,0.4232959074326434
-1.2496018806194427,-1.217688601452056,-0.5894430035826124,-0.11095277758954063,0.8382781911793541,0.90830892487589,-0.9473700972241487,0.15233275740981925,-1.0690470733575936,-0.2826671298388308,1.5973562234791843,-1.0217654846312063,-0.7904894172904723,-1.1567213809134202,-1.114886768016104,-1.0373619322003411,-0.962447863443061,-0.8531368245675036,-0.7461455802436433,-0.6826046963009884,-0.6170016403164014,-0.6140623136065817,-0.4985247828108868,-0.4519989923403212,-0.37096744023565953,-0.31918600197839975,-0.3622151277576841,-0.3539318994468391,-0.3657039005953392,-0.32176950787187825,-0.3089737246211333,-0.24628370302493952,-0.28385876934100207,-0.17726444761161936,0.02983138920161347,0.022947756290857012,-1.2860516235623944,-1.2560439021424161,-1.2292627426516685,-1.185072812616972,-1.1720632643261866,-1.1688637113934741,-1.1609398009922343,-0.23351565518230724,-0.36078747090955854,-0.656642095293528,-0.8845900343163515,-0.6819140985553738,-1.1728209190532433,-1.1591644541882076,-0.9974206416329514,-1.044349427231964,-1.0417641715535917,-0.6249129287962303,-0.7782206252341769,-0.9854323863005522,-0.8972528040517904,-1.081246366478508,-0.957532486523506,-0.9356015832675386,-1.009242087909856,-1.1275522755672434,-1.0451420572013128,-0.9058861999825676,-0.9322082826409973,-0.8449239117986296,-0.9621574558705941,-0.7415204950871694,-0.6895310274436451,-0.34330473747987195,-0.4581263240423058,-0.4663890647198417,-0.6356892856597561,-0.6894465690535315,-0.6732305003957796,-0.7775420956826793,-1.1784977172315327,-1.1847533850530834,-1.4339075189334138,-0.3967725700535559,-0.19983638968269005,-1.1120568273527447,-0.9803273657945266,-0.6292718033229859,-0.8795007200618857,-0.9854194299036112,-0.9791665881728715,-1.0633503389004448,-0.9726180695853283,-0.5768279920884807,-0.8591637623171731,-0.8267366828961062,-0.9104442631085015,0.42796552088653844,0.17612252446830268,-0.34459870942715737,-0.4629844511980867,-1.1453468183856568,-0.8709594743257322,-0.4862121243672054,-0.6963043641700666,-0.6126366323211593,-0.8663269816364053,-0.9150972038593147,-1.0008777706320262,-0.7642416030903577,-1.2141168314049426,-0.4528370126678923,-0.31492858424765535,-0.9840832391684146,-1.0366835396871772,-0.8156747633973614,-1.0140441103793345,-1.046526174549192,-1.0026893341325078,-0.9619365619892056,-1.1988234458676321
-0.8565076527433606,-0.7604092202601987,0.0180689115971315,0.6715857041502927,0.04531536169617173,-0.2449870338850125,-0.45097724959251007,0.018543348198577732,-0.9807529795631917,-0.4579645747001212,0.5867593306227439,-0.8541039770268646,-0.46800520829894865,-0.4426710746793685,-0.5628622034535621,-0.7850546956714162,-0.8871739992841161,-0.7275859906735541,-0.6814817135693426,-0.391106518755458,-0.33999481881570426,-0.19271222481911132,-0.09996689828798275,-0.06033639347785113,0.054378140539730994,0.09779913173503332,0.13093073637559147,-0.0024777517413238554,0.0398326461274367,0.007978640673883916,-0.05909606621342341,-0.021646236851232317,0.04536942182692698,0.21035553803286833,0.27476519142165196,0.2718030280875382,0.21699458769086907,0.25574152568358843,0.1624442341765198,0.10432223912015234,-0.026658043206967637,0.18280280994781764,0.08801193764625062,-0.3583277641823712,-0.48045164036546517,-0.656642095293528,-0.8845900343163515,-0.5645618945877201,-0.5583496027487148,-0.8420629758163822,-0.8042156747306848,-0.44028434279412626,-0.4268654721323289,-0.6249129287962303,-0.7782206252341769,-0.30535482501652716,-0.5165424159104034,-0.59037259417561,-0.6554717652227156,-0.7760630283243938,-0.8283164303038892,-1.1050507334485595,-0.9964685419049424,-0.8141624991869653,-0.8286008047147959,-0.7476279847139696,-0.7237045547874233,-0.7936943205990196,-0.7971441413638395,-0.34330473747987195,-0.4581263240423058,-0.6114556478364332,-0.6356892856597561,0.20710293556744572,-0.6732305003957796,-0.7775420956826793,-0.6311548006653638,-0.8770751808516659,-1.2510111517225193,-0.8672538784174562,-1.0368474459452661,-1.030888499093797,-0.9803273657945266,-0.4684971984882935,-0.5152428115665925,-0.9211599300729225,-0.8008931993384844,-0.5236470835265356,-0.5938681063759519,-0.6960689206855826,-0.8591637623171731,-0.21524152002475555,-0.48421782438113636,-0.8089290481496999,-0.8994348768648438,-0.34459870942715737,-0.4629844511980867,-0.20092561171844858,-0.12575350698820725,-0.752265270395772,-0.6963043641700666,-0.1063253659400359,0.35816345177194137,-0.7002856536575975,-0.8297875534299703,-0.15780091953378367,-0.34312495688374534,-0.5834316810652657,-0.6978204799894856,-0.5110179870826477,-0.21359220210307453,-0.33610116414364577,0.008951209044962638,-0.9547356976673421,-0.9524166174550193,-0.4482187718748102,-0.19465432239603303
0.1762580914038005,-0.4091656376055837,-1.2776236566191832,-0.4463264126208978,0.8561982551224768,0.9641135680417402,-1.0001114998635567,0.5546379296282787,0.5274970423517633,-0.10736968497754047,-0.3261358796542114,-0.11714840116551693,0.0157211051883368,-1.1911058258364084,-1.210659704518521,-1.2400827754230035,-1.1807420695040012,-1.1133144562513508,-1.020607769905675,-0.7810838103366406,-0.6716576947829066,-0.572044022203953,-0.5594939776104245,-0.48830479504386476,-0.481834458783631,-0.33062449691816975,-0.3265537532852365,-0.3398737335386185,-0.22396297164368936,-0.12139157689716733,-0.04275791162522699,-0.06903810735201443,-0.007007790404334458,-1.391930416946255,-1.3523601043672284,-1.311415994991706,-1.2860516235623944,-1.2560439021424161,-1.2292627426516685,-1.185072812616972,-1.1720632643261866,-1.1688637113934741,-1.1609398009922343,-0.3583277641823712,-0.48045164036546517,-0.19865283963980318,0.29290085994834275,0.3938144378147843,-0.10773730412539408,-0.08101942772400138,-0.6110107078284183,1.0986433723213174,0.27188304993728785,-0.6249129287962303,-0.7782206252341769,-0.033323800502917125,-0.1902192260749287,-0.12533428357286472,-0.45409795102218853,0.0707185325276825,-0.25969293497085033,-0.7675276016683031,-0.5097333889412388,-0.9517480503803688,-0.9322082826409973,-0.20033839486275754,-0.3551864349316139,-0.32412989099236866,-0.15146545784267357,-0.34330473747987195,-0.4581263240423058,-0.32132248160325017,-0.020754063739798538,-0.5997916185914338,-0.44806979792227475,-0.16288431253431632,-0.6311548006653638,0.3536376359540043,0.029263418753743168,1.328325560614078,0.637174666579886,-0.6250468577990588,-0.5677509668162363,0.214794872059149,-0.2529771174499812,-0.8569004302422337,-0.8008931993384844,0.38035586922476256,-0.0020712888613014114,-0.15948474199862386,-0.37985343466463584,0.23382524020889262,-0.15635133305239393,-0.8089290481496999,-0.8994348768648438,-0.34459870942715737,-0.4629844511980867,-0.1379641979406347,-0.3741554961007155,-0.3531855513529221,-0.5211334549448926,-0.6126366323211593,-0.8663269816364053,0.37377209735098776,-0.14542668462174735,-0.4610212613120707,-0.893225088160291,-0.3222423442705189,-0.31492858424765535,0.1340709930343071,0.19795346668897676,-0.17624329772574054,0.5204488687571113,-0.8858928400059547,-0.6005076007125999,2.120370178697167,0.8867585798041507
0.7373107620996631,0.8235005203898579,0.2837224191926301,0.6715857041502927,-1.0052483869694004,-0.5816750476523083,1.537448996369057,-0.9998442550403657,0.1210971592968739,0.41852264960633057,-1.6911521985627938,0.21014002678499083,0.33820531417986044,1.4610810258900697,1.619962640997357,1.7423929396154447,1.6736428594031882,1.600398748637149,1.5242746274318033,1.4983794158752552,1.4127254732806347,1.3409554113768334,1.2808724580052515,1.2609747897632346,1.2366043287099269,1.1979743723056373,1.1905830064140348,1.1854372675033178,1.221007054057852,1.2267822693695771,1.2940875608560212,1.320491535730917,1.33889950246683,1.3463873814014384,1.217168482491317,1.2386815751398765,1.261902446158847,1.2453212789582961,1.244211505867413,1.3326406831434128,1.183597326460913,1.2738868551598803,1.3211330671892512,-0.3583277641823712,-0.48045164036546517,0.488331043840784,1.470391754213037,0.2569035331858551,0.5476987665994362,0.14095160713627639,0.4838174379510926,-0.2245468126377557,0.18803322728893385,2.4781029935022922,2.719400162335157,-0.1353354346955209,0.35365275698419574,-0.24159386122355103,0.2003669451295242,0.47570101815258853,0.7483214431195367,0.357549504265885,0.6584309781716502,0.42410746155366624,1.1399412758830312,0.11587336816238722,0.4902374870905371,-0.42847754201606886,-0.043852343922479255,-0.34330473747987195,-0.4581263240423058,-0.17625589848665868,-0.6356892856597561,3.6139910531271595,0.45257301197174477,0.0420016151818047,0.4635310324669743,-0.8770751808516659,-0.5194256828789408,-0.5535996728415227,-0.19983638968269005,0.6736463943441036,0.2574018311403444,-0.29968386341186654,0.31526521980267647,-0.6641219307501677,-0.2660730328353228,-0.19982513030218996,0.30566305624631684,0.49634036528543674,1.537387875945513,-0.5018798776207012,-0.0415980610873341,1.1701022623082815,1.251679925801449,-0.34459870942715737,-0.4629844511980867,-0.2638870254962625,-0.06365300971008017,-0.02061911881721394,0.004379272730629412,-0.1063253659400359,0.35816345177194137,-0.7002856536575975,-0.48760711902585885,-0.33467945223778445,0.06945014157366391,-0.4528370126678923,-0.31492858424765535,-0.4680120550748507,-0.13128306834466427,-0.8156747633973614,-1.0140441103793345,0.5598071708831828,0.7568557495795891,-0.08127749322167055,0.5005396861612279
0.7373107620996631,0.5716654988639074,-0.16897215696326648,0.6715857041502927,-0.10028515784170074,-0.1110558902869722,1.611355632078474,-0.07066290714417205,0.1210971592968739,1.119712429051492,-1.4542284694394603,0.040929683082687573,1.1444158366586694,1.4587887295618704,1.432407307013457,1.4827935864238342,1.4372829259441013,1.4113161674715622,1.285736808144383,1.114967398563116,1.2214292826478663,1.2569188285715762,1.2616784522350266,1.2422718004917122,1.243000502856925,1.327957269348478,1.3454552612658073,1.332043854831904,1.2938461425468941,1.3619887373573676,1.3258028021154613,1.3119609990407763,1.3576056496922806,1.433347473646264,1.422949297739379,1.3920977283622034,1.3447197637777257,1.3410589859593671,1.4479601699688103,1.5192636511579967,1.5129013275326884,1.5504405153099332,1.5302637452401249,1.2018235983184287,1.3145109014731347,-0.19865283963980318,0.29290085994834275,0.33513833583095753,0.3428749944979267,0.2677921984850065,0.290612471048826,0.2213107496854102,0.29983299082007253,0.40942571196994393,1.8449949654428237,0.23870722401069291,0.5712015502078455,0.5851409131813294,0.12485176480432658,0.5984229834934691,0.43816317293787915,0.38005104638456877,0.3177163710970576,1.0661733671228826,0.8291188421044269,0.9915367119243266,0.7286903881737079,0.14543453861428224,0.2789869978381037,4.112567961373923,4.085275236707834,1.129343349562665,1.8240516020200743,1.0139974897263253,0.22741230949823987,1.6127937276720656,0.874038219891601,1.9689482080114464,0.5779525203864271,-0.3967725700535559,0.21866913844859798,0.5518939019556821,0.7616618743360326,-0.12283179809370497,-0.019852056012993446,0.042732567387407924,0.2687471336678387,0.3128929623030239,-0.07308690696305947,0.5857710617332632,0.7385373298579511,0.004514554132136111,0.15512183370991134,-0.43786067743882834,-0.09276682586498394,0.18966285557618737,0.3118849231920165,-0.32684843927407636,0.2468494766805552,1.0435934652970522,0.3547210911809774,-0.1063253659400359,0.35816345177194137,1.0898105980233779,1.5654754873988104,0.1959561458742179,0.02360846396728511,0.0695416609216013,0.8337471029778354,-0.38200019105925676,-0.4605196033783053,-0.6558168969794562,-0.502546450667186,0.37622621711948273,0.7065830329021006,-0.558301155470752,-0.19465432239603303
0.7373107620996631,0.8102460455727025,0.259896388868635,0.6715857041502927,-0.44524638874681394,-0.29149090318988763,0.33805555610628213,-0.4719779649350679,0.1210971592968739,0.7691175393289112,-0.5065335529461262,0.20123421922171175,0.8219316276671459,0.5441624946103885,0.45339506721097306,0.24459217709980355,0.31419687269264396,0.34942839164562756,0.17064435171644216,0.32056921200885513,0.3233309331187005,0.3068385729676956,0.36972171350104865,0.3951364040756955,0.2910365839786701,0.35568519946802934,0.35508794734526217,0.46947496089179663,0.48080442508812504,0.4330522126930523,0.4195157564290364,0.4522724681565888,0.45783996814811084,0.5452444039118768,0.5980049675856434,0.5607962469482002,0.561479387573651,0.5856014434418243,0.6476423241128981,0.7303574681872561,0.7734411921336632,0.802316632229243,0.7845587378475671,0.15652218544289273,0.1178692069140681,0.03034178818705923,0.29290085994834275,1.4108668722011155,1.4898881182663797,0.9971255987402049,1.0634323386578926,0.6959333160294255,1.0824313355380433,-0.6249129287962303,-0.7782206252341769,0.4767343704601017,0.24487836037237085,0.6368118365816345,0.7793166609560392,1.1138552379251678,1.0067866682709181,1.595134320793492,0.9504720699498724,1.1578970679184848,1.0363337979568297,0.7847828668694242,0.6203027058631757,0.04108688759058203,0.6018263395986866,0.4668539350389998,1.0563408628744078,-0.031189315370067156,-0.32822167469977737,-0.24117181674304292,0.22741230949823987,1.2030218722398238,1.0108739490331433,2.507385065363927,0.9437452548082164,0.23053584109831107,1.474185722842462,0.4910176557614714,0.5782945859012368,0.5845764631789414,0.9417888224145811,0.6853275656942949,1.694934244342936,0.6232223341430218,0.5897255286533492,1.3012166333158748,1.2178476575104884,0.13827912101024406,0.49938164960509085,-0.1904817636315807,-0.09276682586498394,-0.34459870942715737,-0.4629844511980867,1.4675518533936194,0.9920554440180801,-0.3531855513529221,0.004379272730629412,0.3999859004410875,1.582653885180288,0.7317913476871829,0.5389341841864758,0.32229795494850416,0.34450020721193675,0.7225150029084683,3.1310984774288166,1.1662133612214347,1.6795178743403614,-0.33610116414364577,0.5204488687571113,0.7433881246468828,0.6060375995471237,1.7167347721787136,1.7364401458185807
0.7373107620996631,2.188711426556852,2.7378035425640666,0.6715857041502927,-0.7118073399007651,-1.3052752540361647,2.3715310753127694,-0.8724234203392756,0.1210971592968739,0.7691175393289112,-0.47422577170203495,1.1274382058027408,0.8219316276671459,2.4204070392414363,2.7971716521728984,2.893088948987247,2.4911170241693297,2.390007607584639,2.33185447345307,2.232377079154316,2.0822621404953243,2.0307556952366532,1.9402430091706224,1.9331822276985413,1.787741334376285,1.8915631109262354,1.9007538066224916,1.8200630427887052,1.8184844420693203,1.8930875252806305,1.7467505497407572,1.7517575572880342,1.7298579794787459,1.678500925187527,1.6086983522110812,1.6801989928436658,1.7059442342430469,1.696158844654249,1.6068150606241371,1.630389145748499,1.6493393024013012,1.7311670713350438,1.694402165861727,-0.3583277641823712,-0.48045164036546517,0.25933641601392166,1.470391754213037,0.5111666417824379,2.3091832066724174,0.9019951552286573,2.5446704182419366,0.6527858099981514,2.4240284979117073,0.06464616504788588,0.9705897685504902,1.1568119317441268,2.257204697691131,0.24927991107934677,1.7861857319586742,0.46342882161850046,1.8855684337856145,0.6275680096900902,1.8752688605809096,0.8827259655316779,1.7615861434402393,0.7847828668694242,2.0510201123622007,0.3541298406616826,1.2475050231198526,-0.34330473747987195,-0.4581263240423058,0.6941436002128905,1.5165839910600956,-0.5997916185914338,-0.44806979792227475,0.5200687798527537,1.8318883238823969,0.507476738054713,0.9437452548082164,-0.3967725700535559,0.21866913844859798,0.20692850685515463,1.4034473838578174,0.4800729700363914,1.9471406498615904,0.2997705667101627,1.5166608555085488,0.3533707064560671,1.4182410731738597,-0.15948474199862386,1.8569280943805377,0.9981941937980809,2.417400623878234,-0.43786067743882834,-0.09276682586498394,0.3677500439106356,1.0867542975821196,0.46016923294859724,1.737261411355605,0.31194731371849427,1.7560883649823693,0.3999859004410875,1.582653885180288,0.2305643972165097,1.3943852701967545,0.9287386385050782,2.2698506666798464,-0.3222423442705189,0.06796331149417485,-0.03795273499688086,1.0210448042730793,-0.17624329772574054,0.008951209044962638,0.5598071708831828,1.5612192164194048,0.6159109362192947,1.8136839245471654
0.7373107620996631,1.0687083045072305,0.7245039801865291,0.6715857041502927,-0.36236609300987116,-0.9778880141298442,1.6168191602559174,-0.6569922539665859,0.1210971592968739,0.41852264960633057,0.36577654064432924,0.37489746670565477,0.49944741867562226,1.6226879170281134,1.7995368969393888,1.7088492029670905,1.8046193830397523,1.6881330662979812,1.4208124407529223,1.1504198796159508,1.2152183673675816,1.2814294985564427,1.209741730739124,1.328085515972815,1.363461782625394,1.392428786281727,1.3719465680167684,1.4736296686218402,1.408026335313501,1.504004164164687,1.5487705588484948,1.3299699098310735,1.3594762644148257,1.2964315837288791,1.3491959966991443,1.2877390659958532,1.1649885638388828,1.2566357352402409,1.2839252285312448,1.348758121290127,1.2930845902443677,1.302466868670828,1.261143390616889,-0.3583277641823712,-0.48045164036546517,-0.4276474674666656,-0.2958445871840044,1.0979276616207059,1.6537471359475873,2.2338213643903235,2.0294571731692255,1.5876484406757574,2.032729325552722,-0.6249129287962303,-0.7782206252341769,1.5648584685145417,1.6589455163260944,1.5022998035367439,1.6854988248584108,1.1997606136637842,1.6271032086342332,0.6500695518087739,0.9504720699498724,2.1668577766701107,1.9688010992926424,1.2712625022927238,1.617469383120072,0.3541298406616826,0.9246656813592695,-0.34330473747987195,-0.4581263240423058,2.7250757638451715,0.9016487691401379,1.8208920438852048,2.7041800367067936,2.5006327477752563,1.8318883238823969,-0.10787967034812201,0.39505615317553244,1.6419797661900115,2.311196779105038,0.7142305584735774,1.2659219175317207,1.2357136127594455,1.597453057706109,1.4564415636625592,1.694934244342936,1.2034033336699743,0.9684754918627254,0.9733040796738445,0.8983074390754635,1.4854794017111885,1.6305210446892522,0.6753444346937861,1.5205692761347356,-0.34459870942715737,-0.4629844511980867,-0.16944490482954164,0.3089499739586823,0.178920740704211,0.3547210911809774,-0.1063253659400359,0.35816345177194137,0.8749990478216609,1.2232950529946989,0.8782019148753637,1.3071754369458917,0.4613256661137215,0.8337471029778354,1.080201497205841,1.1856630717899,0.4631881679458804,1.03194652846926,1.7989786087881579,1.6617646497743817,0.2489696575661551,0.7322710223469816
-0.9887302566653154,-1.184552414409168,-1.3655725221782664,-0.11095277758954063,-1.0388485068627555,-0.8811599659757039,-0.6338758736986662,-0.9085146786009913,-0.8338109840513406,-0.4579645747001212,0.5788516236758101,-0.9927248077944266,-0.9517315217862341,-0.05068840255730477,-0.40856136131077925,-0.4423252125251887,-0.6372647702764191,-0.6927947957390862,-0.6369354943048243,-0.5184728395749015,-0.41576798523517744,-0.4494906722796196,-0.42852311470771387,-0.36508510101971686,-0.307005698765676,-0.22663817928389715,-0.15537915581748796,-0.1229763166689291,-0.07237892262595273,-0.07470157356325409,-0.06678460954904525,-0.06240324548190493,-0.03787293332632781,-0.06440134916620767,0.02983138920161347,0.025623619428455733,-1.2860516235623944,-1.2560439021424161,-1.2292627426516685,-1.185072812616972,-1.1720632643261866,-1.1688637113934741,-1.1609398009922343,2.1379144158189085,1.3145109014731347,-0.656642095293528,-0.8845900343163515,-1.2099990164098149,-1.213785673473545,-1.1908746020253902,-1.126223952901129,-0.9868194191902652,-1.1535639350847302,-0.6249129287962303,-0.7782206252341769,-0.8494168740437472,-0.842865605745878,-1.4816960228308718,-1.335108388149494,-1.217862103551564,-1.1384747004855469,-0.9475399386177733,-1.0938155724976832,-0.9517480503803688,-0.9322082826409973,-1.2097836383661043,-1.0922226746432329,-0.8980419716227198,-0.9047572552840337,2.0871712800767432,4.085275236707834,-0.6114556478364332,-0.6356892856597561,-0.6894465690535315,-0.6732305003957796,-0.7092467864439723,-0.4943190715238215,-0.1847992213984764,-1.0681147845116246,-0.7104267756294894,-1.0368474459452661,-1.1932251556116922,-1.1636946542293223,-1.3045251436286938,-1.1563367305183088,-0.9211599300729225,-0.8008931993384844,-0.5641248276795787,-1.1146493057888445,-0.6364484563870316,-0.8591637623171731,-1.22803038353043,-1.0743775087728726,-0.8089290481496999,-0.8994348768648438,-0.34459870942715737,-0.4629844511980867,-1.050904697718936,-0.9330599716038592,-0.8187785569029137,-0.8714752733952406,-0.6126366323211593,-0.8663269816364053,-0.9150972038593147,-1.0008777706320262,-1.269608839387503,-1.2141168314049426,-0.3222423442705189,-0.31492858424765535,-0.8980713751528207,-0.5428287371367155,-0.33610116414364577,-1.0140441103793345,-0.8858928400059547,-0.8518711841000424,-1.1454072013157754,-0.9670921096818785
0.7373107620996631,1.5326149231076656,1.558415041526337,0.6715857041502927,-0.7969276436305982,-0.471925916092803,1.6715537789063062,-0.8052449475043163,0.1210971592968739,0.7691175393289112,-0.24807130299339844,0.686600731420424,0.8219316276671459,1.5332883602283447,1.6306040783865143,1.7744782529312617,1.7850481783584267,1.8212472034385543,1.7972998422788509,1.663824327455151,1.5928420164088908,1.5405422955393193,1.5563628937661256,1.52391681540405,1.5670733263048418,1.4600198927440042,1.372965464430267,1.398318065542087,1.3450303668905454,1.338643735690411,1.1931754295759844,1.2086467213490713,1.1452908786834173,1.1632161232687213,1.2353791741061897,1.3439321918854263,1.262783481452665,1.2279144231399195,1.3150055332246782,1.4089864427857426,1.3351950763149272,1.3688733706521476,1.4227822413813094,-0.3583277641823712,-0.48045164036546517,0.03034178818705923,0.8816463070806899,0.804547151701572,1.6537471359475873,0.3312124941593716,1.5142439280965145,0.9692008542274949,1.8091297984904444,-0.2801333818741722,0.09618457165815668,1.2248196878725293,1.9308815078556565,0.9597551078335409,1.2827511964573568,0.8806835037774946,1.6271032086342332,0.7175741781648253,1.680574799395428,0.6534167135426721,1.347156231735434,1.4415303746908787,2.159407794672733,0.3019560151498325,1.1398919091996582,-0.34330473747987195,-0.4581263240423058,-0.031189315370067156,0.2867135472201803,1.3726172915747161,1.1280551193922594,1.3396124907172378,2.1055597821654812,1.1997526975079025,1.3095379892300056,-0.5535996728415227,-0.19983638968269005,1.3432851024804215,1.632656494401312,0.7775059889805722,1.5828827413662974,0.9423655650170496,2.2297544108460974,0.6502074969117172,0.9448036191621394,0.7944426867781916,-0.060313216229611,1.1510679845159186,1.892814237752246,0.05689715017566696,0.9827905754681625,0.9020116089139802,3.4113624207524293,0.46016923294859724,1.3646584276868425,1.5756997573541853,1.7560883649823693,-0.1063253659400359,0.35816345177194137,1.949056798830246,1.3943852701967545,0.8782019148753637,1.6739088577969221,0.3307309977163481,1.5995308944614957,0.6931481091356679,1.1856630717899,-0.01638543130783529,0.008951209044962638,1.2941309859379826,1.6114919330968933,0.2856637854314691,1.195733694718489
-1.5712244306998735,-1.5689321841066712,-1.5182371599214244,-2.0114033761005645,1.888841939844926,1.8216449180236371,-0.16861217969463557,2.4654625614218135,0.04698167910449281,-0.9838569092839923,1.2653594365836924,-0.5067774820589787,-1.2742157307777577,-0.7475464863298625,-0.31145824513471765,0.10312511384370111,0.17117653079064873,0.6080933626801501,0.8733250362438431,-2.2346355335028667,-2.0902307447999293,-1.9294682694610943,-1.8556538966820786,-1.794213516531932,-1.7088338659828153,-1.6470912781680607,-1.5940608916773746,-1.568959095800192,-1.5212861963539286,-1.4938831332336584,-1.4737880399678427,-1.4471937015147582,-1.406227602868033,-1.391930416946255,-1.3523601043672284,-1.311415994991706,-1.2860516235623944,-1.2560439021424161,-1.2292627426516685,-1.185072812616972,-1.1720632643261866,-1.1688637113934741,-1.1609398009922343,-0.18671111430728324,-0.12145913199774522,-0.656642095293528,-0.8845900343163515,-1.5816143289740514,-1.3776446911547526,-1.0323238628394775,-1.255027264169307,-1.3176169654300334,-1.3212635803814383,-0.6249129287962303,-0.7782206252341769,-0.951428508236351,-1.0060272006636153,-0.9262335962775927,-1.133734573948967,-0.8865127971311864,-1.009242087909856,-1.1275522755672434,-1.1424890877940534,-0.9517480503803688,-0.9322082826409973,-1.2462696110228517,-1.0922226746432329,-0.9502157971345698,-1.1199834831244224,-0.34330473747987195,-0.4581263240423058,-0.031189315370067156,-0.6356892856597561,-0.6894465690535315,-0.6732305003957796,-1.3921998788310423,-1.4521691755146173,-1.2616729361034378,-1.4339075189334138,3.6807321024335793,-0.19983638968269005,-0.8888439246406387,-1.0261691879032255,-1.1276730783105322,-1.3894617919552965,-0.6641219307501677,-0.8008931993384844,-1.3332019665873995,-1.2566805419923606,-0.4277768313421032,-1.0189338715346854,-1.3809041742482677,-1.3694573509687409,-0.8089290481496999,-0.8994348768648438,-0.34459870942715737,-0.4629844511980867,-1.3027503528301916,-1.1814619607163674,-0.752265270395772,-0.6963043641700666,-0.6126366323211593,-0.8663269816364053,-0.6286818035903585,-0.6586973362279146,-1.0927303066835021,-1.351641864224079,-0.5834316810652657,-0.6978204799894856,-1.2851247632229934,-1.283610940962408,-0.8156747633973614,-1.0140441103793345,-0.8858928400059547,-1.0026893341325078,-1.2187954570464032,-1.2760672245962168
0.7373107620996631,0.14752230471493827,-0.9314051273310917,0.6715857041502927,1.2817997737716424,1.1743110572997757,0.6328874039363229,1.5798324700523776,0.1210971592968739,0.7691175393289112,-0.926534709119308,-0.2440561589422444,0.8219316276671459,0.21521797151380279,0.07961457891681813,0.12791831049683247,-0.0019533567749244686,0.21177627255708045,0.3071569591399658,0.30481255376315075,0.31960438395052965,0.43172627241439737,0.5131122271962578,0.4908517021123104,0.5255629693686097,0.5106248127430955,0.3275777441808026,0.454412640275846,0.5831728737754277,0.5098961765134511,0.5607927402210877,0.547056209158153,0.6495779772089786,0.8875341287053385,0.9267079512340965,1.0415596573367707,1.0953867756272722,1.2026744822032736,1.2856519121253245,1.278350365175534,1.258553991666509,1.201596232749836,1.2019869039969207,-0.2959217096823393,-0.12145913199774522,0.25933641601392166,0.8816463070806899,0.6285188457500915,-0.06677254970509218,0.9971255987402049,0.290612471048826,0.8109933321128232,-0.11941612242169752,1.09898480581406,0.9705897685504902,1.6328662246429444,1.11507353326697,-0.538701670775305,-0.7058152187728473,1.8501870299704513,0.9809401457557799,0.8300818887582441,0.7557780087643909,0.5158311623492685,0.2074739745472183,1.2104525478648114,1.1405635809537302,0.7193466192446333,0.7094394535188809,-0.34330473747987195,-0.4581263240423058,0.2589438508631159,0.594181158180159,1.0139974897263253,0.6777337144452497,-0.5726561679665583,-0.4943190715238215,3.507339229018534,1.675330723651795,1.328325560614078,1.055680194711174,2.0940921388756872,1.4492892059665163,-0.6533879940481897,-0.6609459749647097,0.9423655650170496,0.8035673001710002,0.12399682292215564,-0.7595712152800541,0.4069096688376103,0.7385373298579511,0.10961528525064951,0.007581912611977261,1.9122390037300245,2.3272373271345956,-0.34459870942715737,-0.4629844511980867,-0.0750027841628208,-0.12575350698820725,3.038992060511301,0.7050629096313253,-0.1063253659400359,0.35816345177194137,2.4502837493009193,1.9076559218029219,-0.7389732412755005,-0.5723333449156394,4.509760386432297,5.0455579561379675,0.8651718371668559,0.3625717342057973,-0.01638543130783529,0.008951209044962638,2.395616708520183,1.4104010663869393,-0.594995283336066,-0.7353607734961249
-1.682005531283133,-1.3767422992579195,1.5086321976786419,-2.0114033761005645,0.18419585725537316,0.40606713638323894,-1.3502243191617302,0.6472983827227173,-0.3359483018894763,-1.334451799006573,0.1528428713065808,0.13889356627875785,-1.1129736262819958,-1.1876673813441094,-1.1494714395308658,-1.142368412143015,-0.9865354999739233,-0.8682634310607505,-0.7720111269133636,-2.2346355335028667,-2.0902307447999293,-1.9294682694610943,-1.8556538966820786,-1.794213516531932,-1.7088338659828153,-1.6470912781680607,-1.5940608916773746,-1.568959095800192,-1.5212861963539286,-1.4938831332336584,-1.4737880399678427,-1.4471937015147582,-1.406227602868033,-1.391930416946255,-1.3523601043672284,-1.311415994991706,-1.2860516235623944,-1.2560439021424161,-1.2292627426516685,-1.185072812616972,-1.1720632643261866,-1.1688637113934741,-1.1609398009922343,-0.3583277641823712,-0.48045164036546517,-0.656642095293528,-0.8845900343163515,-1.3664686217000197,-1.0089619013720357,-1.3494253412113029,-1.255027264169307,-1.4614419855342804,-1.2933136394986537,-0.6249129287962303,-0.7782206252341769,-0.7474052398511435,-0.5165424159104034,-1.4171073685804905,-1.2595932078242964,-1.2792230862220042,-1.190167745515823,-1.2400599861606623,-1.1424890877940534,-0.9517480503803688,-0.9322082826409973,-1.428699474306589,-1.200610356953765,-1.1589110991819702,-1.1199834831244224,-0.34330473747987195,-0.4581263240423058,-0.6114556478364332,-0.6356892856597561,-0.6894465690535315,-0.6732305003957796,-0.7775420956826793,-0.767990529806906,-1.2616729361034378,-1.4339075189334138,-0.7104267756294894,-0.6183419178139781,-1.1932251556116922,-1.1178528321206234,-1.4733384787051207,-1.3166102102562378,-0.9854194299036112,-0.9791665881728715,-1.360187129356095,-1.2566805419923606,-0.6960689206855826,-0.8591637623171731,-1.3904587861681326,-1.2219174298708069,-0.685239591246076,-0.6305455265315572,-0.34459870942715737,-0.4629844511980867,-0.8620204563854944,-0.8709594743257322,-0.6192386973814887,-0.3459625457197186,-0.6126366323211593,-0.8663269816364053,-0.9867010539265537,-1.0008777706320262,-0.9663884976092157,-1.0307501209794274,-0.5834316810652657,-0.6978204799894856,-1.4571484912541814,-1.3659200747208182,-0.6558168969794562,-0.502546450667186,-1.092421412990117,-1.0026893341325078,-0.8518541783932637,-0.5808732160389558
0.7373107620996631,1.3337978008503364,1.201024586666419,0.6715857041502927,-0.6356470681424933,-0.8532576443927788,0.0260384287362828,-0.7466614509257765,0.1210971592968739,0.593820094467621,-1.443459209024763,0.5530136179712372,0.6606895231713841,0.38484789980054385,0.1793780544401691,-0.013548752759269964,-0.09077651648247942,-0.08470521471055943,-0.25901111796391135,-0.054964476180431876,0.1767533325039818,0.22046764064007013,0.13600646676948736,0.2499131932615212,0.2004241168961934,0.28393464030038124,0.30414312667033705,0.22144874808247586,0.27803615172673707,0.2453194909546095,0.29938226680994506,0.3157838811143363,0.2707784958936057,0.42775576864493187,0.4331982084710449,0.4189755006554679,0.47689999936713684,0.4132735708398963,0.3860497596098329,0.4266710020544334,0.43234625496213114,0.38118172725910177,0.4171219688418487,0.06291310369284474,0.47686171528178806,-0.656642095293528,-0.8845900343163515,0.022199125250547905,0.09708646797611538,-0.2712803147470966,-0.35340408529206274,-0.2533118166586051,-0.03556629977334352,-0.2801333818741722,0.09618457165815668,-0.6793974837227409,-0.5165424159104034,-0.47411301652492366,0.0996800380292607,-0.7392464387221296,-0.6215442501827841,-0.5875152647188331,-0.46105987364486833,-0.5848532471979594,-0.8286008047147959,-0.6138460849725622,-0.506929190166359,-0.32412989099236866,-0.3666916856830622,0.06177459877956396,1.0563408628744078,-0.6114556478364332,-0.6356892856597561,-0.4204817176672384,-0.22290909544876988,0.0420016151818047,0.1898595741838898,0.6613158401554219,1.4924343564409004,-0.08311836447762241,0.21866913844859798,-0.5438785295401111,-0.20101638994664486,-0.11479306785197035,0.4755386995406055,-0.21430543193534685,-0.2660730328353228,0.029548753231721504,0.6133974013539352,0.3472892045390593,0.8983074390754635,-0.20568690810489068,0.38462837764003105,-0.5615501343424522,-0.36165617619827056,-0.34459870942715737,-0.4629844511980867,-0.1379641979406347,0.06054798484617399,-0.4196988378600638,-0.3459625457197186,-0.1063253659400359,0.35816345177194137,-0.6286818035903585,-0.3165169018238031,-0.688436517645786,-0.20559992406460892,-0.3222423442705189,-0.31492858424765535,-0.2099764630280688,0.28026260044738704,-0.01638543130783529,1.03194652846926,-0.7252595054627172,-0.7010530340675769,-0.11797162108698452,0.26880834997547426
0.7373107620996631,1.7977044194507714,2.034935648006228,0.6715857041502927,-0.6961272839505327,-1.0467137407010592,1.6968350138364765,-0.6946610310328913,0.1210971592968739,1.119712429051492,-0.18345574050521649,0.8647168826860069,0.9831737321629077,1.6994798440227867,1.839442287148729,1.754060326275742,1.8347289287033304,1.698721690843254,1.5501401741015237,1.5968585299109075,1.4176942055048625,1.266256226661049,1.2718399847016162,1.396296418021897,1.2067555160239345,1.286362742294769,1.3943622891137355,1.3461020207401246,1.3548734869566323,1.2977899827732369,1.4632355142397018,1.4645628220532947,1.4754543772126187,1.3741406023306382,1.312774613469399,1.4652379874565684,1.3914146343500722,1.4881469176246491,1.4695437148948058,1.41916587740472,1.3284573985436376,1.3579457184273735,1.2861390891887066,0.5153569988180767,3.588130121135361,0.03034178818705923,0.8816463070806899,0.6089601450888159,1.6127823815272853,0.045821163624728774,0.9346290273897147,0.9548183522170702,1.78117985760766,-0.2801333818741722,0.09618457165815668,1.0207964194873218,1.5501711197142696,0.31386856532972807,1.1065491090318957,0.4143400354821482,1.1618658033617468,0.5600633833340389,1.2425131617280947,0.14893635916685924,0.10386649662101688,0.5537050400433569,1.1839186538779432,0.6149989682209331,1.1398919091996582,0.06177459877956396,-0.4581263240423058,0.9842767664460734,0.9016487691401379,0.11744798510534799,0.9028944169187545,0.9981359445237027,1.4213811364577702,1.8151091059107376,3.138501661338952,0.5441900466742445,1.055680194711174,0.26780475304936535,1.2200800954230218,0.82573837043098,1.655734323065356,0.9423655650170496,0.9818406890053873,0.7716407293708468,1.7733191636826502,-0.21910520629717484,0.5787672206404386,0.8548750150001081,1.4993744481577551,0.5516549777901623,0.713901225134876,-0.1665115210927091,0.3118849231920165,0.3657271122818764,0.9920554440180801,0.0458941676899277,-0.3459625457197186,-0.1063253659400359,0.35816345177194137,0.01575284701479263,0.7100244013885315,0.3475663167633614,1.215492081733134,0.3307309977163481,0.06796331149417485,0.9511837011824499,1.597208740581951,-0.01638543130783529,0.5204488687571113,0.3303309786785577,0.957946616289543,0.359052041162097,1.350221252175658
-1.9071413163394344,-1.6683407452353358,0.9468802632104779,-2.0114033761005645,0.0027552098312551656,0.2553945998354436,-1.2990658280456686,0.4715430692730739,-1.1141608439094777,-2.5615339130356056,-0.03627584817102438,-0.840745265681946,-2.2416683577523284,-1.094829380052042,-1.1095660493215254,-1.0811146321764553,-0.9052397266822629,-0.8697760917100753,-0.7720111269133636,-2.2346355335028667,-2.0902307447999293,-1.9294682694610943,-1.8556538966820786,-1.794213516531932,-1.7088338659828153,-1.6470912781680607,-1.5940608916773746,-1.568959095800192,-1.5212861963539286,-1.4938831332336584,-1.4737880399678427,-1.4471937015147582,-1.406227602868033,-1.391930416946255,-1.3523601043672284,-1.311415994991706,-1.2860516235623944,-1.2560439021424161,-1.2292627426516685,-1.185072812616972,-1.1720632643261866,-1.1688637113934741,-1.1609398009922343,-0.3583277641823712,-0.48045164036546517,-0.656642095293528,-0.8845900343163515,-1.503379526328949,-1.4595741999953564,-1.0957441585138425,-0.9974206416329514,-1.6915620177010757,-1.4610132847953616,-0.6249129287962303,-0.7782206252341769,-1.2574634108141622,-1.1148015972754401,-1.4816960228308718,-1.36028011492456,-1.3651284619606208,-1.2418607905460992,-1.2625615282793459,-1.1911626030904239,-0.9517480503803688,-0.9322082826409973,-1.4043754925354242,-1.2439654298779779,-1.1589110991819702,-1.1199834831244224,-0.34330473747987195,-0.4581263240423058,-0.6114556478364332,-0.6356892856597561,-0.6894465690535315,-0.6732305003957796,-1.3239045695923353,-1.315333446373075,-1.2616729361034378,-1.4339075189334138,-0.7104267756294894,-0.6183419178139781,-1.2135172376764292,-1.1636946542293223,-1.6421518137815478,-1.520594639013602,-0.9854194299036112,-0.9791665881728715,-1.6705165011960927,-1.4460555235970487,-0.725879152834858,-1.0189338715346854,-1.7248702033634025,-1.5497839211995492,-0.8089290481496999,-0.8994348768648438,-0.34459870942715737,-0.4629844511980867,-1.5231153010525402,-1.3677634525507487,-0.8187785569029137,-0.8714752733952406,-0.6126366323211593,-0.8663269816364053,-0.9867010539265537,-1.0008777706320262,-1.6233659047955045,-1.4891668970432155,-0.5834316810652657,-0.6978204799894856,-1.5861662872775724,-1.4482292084792283,-0.8156747633973614,-1.0140441103793345,-1.1153690322105796,-1.0529620508099962,-1.475654352103601,-1.430554782053386
-1.9786129941350858,-1.774376543772578,-0.08558105082928578,-2.3467770111319215,0.08563550556819795,0.32422032640665877,-1.4594948827105998,0.8636031714846253,-0.8671092432682074,-2.912128802758186,1.1842403321612995,-0.7739517089573525,-2.725394671239614,-1.137236862123727,-0.9685670039151894,-0.6537965957430738,-2.573308556444481,-2.6305130875240184,-2.494943930079731,-2.2346355335028667,-2.0902307447999293,-1.9294682694610943,-1.8556538966820786,-1.794213516531932,-1.7088338659828153,-1.6470912781680607,-1.5940608916773746,-1.568959095800192,-1.5212861963539286,-1.4938831332336584,-1.4737880399678427,-1.4471937015147582,-1.406227602868033,-1.391930416946255,-1.3523601043672284,-1.311415994991706,-1.2860516235623944,-1.2560439021424161,-1.2292627426516685,-1.185072812616972,-1.1720632643261866,-1.1688637113934741,-1.1609398009922343,-0.3583277641823712,-0.48045164036546517,-0.656642095293528,-0.8845900343163515,-1.5424969276515001,-1.4595741999953564,-1.3177151933741202,-1.255027264169307,-1.720327021721925,-1.6566628709748543,-0.6249129287962303,-0.7782206252341769,-1.2914672888783636,-1.1691887955813527,-1.6625442547319393,-1.561653929125087,-1.3774006584947087,-1.2677073130612375,-1.2625615282793459,-1.1911626030904239,-0.9517480503803688,-0.9322082826409973,-1.4530234560777542,-1.2873205028021908,-1.1589110991819702,-1.1199834831244224,-0.34330473747987195,-0.4581263240423058,-0.6114556478364332,-0.6356892856597561,-0.6894465690535315,-0.6732305003957796,-1.3921998788310423,-1.4521691755146173,-1.2616729361034378,-1.4339075189334138,-0.8672538784174562,-1.0368474459452661,-1.2135172376764292,-1.1636946542293223,-1.7546940371658324,-1.6517274860719078,-0.8569004302422337,-0.9791665881728715,-1.7379794081178315,-1.5880867598005648,-0.725879152834858,-1.0189338715346854,-1.7057609795236728,-1.6153572194652976,-0.8089290481496999,-0.8994348768648438,-0.34459870942715737,-0.4629844511980867,-1.4286731803858193,-1.4919644471070028,-0.8187785569029137,-0.8714752733952406,-0.6126366323211593,-0.8663269816364053,-0.9867010539265537,-1.0008777706320262,-1.673902628425219,-1.626691929862352,-0.5834316810652657,-0.6978204799894856,-1.6291722192853695,-1.5305383422376386,-0.8156747633973614,-1.0140441103793345,-1.1153690322105796,-1.0529620508099962,-1.475654352103601,-1.430554782053386
-1.2924848872968335,-1.3436061122150313,-1.1618603516717971,-1.2288648943607312,-0.7924476276448175,-0.40496034429378286,-0.1335768276756448,-0.8107166064182043,-0.5326393839384875,-0.8085594644227019,-0.6873828571515543,-0.7568251559510464,-1.5966999397692814,0.11321078490893825,0.16873661705101167,0.1775047038030952,-0.05916149353572257,-0.0907558573078582,-0.2719438912987715,0.01200132136381161,0.04756629467406031,0.04772577598481913,0.1066509285326729,0.18500281873094332,0.21534852323918957,0.326569030530433,-1.5940608916773746,-1.568959095800192,-1.5212861963539286,-1.4938831332336584,-1.4737880399678427,-1.4471937015147582,-1.406227602868033,-1.391930416946255,-1.3523601043672284,-1.311415994991706,-1.2860516235623944,-1.2560439021424161,-1.2292627426516685,-1.185072812616972,-1.1720632643261866,-1.1688637113934741,-1.1609398009922343,-0.23351565518230724,-0.48045164036546517,-0.4276474674666656,-0.8845900343163515,-1.3273512203774684,-1.3776446911547526,-1.000613715002295,-1.190625608535218,-1.331999467440458,-1.3212635803814383,-0.6249129287962303,-0.7782206252341769,-1.087444020493156,-1.0060272006636153,-0.9262335962775927,-1.0078759400736377,-0.8742406005970983,-1.1126281779704086,-0.7000229753122519,-0.9964685419049424,-0.768300648789164,-0.9322082826409973,-0.9422198388832895,-1.157255284029552,-1.1067372736701202,-1.1199834831244224,-0.34330473747987195,-0.4581263240423058,-0.6114556478364332,-0.6356892856597561,-0.6894465690535315,-0.6732305003957796,-0.7092467864439723,-0.9048262589484483,-1.0309142829523747,-1.2510111517225193,-0.8672538784174562,-1.0368474459452661,-0.807675596381691,-0.9344855436858277,-1.1839441900026746,-1.2728992612368026,-0.9854194299036112,-0.9791665881728715,-1.0903355016691403,-1.2330086692917746,-0.24891543844645034,-0.6993936530996606,-1.419122621927727,-1.3694573509687409,-0.685239591246076,-0.8994348768648438,-0.34459870942715737,-0.4629844511980867,-1.4916345941636333,-1.4298639498288759,-0.8187785569029137,-0.8714752733952406,-0.6126366323211593,-0.8663269816364053,-0.9867010539265537,-1.0008777706320262,-1.0421935830537876,-1.3974835418304579,-0.5834316810652657,-0.6978204799894856,-1.5001544232619786,-1.3659200747208182,0.14347243511006993,-1.0140441103793345,-0.7252595054627172,-0.9021439007775308,-0.7784659226626358,-1.0443358884104632
0.7373107620996631,0.6445651103582615,-0.03792899018129668,0.6715857041502927,0.3006762728856711,0.08426036079350323,1.0100695219318307,0.36274490379083607,0.1210971592968739,0.7691175393289112,-0.8726884070458234,0.08991162468072283,0.6606895231713841,0.8261149429788904,0.6595729166258985,0.6646180968704994,0.7522907620977032,0.8289418174815554,0.7353754540053349,0.7538773137657248,0.7220716941129774,0.756200856023585,0.6813420424764638,0.7592946069506326,0.7206462808520595,0.8964140511662467,0.8879707716049794,0.8872033193074947,0.8489371155597711,0.8756345359624381,0.920232141161409,0.9754787184852233,0.9713237094867274,1.078106245752509,1.1343098356436458,1.197651673696696,1.2301851755814044,1.2844867045496433,1.2381681132881344,1.0942722558156945,1.1229582265193072,1.1948715236884366,1.157827836520043,-0.3427262505573632,-0.48045164036546517,8.503143017780967,2.059137201345384,0.002640424589272306,0.3428749944979267,0.20437190281064146,0.4194157823170037,-0.10948679655435804,0.1321333455233645,-0.2801333818741722,0.09618457165815668,2.652982566568982,2.5291406892206933,0.6497295674317107,0.42691248610511706,1.9115480126408915,1.420331028513128,0.13253408307904738,0.3177163710970576,0.5616930127470697,0.8291188421044269,1.2104525478648114,1.5524367737337526,0.19760836412613234,0.17137388391790936,-0.34330473747987195,-0.4581263240423058,0.9842767664460734,2.131519212980053,4.77950540913443,6.3067512762828715,1.2713171814785307,1.1477096781746856,0.507476738054713,0.5779525203864271,2.7397694857057786,2.311196779105038,1.0794880356388419,1.4034473838578174,0.06205899746619124,0.18413237274437083,0.1712515670487853,0.2687471336678387,0.19145972984389428,-0.09675877966364549,-0.07005404555079743,0.25922700220541384,0.3866990309267303,0.6469215707030249,3.272823029669887,3.6716840788010288,-0.34459870942715737,-0.4629844511980867,0.46016923294859724,0.929954946739953,1.642213043861327,2.1064301834327175,-0.1063253659400359,0.35816345177194137,-0.27066255325416344,0.36784396698441996,-0.0819958340892119,0.20697517439280033,3.7261923760480564,5.0455579561379675,0.7361540411434649,0.03333519917215625,-0.6558168969794562,-0.502546450667186,1.9825595625518577,1.2595829163544738,0.2856637854314691,0.19156457124688972
0.7373107620996631,1.2343892397216716,1.0223293592364606,0.6715857041502927,-0.9313281232040189,-0.9016216684698489,2.173055997157641,-0.9623037239428549,0.1210971592968739,0.7691175393289112,-0.06499387594354984,0.48622006124664396,0.8219316276671459,2.1120931830986436,2.3648632582383775,2.2207557926876262,2.263789954409316,2.16159584953661,2.129241024540261,2.090567154942977,1.9518329196093458,1.9432175881478435,1.795723436312459,1.721948466514288,1.7941375085232834,1.6669526648362067,1.5502534403790065,1.6644190630905484,1.6078416726550628,1.654773966597115,1.7448284139068517,1.6721392148467202,1.7261167500336556,1.7525095143320593,1.6651514962171865,1.7051737154612538,1.638104516619072,1.5777922250892884,1.4833571836474428,1.5328362306499663,1.515427956696922,1.6302964354140517,1.6510762883372432,-0.3583277641823712,-0.48045164036546517,0.488331043840784,1.470391754213037,0.4329318391373355,0.5886635210197381,0.7434444160427446,1.9006538619010478,0.5664907979356032,0.8029319267101965,0.06464616504788588,0.9705897685504902,2.2789399078627683,3.073012672279818,1.011426031233846,1.433781557107752,0.6720561626979975,1.2652518934222994,0.8975865151142953,1.3885337076172057,2.0751340758745083,1.657978665514038,1.4536923655764613,2.029342575900094,0.7193466192446333,1.2475050231198526,-0.34330473747987195,-0.4581263240423058,3.0152089300783547,3.6688572677799476,0.4760677869537389,0.9028944169187545,0.9298406352849957,1.284545407316228,1.4305113506589657,1.675330723651795,0.07370873831034433,-0.6183419178139781,0.572185984020419,1.4034473838578174,0.6247701143876145,1.0583513531330748,0.7495870655249836,1.3383874666741618,-0.17283996753349448,0.471366165150419,0.2578585080912329,1.0580775482929758,1.3612694467529454,1.9256008868851204,1.4174811761155293,2.596126677467882,0.011575667241739127,0.3118849231920165,0.39720781917078335,1.0541559412962072,2.1743193359184603,2.456772001883065,-0.1063253659400359,0.35816345177194137,0.8033951977544219,1.5654754873988104,0.9540070003199355,1.490542147371407,0.5919203345110949,1.982422790203326,-0.03795273499688086,0.5271900017226178,-0.6558168969794562,-0.502546450667186,1.0876024129538202,1.6617646497743817,-0.08127749322167055,0.4232959074326434
0.7373107620996631,2.009776016525256,2.416152133190141,0.6715857041502927,-0.1383652937208366,-0.04781062803234207,1.4567874530948,-0.20956393679899232,0.1210971592968739,1.119712429051492,-1.5188440319276422,1.007209803698473,1.1444158366586694,1.1917362073266633,1.2687952071551616,1.3923713398065316,1.3048009250243584,1.3311451530573535,1.2526863873997405,1.318490900903464,1.1928590723585568,1.182219643855792,1.1352238259841336,1.0816461279245193,1.1001526135739619,1.0783901070262238,1.2058664526165124,1.2286159199357096,1.254473662282547,1.3298893600653023,1.3036982400255483,1.307221811990698,1.2790398313453883,1.1252867213321485,1.1962261871342132,1.275251704687059,1.3191697402570077,1.2888384185042374,1.3892529277701027,1.4709113367178546,1.4185738387346352,1.2957421596094285,1.364458944713735,0.0005070491928127422,0.5965258847376947,0.03034178818705923,0.8816463070806899,-0.1538291807009325,0.21998073123702105,0.2677921984850065,0.9990306830238036,-0.2245468126377557,-0.06351624065612818,1.4437643527361181,1.8449949654428237,1.054800297551523,1.11507353326697,-0.07366336017255969,0.6031145735305782,0.0707185325276825,0.7741679656346748,0.15503562519773115,0.7557780087643909,0.4699693119514674,1.5543711875878368,0.8577548121829192,1.574114310195859,0.4584774916853828,1.2475050231198526,0.4668539350389998,2.570808049791121,0.6941436002128905,1.8240516020200743,1.9105469943473026,2.929340739180298,0.1102969244205117,1.1477096781746856,2.430465514313573,1.8582270908626894,0.23053584109831107,0.21866913844859798,0.5316018198909452,1.586814672292613,-0.25145148196145883,0.14042142372493563,1.1351440645091158,2.2297544108460974,-0.6046025718326219,-0.2151181431665756,0.5857710617332632,1.6971579851630254,0.07139683757119009,0.45020167590577953,0.5516549777901623,1.251679925801449,0.9020116089139802,1.8616236719722228,-0.1379641979406347,0.4952514657930635,2.0412927629041766,1.9312592742075434,-0.1063253659400359,0.35816345177194137,-0.27066255325416344,0.7100244013885315,-0.486289623126928,-0.0680748912454725,-0.061053007475772095,0.8337471029778354,-1.1561069671996025,-0.7897561384119464,0.7829039007816909,0.5204488687571113,0.6974928862059577,1.4606737830644279,-0.4115246440094962,-0.11741054366744849
0.7373107620996631,1.0687083045072305,0.7245039801865291,0.6715857041502927,-1.119488794606808,-0.9946294070795991,0.8423888753222927,-1.1550223245357023,0.1210971592968739,0.7691175393289112,-0.0003783134553679061,0.37489746670565477,0.8219316276671459,0.9602142781785438,1.1331168804434042,1.051100279992841,0.9329480360791708,0.8198658535856072,0.8330897414242782,0.8234692210175856,0.8860398575124933,0.8262313416946327,0.8021513729125848,0.8154035747651999,0.8261831542775324,0.7643514277707206,0.8064590585250991,0.77674630145719,0.7760980270707288,0.738482651169068,0.791449040289743,0.9138692868342065,0.8964991205849254,0.8181510763823395,0.8720758763894783,0.883683732218446,0.831957222775733,0.8110202262898009,0.8332608104764592,0.8177309486668113,0.7978652740545877,0.8367807661689153,0.7720608885616583,-0.3583277641823712,-0.48045164036546517,0.488331043840784,0.8816463070806899,-0.0951530787171057,0.21998073123702105,0.7751545638799271,1.0634323386578926,0.7246983200502749,0.7470320449446273,1.09898480581406,1.8449949654428237,0.8167731511021142,1.11507353326697,1.3343693024857524,1.5344684642080155,0.5247898042889407,0.5415492629984316,0.7850788045208765,1.1451661311353538,0.01135080797345573,0.31108145247341973,1.0401846754666566,0.9888208257189851,1.4497801764105347,1.5703443648804354,-0.34330473747987195,-0.4581263240423058,0.2589438508631159,0.2867135472201803,-0.5997916185914338,-0.44806979792227475,-0.0945890032956093,1.1477096781746856,0.5843962891050675,0.9437452548082164,0.3873629438862778,-0.6183419178139781,1.059195953574105,1.2659219175317207,0.9623967845404684,1.3060467309098744,-0.02152693244328077,0.4470205225022259,0.4748039389151967,0.8264442556592093,-0.01043358125224646,0.09945689298790142,0.864429626919973,1.2206879305283242,1.0464128054046578,0.9827905754681625,-0.1665115210927091,0.3118849231920165,-0.0750027841628208,0.43315096851493645,-0.08713240532435558,0.3547210911809774,-0.1063253659400359,0.35816345177194137,0.7317913476871829,0.5389341841864758,1.5604476838765096,1.8114338906160585,0.0695416609216013,0.4508552072360051,-0.38200019105925676,0.1156443329305665,-0.6558168969794562,-0.502546450667186,0.9958119360719702,1.159037482999497,-0.08127749322167055,0.11432079251830517
-1.4961791690144397,-1.3833695366664973,-0.3646859774817928,-0.33453520094377875,1.2616397018356293,1.300801581809036,-0.5446022551787005,0.8577475656369965,-1.2376866442301127,-0.8085594644227019,2.4334745402661495,-1.1238227203718896,-0.6292473127947105,-0.9458301187190936,-0.8807751454546405,-0.7223424923723193,-0.7832960667447723,-0.5596806585985131,-0.5176665846611141,-0.49352479735253624,-0.42570544968363294,-0.45882807036909257,-0.41384534558930663,-0.20775995597102806,-0.1780161868012092,-0.03010403895512196,0.015795441650260603,0.0678130777997792,0.11857760665613104,0.19376594560674698,0.25805634638097763,0.2257393271628503,0.3212850934023221,0.3574476089576262,-1.3523601043672284,-1.311415994991706,-1.2860516235623944,-1.2560439021424161,-1.2292627426516685,-1.185072812616972,-1.1720632643261866,-1.1688637113934741,-1.1609398009922343,-0.3583277641823712,-0.48045164036546517,-0.4276474674666656,-0.2958445871840044,-1.3273512203774684,-1.213785673473545,-0.8737731236535647,-0.9330189859988626,-0.7710818890338945,-1.0417641715535917,-0.6249129287962303,-0.7782206252341769,-1.0194362643647534,-0.7884784074399656,-0.8228917494769826,-1.0330476668487036,-1.0583235486084193,-1.1384747004855469,-0.9250383964990895,-0.9477950266085721,-0.8600243495847664,-0.7249933267885945,-1.1003257203958619,-1.0271900652569135,-1.05456344815827,-0.9047572552840337,-0.34330473747987195,-0.4581263240423058,-0.4663890647198417,-0.32822167469977737,-0.6894465690535315,-0.6732305003957796,-1.1190186418762142,-0.9048262589484483,-0.9539947319020203,-1.0681147845116246,-0.3967725700535559,-0.19983638968269005,-0.9091360067053755,-0.8886437215771287,-0.838278789608086,-1.08348514881925,-0.9854194299036112,-0.9791665881728715,-1.1443058272065312,-1.1856649238906025,-0.725879152834858,-1.0189338715346854,-1.3235765027290787,-1.1891307807379325,-0.685239591246076,-0.6305455265315572,-0.34459870942715737,-0.4629844511980867,-1.4601538872747264,-1.1814619607163674,-0.8187785569029137,-0.8714752733952406,-0.6126366323211593,-0.8663269816364053,-0.9150972038593147,-0.8297875534299703,-0.9158517739795012,-1.1682751537985638,-0.5834316810652657,-0.6978204799894856,-0.4680120550748507,-0.9543744059287669,-0.8156747633973614,-1.0140441103793345,-0.8858928400059547,-0.9524166174550193,-1.2921837127770313,-1.2760672245962168
0.7373107620996631,1.1416079160015846,0.8555471469684983,0.6715857041502927,-0.93804814718269,-1.4931508860278602,-0.40031544285621595,-1.0341493811390527,0.1210971592968739,0.41852264960633057,0.30116097815614734,0.42387940830369003,0.49944741867562226,0.32410204710326496,0.1846987731347478,-0.11126311603925824,-0.12088606214605736,-0.21479403055248306,-0.3049943120434141,-0.287375185304571,-0.2542841879477755,-0.18220765196845418,-0.19142069048728935,-0.09444184450239207,-0.132176938747721,-0.055060755187347384,-0.05450841088113612,-0.00046944232586376797,0.037864022114219346,-0.035793237451659736,-0.1311761599848782,-0.041550822461560805,-0.00046063887542677846,0.08176561439424354,-0.012053201512593861,0.08360065407642805,0.07602894068001201,0.026841371671936592,0.023446204853108908,0.078025366354461,0.11483318999011236,0.165991037294319,0.08634555774146278,-0.2959217096823393,-0.24112330145365188,-0.656642095293528,-0.8845900343163515,0.23734483252457952,0.4248045033385305,0.014111015787546238,0.4194157823170037,0.7103158180398502,1.194231099069182,-0.6249129287962303,-0.7782206252341769,-0.6113897275943384,-0.35338082099266604,1.2310274556851424,1.5596401909830813,0.046174139459506366,0.12800490275622162,0.020026372485628562,0.07434879461520573,0.14893635916685924,-0.10334845923138597,0.2496552679037946,0.10004183077262124,0.19760836412613234,-0.043852343922479255,-0.34330473747987195,-0.4581263240423058,-0.17625589848665868,-0.32822167469977737,0.4760677869537389,0.0022516070247350006,0.6566593983301677,1.5582168655993123,0.04595943175258676,0.7608488875973217,-0.08311836447762241,-0.19983638968269005,-0.09745272411589906,-0.017649101511849157,1.1874812313090377,1.5246014760070503,-0.792640930411545,-0.6226198105040971,0.8660887990612809,1.1341786007668275,-0.3383461348942768,-0.22008332544712342,1.5810255209098372,1.581341070989941,-0.06679230672795687,-0.6305455265315572,-0.34459870942715737,-0.4629844511980867,0.6805341811709459,1.2404574331305884,-0.2866722648457805,-0.3459625457197186,-0.1063253659400359,0.35816345177194137,0.4453759474182268,0.19675374978236418,1.408837512987366,1.8572755682224373,-0.4528370126678923,-0.31492858424765535,1.3812430212604199,1.7618270080987717,-0.33610116414364577,0.5204488687571113,-0.03683092884884224,0.15358314944972729,0.028804890374271336,0.8867585798041507
0.7373107620996631,2.08267562801961,2.54719529997211,0.6715857041502927,-0.7118073399007651,-0.6225984526405983,2.517009930146696,-0.7457518736873918,0.1210971592968739,0.7691175393289112,0.010390946959328844,1.0561917452965082,0.8219316276671459,2.0983394051294484,2.238496189242133,2.408892402584917,2.4760622513375408,2.612368723035369,2.432442710501982,2.3676217290966117,2.200269530820733,2.0167495981024435,2.143473658502415,2.093807900265734,2.1118141578242016,2.1473694523065463,1.9578120057784079,1.9465865359626908,2.006488035331578,2.0603933705604867,1.9677961706398852,1.9877690723819292,1.861736317418172,1.795989560454472,1.7361731935151903,1.8148841041028014,1.809906398913554,1.8267102632920735,1.8140170919136938,1.7423629265572491,1.8236767147334174,1.8799512593185068,1.7660565017676038,-0.3583277641823712,-0.48045164036546517,1.1753149273213714,2.059137201345384,0.6285188457500915,2.14532418899121,0.7751545638799271,2.0294571731692255,0.3939007738105067,1.8370797393732292,-0.2801333818741722,0.09618457165815668,1.3608352001293342,2.148430301079306,1.1276856088845324,2.5413375352106504,0.8806835037774946,2.2991127940278244,1.2801127311319194,2.6053715900264653,1.0661733671228826,2.383231010997448,1.1982905569792288,2.3761831592937974,1.4497801764105347,2.8617017319227673,-0.34330473747987195,-0.4581263240423058,0.8392101833294819,1.5165839910600956,1.462272242036814,4.055144251547822,1.4079077999559448,2.6529026987316504,0.6613158401554219,1.4924343564409004,0.7010171494622113,2.311196779105038,1.2012405280272633,3.0079111576622797,0.970435514782203,2.3259688746966956,1.0066250648477384,3.4776681326868077,0.258922636765633,0.9684754918627254,0.28766874024050837,2.0166982035980503,1.0937403129967296,2.2206807290809887,1.1701022623082815,2.058347976801309,-0.1665115210927091,0.3118849231920165,0.6805341811709459,1.9856634004681133,0.31194731371849427,1.5809174557571952,1.9189196995844577,1.582653885180288,0.08735669708203166,1.052204835792643,0.14541942224450338,1.3530171145522705,0.4613256661137215,1.2166389987196655,0.26308878905769806,1.1033539380314896,0.14347243511006993,0.008951209044962638,1.7071881319063078,3.320764300131502,-0.04458336535635659,1.1184899159899044
0.7373107620996631,0.2601853406607582,-0.7288838695771382,0.6715857041502927,-0.9940483470049486,-0.9667270854966741,-0.8606921944627944,-0.9505897328611648,0.1210971592968739,-0.10736968497754047,1.335009977967058,-0.16835679465437184,0.0157211051883368,-0.34181003623860357,-0.5335982506333791,-0.7033829890493365,-0.875130181018685,-0.8304469148276332,-0.8596665906274156,-0.8020926879975797,-0.7101653695206717,-0.5755455464875054,-0.5583649184474702,-0.5015069051178805,-0.4445234429261406,-0.4294114986707287,-0.3571206456901916,-0.3810440765555503,-0.28695894006664485,-0.2925882557881825,-0.2416989704344422,-0.20268318216422,-0.1800396522397517,-0.13748483094643327,-0.09946452126398307,-0.10995344620987953,-0.09577294161447004,-0.15680095721193615,-0.1578555725252531,-0.08569387376742386,-0.11930111256219858,-0.10467850242700935,-0.16194504807192517,-0.3427262505573632,-0.36078747090955854,-0.4276474674666656,-0.2958445871840044,1.9976278920393835,0.957346310802455,-0.30299046258427914,-0.22460077402388498,1.5732659386653327,0.6631822222962732,-0.6249129287962303,-0.7782206252341769,0.03468395562548539,-0.13583202776901626,1.0760146854842272,0.42691248610511706,0.5493341973571169,0.17969794778649786,-0.0024751696330552013,-0.46105987364486833,-0.3096821448111524,-0.7249933267885945,0.09154938639122225,-0.24679875262108172,0.3019560151498325,-0.6895310274436451,-0.34330473747987195,-0.4581263240423058,-0.6114556478364332,-0.6356892856597561,-0.6894465690535315,-0.6732305003957796,0.8615453260462888,0.7372024907500588,0.12287898280294114,0.029263418753743168,0.857844252250178,0.21866913844859798,-0.564170611604848,-0.6594346110336341,1.959199334515561,0.9126481897349575,-0.47134343125810163,-0.2660730328353228,0.609729752758674,0.09261620194104267,-0.3383461348942768,-0.8591637623171731,1.714790087787945,0.8928214391995818,-0.3141712205352045,-0.09276682586498394,-0.34459870942715737,-0.4629844511980867,1.2471869051712707,0.8057539521836989,-0.4196988378600638,-0.6963043641700666,-0.6126366323211593,-0.8663269816364053,-0.8434933537920757,-0.8297875534299703,1.7878629402102248,1.0779670489139976,-0.5834316810652657,-0.6978204799894856,0.6071362451200739,0.19795346668897676,-0.17624329772574054,0.5204488687571113,-0.17451664417161722,-0.6005076007125999,1.9368995393705972,0.4232959074326434
0.7373107620996631,0.5385293118210192,-0.22853723277325258,0.6715857041502927,0.01619525778859724,-0.09803480688160718,1.6365871985706677,0.195055994633564,0.1210971592968739,0.593820094467621,-2.1865381776388553,0.01866516417448984,0.6606895231713841,1.3395893204955118,1.3113609567117914,1.334034406505046,1.2265161062990557,1.2978666187722103,1.160719999240735,1.1372893310778638,1.2947180829552256,1.363131731839332,1.4220048533745517,1.3830943079478812,1.2909718089594129,1.19901423548198,1.231338862953975,1.3822515902184063,1.474959551762891,1.4534233272196144,1.5641476455197385,1.532807115574421,1.43149493123281,1.4416734399250237,1.4775813725839972,1.5963552811989057,1.52797510489184,1.3715209836415263,1.3434958125269922,1.4098347290039908,1.444682340098382,1.4327581067354425,1.4494443198579148,1.1706205710684128,1.553839240384948,-0.656642095293528,-0.8845900343163515,-0.3689748879749641,-0.3944905850675073,-0.17614987123554898,0.16180915978064825,-0.3827543347524275,-0.3430156494839749,-0.6249129287962303,-0.7782206252341769,-0.2713509469523259,0.13610396376054595,-0.5645371324754574,-0.2778958635967274,-0.33426395309722357,-0.10461379988002156,-0.497509096244098,-0.2176922971630165,-0.4472676960045559,-0.4141708930099902,-0.5043881670023198,-0.26847628908318816,-0.7415204950871694,-0.5819179135234508,6.948123315189974,2.570808049791121,-0.4663890647198417,-0.32822167469977737,-0.5101366681293361,-0.22290909544876988,-0.0945890032956093,-0.08381188409919473,-0.03096011929776763,-0.5194256828789408,-0.5535996728415227,-0.19983638968269005,-0.3612497909574789,-0.017649101511849157,-0.669465454531659,-0.44239122986753376,-0.40708393142741295,-0.08779964400093564,-0.4022138510674059,-0.7595712152800541,-0.24891543844645034,0.09945689298790142,-0.6547536683385389,-0.4514311752482621,-0.5615501343424522,-0.36165617619827056,-0.34459870942715737,-0.4629844511980867,-0.3583291461629833,-0.06365300971008017,-0.4196988378600638,0.004379272730629412,-0.1063253659400359,0.35816345177194137,-0.41387025338864153,0.025663532580308426,-0.38521617586749896,-0.5723333449156394,0.2001363293189747,0.06796331149417485,-0.5540239190904447,-0.13128306834466427,-0.6558168969794562,-0.502546450667186,-0.24335950183300473,0.002764999417261852,-0.8518541783932637,-0.8126045522247095
-1.7177413701809585,-1.5954411337409817,-0.7328900162687829,-1.3406561060378501,0.19315588922693455,0.41350775547201896,-1.218975471808145,0.2961929166570098,-1.1573948740217002,-1.860344133590444,1.262388947559986,-1.1079194925803195,-1.5966999397692814,-1.1933981221646075,-1.2425840166859934,-1.2036221921095749,-1.0919189097964461,-0.9045672866445432,-0.8395489432176332,-0.783709920044258,-0.7399777628660381,-0.7517889354263088,-0.5911076341731478,-0.5158091910313978,-0.43173109463214393,-1.6470912781680607,-1.5940608916773746,-1.568959095800192,-1.5212861963539286,-1.4938831332336584,-1.4737880399678427,-1.4471937015147582,-1.406227602868033,-1.391930416946255,-1.3523601043672284,-1.311415994991706,-1.2860516235623944,-1.2560439021424161,-1.2292627426516685,-1.185072812616972,-1.1720632643261866,-1.1688637113934741,-1.1609398009922343,-0.3583277641823712,-0.48045164036546517,-0.656642095293528,-0.8845900343163515,-1.3273512203774684,-1.3776446911547526,-1.2225847498625726,-1.190625608535218,-1.288851961409184,-1.2933136394986537,-0.6249129287962303,-0.7782206252341769,-1.1894556546857598,-1.1148015972754401,-1.2233414058293466,-1.335108388149494,-1.2424064966197401,-1.2418607905460992,-1.2400599861606623,-1.1424890877940534,-0.9517480503803688,-0.9322082826409973,-1.3314035472219292,-1.2222878934158714,-1.1067372736701202,-1.012370369204228,-0.34330473747987195,-0.4581263240423058,-0.6114556478364332,-0.6356892856597561,-0.6894465690535315,-0.6732305003957796,-1.3239045695923353,-1.315333446373075,-0.9539947319020203,-0.88521841730073,-0.8672538784174562,-1.0368474459452661,-1.1729330735469554,-1.0720110100119244,-1.320602604112163,-1.3748914756154849,-0.9854194299036112,-0.9791665881728715,-1.3736797107404426,-1.3750399054952906,-0.725879152834858,-1.0189338715346854,-1.428677233847592,-1.402244000101615,-0.8089290481496999,-0.8994348768648438,-0.34459870942715737,-0.4629844511980867,-1.4286731803858193,-1.4298639498288759,-0.6857519838886303,-0.6963043641700666,-0.6126366323211593,-0.8663269816364053,-0.9867010539265537,-1.0008777706320262,-1.5475608193509327,-1.3974835418304579,-0.5834316810652657,-0.6978204799894856,-1.3711366272385874,-1.4482292084792283,-0.8156747633973614,-1.0140441103793345,-1.1153690322105796,-1.0529620508099962,-1.2921837127770313,-1.3533110033248013
-0.35977949206358417,-0.535083148368559,-0.6302450706090387,0.11262964576469747,0.5761972560111837,0.7315942215173646,-0.8043483184219589,-0.007547759356169571,-0.3937583764395336,-0.6332620195614115,-0.04734364792108489,-0.5192456126475694,-0.46800520829894865,-1.0466911571598585,-1.0670002997648955,-0.8083894689920105,-0.7592084302139098,-0.7275859906735541,-0.6139438972650729,-0.4620114808611276,-0.384713408833754,-0.38646323517567666,-0.4025547539597626,-0.3452819359086931,-0.2558363055896892,-0.28279079080640435,-0.2654199684753263,-0.2635579757511352,-0.25841389187499314,-0.18559033148129803,-0.19364557458680567,-0.12590835195295297,-0.20996948780047253,-0.2179691716411121,-0.14317018113967767,-0.09835803928028507,-0.08079534161956649,0.04685925586306964,-1.2292627426516685,-1.185072812616972,-1.1720632643261866,-1.1688637113934741,-1.1609398009922343,-0.3583277641823712,-0.48045164036546517,-0.656642095293528,-0.8845900343163515,-0.3689748879749641,-0.517384848328413,-0.4298310539330093,-0.8042156747306848,-0.21016431062733099,-0.3150657086011902,-0.6249129287962303,-0.7782206252341769,-0.7134013617869422,-0.7884784074399656,0.1459380642787367,-0.2527241368216615,-0.21154198775634292,-0.776623385273613,-0.6325183489562006,-0.8017744807194609,-0.5389913968001583,-0.7249933267885945,-0.6381700667437272,-0.8104147006358491,-1.05456344815827,-1.012370369204228,-0.34330473747987195,-0.4581263240423058,-0.6114556478364332,-0.6356892856597561,-0.6894465690535315,-0.6732305003957796,-1.0507233326375074,-1.0416619880899904,-0.49247742559989394,-0.88521841730073,-0.8672538784174562,-1.0368474459452661,-0.6453389398637956,-0.7511182552510319,-0.1389092585771742,-0.48610217888696894,-0.21430543193534685,-0.44434642166970995,0.0700264973847647,0.11628807464162869,-0.725879152834858,-1.0189338715346854,-0.3681153107425932,-0.3858578769825136,-0.43786067743882834,-0.36165617619827056,1.2581859855828768,1.0867542975821196,-0.2953677323851694,-0.0015525124319530886,-0.8187785569029137,-0.8714752733952406,-0.6126366323211593,-0.8663269816364053,-0.8434933537920757,-0.8297875534299703,0.14541942224450338,-0.29728327927736653,0.5919203345110949,-0.31492858424765535,-0.08095866700467784,-0.378210469619895,-0.33610116414364577,-0.502546450667186,-0.4728356940376297,-0.6507803173900885,-0.9986306898545195,-0.889848330953294
0.7373107620996631,1.0952172541415413,0.7721560408345172,0.6715857041502927,0.6008373439329774,0.7520559240115097,0.7917270685859985,0.5306044313248147,0.1210971592968739,0.593820094467621,-0.99115027160749,0.392709081832213,0.6606895231713841,0.44903219699012153,0.5504981833870347,0.6266990902245339,0.5866882609480244,0.5702768464470328,0.6735855369610031,0.6133804444081943,0.46742416762130523,0.5729544185176769,0.5289190554776194,0.6118710444574557,0.621505581573585,0.5938138668505135,0.613887636373882,0.5588447298797705,0.664870770323948,0.689847231029575,0.741473508608201,0.8143463587825641,0.8974344279461979,0.9772695430430839,1.023224616792922,1.0504792011287665,1.0645505403436473,1.052975522165235,1.110393527326241,0.9941744820624178,1.1406446306689422,1.1620885670141141,1.1828235350918606,0.20332672631791673,0.47686171528178806,0.9463202994945089,0.8816463070806899,0.022199125250547905,0.4657692577588324,0.42634293767091924,0.6770224048533592,0.27884075772710903,0.774981985827412,1.09898480581406,0.9705897685504902,1.6328662246429444,2.094043102773394,0.7401536833822445,0.8044883877311052,0.8070503245729662,1.213558848392023,0.740075720283509,1.2425131617280947,1.2496207687140872,1.7615861434402393,1.2834244931783063,1.4874041643474334,0.3019560151498325,0.9246656813592695,-0.34330473747987195,-0.4581263240423058,1.5645430989124396,1.5165839910600956,0.8346875888021298,0.6777337144452497,1.0664312537624097,0.6003667616085165,1.4305113506589657,1.3095379892300056,-0.5535996728415227,-0.19983638968269005,0.7345226405383143,1.1742382733143228,-0.17106417954411268,0.18413237274437083,1.5207010634932479,1.694934244342936,-0.07839189784306036,0.28199118354573083,1.569508722659354,2.336238422033075,0.539572821644568,0.8436414655002704,1.9122390037300245,1.7894586264680223,3.7514066222651525,3.4113624207524293,0.7749763018376666,1.0541559412962072,2.373859195439885,1.9312592742075434,-0.6126366323211593,-0.8663269816364053,0.8749990478216609,1.3943852701967545,0.09488269861478887,0.16113349678642153,0.8531096713058417,0.4508552072360051,0.6501421771278709,0.6918082692394383,-0.8156747633973614,-1.0140441103793345,0.8581262207491952,1.4104010663869393,0.32235791329678304,0.8095148010755662
0.7373107620996631,-0.19709404053109916,-1.5508819157549496,0.6715857041502927,-0.0017248061545255254,0.19586964712520347,1.389933735578083,0.06676767633209035,0.1210971592968739,1.119712429051492,0.29039171774145056,-0.4756071555875018,1.1444158366586694,1.0450292423219143,0.9921178350370683,1.0963114033014925,1.1542531967064686,1.1163473408532472,1.123358654051139,1.1202196179783508,1.1419295670602223,1.1658791971992142,1.0844161636511853,0.9881311815669072,1.053247336495974,1.168858203368041,1.1926207992410318,1.1824248033801277,1.2938461425468941,1.34545269450994,1.3085035796103122,1.2399253558795875,1.2406922295332148,1.2779294364427463,1.3391801163109642,1.3091459710966429,1.2786421167413864,1.3175597306045588,1.3383157617447534,1.263929499465316,1.2627650402735648,1.351221009365974,1.3669585145709167,5.523442872445645,4.066786798958987,-0.4276474674666656,-0.2958445871840044,-0.6036792959102714,-0.3944905850675073,-0.0175991320496363,0.22621081541473712,-0.5841093628983733,-0.5386652356634676,-0.2801333818741722,0.09618457165815668,-0.23734706888812465,0.13610396376054595,-0.2674293229237035,-0.2527241368216615,0.10753512212994668,0.15385142527135973,0.06502945672299609,-0.07167175127390538,-0.3096821448111524,0.00025901869481545205,-0.28547233106183495,-0.05170092446212381,-0.2719560654805186,0.06376076999771506,0.06177459877956396,1.0563408628744078,-0.031189315370067156,0.594181158180159,0.6553776878779344,0.0022516070247350006,-0.43606554948914433,0.05302384504234753,2.6612241674646357,0.029263418753743168,-0.23994546726558916,-0.6183419178139781,-0.09745272411589906,0.16571818692294654,-0.669465454531659,-0.47153186254715723,1.3279225640011818,0.625293911336613,-0.806991292597838,-0.6175399790765379,1.5993189548086297,0.25922700220541384,-0.5496529372200254,-0.3530712278496394,-0.5615501343424522,-0.36165617619827056,0.723924420579532,0.3118849231920165,-0.23240631860735553,-0.06365300971008017,-0.4862121243672054,-0.3459625457197186,-0.1063253659400359,0.35816345177194137,-0.1274548531196854,0.025663532580308426,-0.5873630703863569,-0.5723333449156394,1.1142990081005884,0.06796331149417485,-0.2099764630280688,-0.7897561384119464,-0.495959030561551,0.008951209044962638,-0.4498880748171672,-0.09778043393771511,-0.63168941120138,-0.889848330953294
0.7373107620996631,1.207880290087361,0.9746772985884716,0.6715857041502927,-0.7006072999363133,-0.37147755839427277,1.5288066881611007,-0.6880115706685699,0.1210971592968739,0.9444149841902016,-2.078845573491885,0.46840844612008553,0.9831737321629077,1.3842890988953964,1.4523600021181273,1.4025803031342916,1.5968635179610646,1.3598857053945228,1.4869132822422075,1.4143439052314988,1.3369523068611615,1.3106088675860461,1.4039399067672813,1.3940960663428943,1.4359517562913755,1.323797816643107,1.3739843608437654,1.2195785275661393,1.1639169576745485,1.1849558080496132,1.1499273733131115,1.1716810623584613,1.2313391559204896,1.382466568609398,1.2827269723048589,1.2404654838982756,1.2407575991072186,1.2627281347766728,1.287378595719404,1.263929499465316,1.3309840277078713,1.3671921933867979,1.3594598049993714,-0.3115232233073472,-0.24112330145365188,0.7173256716676465,0.8816463070806899,-0.6036792959102714,-0.10773730412539408,-0.1127295755611839,0.09740750414655937,-0.7279343830026204,-0.17531600418726687,1.4437643527361181,0.09618457165815668,0.2727111020748942,0.35365275698419574,-0.7195499026763725,-0.4792696777972544,-0.05200343281319813,0.43816317293787915,0.357549504265885,0.6097574628752798,-0.17209659361774893,0.00025901869481545205,-0.06655649512135015,0.40352734124211137,0.09326071310243213,0.386600111758298,0.4668539350389998,1.0563408628744078,-0.4663890647198417,-0.32822167469977737,2.089856895271498,0.22741230949823987,-0.0945890032956093,-0.08381188409919473,0.4305571870043587,1.675330723651795,-0.23994546726558916,0.637174666579886,1.1606563638977894,1.082554629096925,-0.5890781521143128,-0.19469585209073426,-0.3428244315967242,-0.2660730328353228,-0.06489931645871262,0.3530068016474889,-0.21910520629717484,-0.060313216229611,-0.4732160418611066,-0.13995800848595683,-0.1904817636315807,0.17612252446830268,-0.34459870942715737,-0.4629844511980867,-0.42129055994079717,-0.6846579824913509,0.3784606002256359,0.5298920004061514,1.4126084332033344,2.8071443185886347,0.1589605471492707,0.025663532580308426,-0.3599478140526417,-0.022233213639093693,-0.4528370126678923,-0.31492858424765535,-0.5970298510982417,-0.13128306834466427,-0.6558168969794562,-0.502546450667186,0.3303309786785577,0.6060375995471237,-0.8518541783932637,-0.4263856585817867
0.7373107620996631,1.1813713404530506,0.9270252379404825,0.6715857041502927,-1.027648466898304,-0.8774396564313139,1.843505911181845,-1.0219621534029144,0.1210971592968739,0.9444149841902016,-0.18345574050521649,0.4505968309935273,0.9831737321629077,1.802633178791751,1.897970192789095,2.0559539561109297,2.1162531806577842,1.8999055572034382,1.966862870447017,1.7688687157598466,1.8164349664991395,1.5848949364643161,1.5597500712549888,1.5998289483296413,1.5724034714273403,1.5775244316707322,1.5247810300415439,1.5539620452402438,1.4119635833399355,1.510813122984216,1.3892332846343414,1.3195436983209015,1.2827810607904786,1.3084579794648656,1.350106531279888,1.4001253177749995,1.477756093144222,1.448981492033302,1.4099731308990584,1.4183175911864718,1.3065599457869468,1.3604674843253983,1.4369464705720059,-0.3115232233073472,-0.36078747090955854,3.007271949936271,3.2366280956100786,0.5894014444275403,1.4898881182663797,0.9971255987402049,1.7718505506328701,0.27884075772710903,0.6631822222962732,2.1333234465802344,2.719400162335157,1.3948390781935356,2.094043102773394,0.662647298281787,1.1317208358069615,1.0893108448569917,1.7046427761796477,1.3026142732506032,1.92394237587728,0.9744496663272803,1.4507637096616353,1.623960237974616,2.072697648824307,1.606301652946085,2.5388623901621843,-0.34330473747987195,-0.4581263240423058,0.4040104339797074,0.594181158180159,1.6415821429610093,1.5783765243392691,1.4762031091946517,2.2423955113070235,0.7382353912057763,1.126641622019111,2.2692881773418785,1.474185722842462,1.4244534307393693,1.7701819607274087,0.82573837043098,1.1894842001913806,1.4564415636625592,1.3383874666741618,0.23193747399693748,0.6370692740545212,0.2578585080912329,1.537387875945513,0.472690538205514,1.0895413339968272,0.6753444346937861,1.251679925801449,0.5458372322450838,1.8616236719722228,0.49164993983750416,0.7436534549055718,-0.02061911881721394,0.7050629096313253,1.9189196995844577,1.582653885180288,1.233018298157856,0.5389341841864758,0.27176123131878965,0.757075305669346,-0.3222423442705189,-0.31492858424765535,-0.03795273499688086,-0.04897393458625401,0.4631881679458804,1.5434441881814085,1.3629738435993701,1.9131282331618242,0.17558140183552717,1.1184899159899044
0.7373107620996631,0.763855383712659,0.17650528273465377,0.22442085744181653,2.5541243137333587,2.210417265412393,0.35034658418099246,2.0803810626551416,0.4251606677784373,0.9444149841902016,-0.7434572820694595,0.44545886509163557,0.9831737321629077,-1.011160564072771,-0.8262377788352087,-0.6217112824272567,-0.3406857454901764,3.7816516233942787e-06,0.3287115813647328,0.29956033434791596,0.4127681131548,0.5052582823689975,0.6045660193955644,0.7119870458520757,0.6854673230435686,0.7217170375406688,0.743287480888192,0.7456175055175587,0.818423443354902,0.8318626578368945,0.8193200098813722,0.8380422940329552,0.8235451464056683,0.6951117969295546,0.6207683321042342,0.6936974494489367,0.6002449405016368,0.7822989141894795,0.7762802518718311,-1.185072812616972,-1.1720632643261866,-1.1688637113934741,-1.1609398009922343,-0.3115232233073472,-0.12145913199774522,0.25933641601392166,1.470391754213037,0.4329318391373355,0.5067340121791343,0.8702850073914747,1.1278339942919813,0.6384033079877267,0.6072823405307038,0.40942571196994393,0.09618457165815668,1.462846834321938,1.2782351281847073,0.662647298281787,0.6786297538557758,1.2488493998001364,1.0843262358163324,0.8300818887582441,1.291186677024465,0.5616930127470697,0.9327263200306283,0.8699168030685016,1.032175898643198,1.8671707805053355,1.5703443648804354,1.6820919438173076,1.0563408628744078,0.549077017096299,0.2867135472201803,1.103652440188423,0.9028944169187545,-0.2994749310117303,0.32669530332543206,-0.03096011929776763,0.5779525203864271,0.3873629438862778,0.637174666579886,1.6679584155162122,1.586814672292613,0.4077243978607798,0.5921012302590994,0.4282895663715401,0.625293911336613,0.258922636765633,0.04527245653987063,0.13861757949413095,0.5787672206404386,0.6542281646829462,0.5977415970037135,0.3042760639829146,1.251679925801449,-0.34459870942715737,-0.4629844511980867,0.30276569850406254,0.43315096851493645,-0.02061911881721394,0.8802338188564993,-0.1063253659400359,0.35816345177194137,1.7342452486285291,2.4209265734090892,0.4739081258376477,0.9404420160948612,-0.1916476758731455,0.06796331149417485,-0.12396459901247484,-0.378210469619895,-0.01638543130783529,0.008951209044962638,1.3400262243789076,1.360128349709451,0.2489696575661551,0.11432079251830517
0.7373107620996631,0.9958086930128766,0.5934608134045587,0.6715857041502927,-0.7902076196519272,-1.0281121929791093,2.467589834359821,-0.7770309930099243,0.1210971592968739,1.119712429051492,-0.517302813360823,0.3259155251076195,1.1444158366586694,2.360807334708257,2.6761253018712323,2.556193159171168,2.5513361154964853,2.4611026581028996,2.3332914482680542,2.1286457457034293,2.048723197981787,2.0132480738188914,1.9966959673183426,1.952985392809565,1.9945509651292317,1.9705927123282827,1.8253554720236025,1.7598137603249027,1.7476139775934953,1.7870623093765359,1.7842321985019136,1.8076799644789572,1.8570597806118092,1.8616721833202443,1.8390636011392214,1.9121071314355549,1.876865081243711,1.956391339138979,1.870997650518322,1.859426424675488,1.8497852160971644,1.7051088237221208,1.7752215912439369,1.2330266255684448,3.229137612767641,0.03034178818705923,0.8816463070806899,0.5502840431049891,0.8344520475415494,1.123966190088935,1.256637305560159,1.156173380363016,1.278080921717536,0.06464616504788588,0.9705897685504902,0.5787460046527054,1.006299136655145,0.7659891450823971,1.1065491090318957,0.377523445879884,0.9550936232406418,0.7850788045208765,1.1451661311353538,0.6992785639404732,0.9327263200306283,0.8577548121829192,1.3356614091126882,0.14543453861428224,0.4942132256784923,5.327805970152231,2.570808049791121,1.8546762651456226,2.131519212980053,0.02779303464325026,0.6777337144452497,2.9104046032074984,2.926574157014735,1.8151091059107376,2.4069161924953733,1.7988068689779784,1.055680194711174,0.8359830508619989,0.9450291627708283,0.5765377329372068,0.8543669243757106,1.3921820638318705,1.694934244342936,0.8391036362925854,0.8974598737609674,0.8540631510767426,2.1764683128155626,0.797547343480919,1.07314800943039,0.18058660707929078,0.9827905754681625,1.0800987972484286,0.3118849231920165,0.6805341811709459,0.9920554440180801,0.0458941676899277,0.7050629096313253,0.906297166822211,2.8071443185886347,-0.05585100305244639,0.7100244013885315,0.2464928695039324,0.39034188481831555,0.3307309977163481,0.8337471029778354,0.52112438110448,0.9387356705146691,-0.495959030561551,0.008951209044962638,0.49096431322179523,1.2595829163544738,0.0654990182395853,0.26880834997547426
0.7373107620996631,1.0223176426471872,0.6411128740525479,0.6715857041502927,-1.041088514855646,-1.4150243855956701,0.21308976615675687,-0.9848432746345394,0.1210971592968739,0.24322520474504025,-2.2619230005417337,0.3437271402341777,0.33820531417986044,0.7344230898509223,0.5637999801234814,0.49981626029380277,0.49334866939093275,0.44321335190375855,0.26835863913538544,0.3061256086169595,0.3084247364460172,0.2776592039380924,0.2940747495831037,0.238911434866508,0.37205478984064927,0.3868810947583111,0.4712421384840916,0.49056220975412757,0.450290752883256,0.4505609639432697,0.48486837478182204,0.4209938336260726,0.3530855436855879,0.31674288492813346,0.29115481387503744,0.2949938419467271,0.31567054059846905,0.43503214061286705,0.5129610037746863,0.4792647475858161,0.43318846468354233,0.41984880436214866,0.4196215386990305,-0.3583277641823712,-0.48045164036546517,1.8622988108019585,3.2366280956100786,-0.1733878813622081,-0.23063156738629975,-0.5883817931189219,-0.1601991183897961,-0.6847868769713463,-0.4268654721323289,-0.6249129287962303,-0.7782206252341769,0.782769273037913,0.8431375417374077,-0.44827755482477116,-0.6051283116725837,-0.1869975946881668,-0.10461379988002156,-0.20498904870120907,0.6584309781716502,0.6075548631448708,0.621903886252024,0.18884531347588215,0.7286903881737079,-0.532825193039769,-0.15146545784267357,-0.34330473747987195,-0.4581263240423058,0.4040104339797074,0.2867135472201803,1.731237093423107,3.6048228466008125,-1.0507233326375074,-0.767990529806906,-0.7232360787509571,-0.7023220500898354,1.1714984578261116,3.148207835367614,-0.13803688824537289,0.6241364080099358,-0.7257365662238013,-0.6318053422850863,-0.21430543193534685,-0.6226198105040971,-1.0228725947474016,-0.9016024514835702,-0.15948474199862386,-0.22008332544712342,-0.6643082802584037,-0.435037850681825,-0.43786067743882834,-0.36165617619827056,-0.34459870942715737,-0.4629844511980867,-0.7360976288298666,-0.6846579824913509,2.0412927629041766,4.909164731035501,-0.6126366323211593,-0.8663269816364053,-0.8434933537920757,-0.6586973362279146,-1.0927303066835021,-1.0307501209794274,0.4613256661137215,1.5995308944614957,-0.33899425905145975,-0.29590133586148476,-0.17624329772574054,-0.502546450667186,0.009064309592082759,0.5054921661921467,-0.33813638827886827,-0.6581169947675404
-1.7856394640868274,-1.5821866589238265,0.2540666154914872,-1.3406561060378501,0.28723622492832906,0.3837452791168989,-1.098032825334737,0.28463913076628616,-1.2747443843263035,-2.2109390233130246,0.9046978277798033,-1.085654973672122,-1.919184148760805,-1.175059751539014,-1.0909435338904998,-0.9031869856069245,-0.8691082718859694,-0.7669151675559961,-0.6901035624592493,-0.6694741477629015,-0.6927748067358745,-0.5487005269802705,-0.5640102142622422,-0.5466141145374347,-0.43173109463214393,-1.6470912781680607,-1.5940608916773746,-1.568959095800192,-1.5212861963539286,-1.4938831332336584,-1.4737880399678427,-1.4471937015147582,-1.406227602868033,-1.391930416946255,-1.3523601043672284,-1.311415994991706,-1.2860516235623944,-1.2560439021424161,-1.2292627426516685,-1.185072812616972,-1.1720632643261866,-1.1688637113934741,-1.1609398009922343,-0.3427262505573632,-0.36078747090955854,-0.656642095293528,-0.8845900343163515,-1.2295577170710905,-1.254750427893847,-1.2542948976997552,-1.190625608535218,-1.5045894915655547,-1.433063343912577,-0.6249129287962303,-0.7782206252341769,-1.1554517766215584,-1.0604143989695278,-1.3137655217798805,-1.2595932078242964,-1.3160396758242685,-1.2418607905460992,-1.2625615282793459,-1.1911626030904239,-0.9517480503803688,-0.9322082826409973,-1.3678895198786767,-1.200610356953765,-1.1589110991819702,-1.1199834831244224,-0.34330473747987195,-0.4581263240423058,-0.6114556478364332,-0.6356892856597561,-0.6894465690535315,-0.6732305003957796,-1.3921998788310423,-1.4521691755146173,-0.8001556298013115,-0.7023220500898354,-0.8672538784174562,-1.0368474459452661,-1.1932251556116922,-1.1178528321206234,-1.4411835577381822,-1.3894617919552965,-0.9854194299036112,-0.9791665881728715,-1.3197093852030517,-1.2566805419923606,-0.725879152834858,-1.0189338715346854,-1.5815510245654296,-1.4186373246680521,-0.8089290481496999,-0.8994348768648438,-0.34459870942715737,-0.4629844511980867,-1.4601538872747264,-1.3056629552726218,-0.552725410874347,-0.5211334549448926,-0.6126366323211593,-0.8663269816364053,-0.9867010539265537,-1.0008777706320262,-1.5980975429806472,-1.4891668970432155,-0.5834316810652657,-0.6978204799894856,-1.2851247632229934,-1.2013018072039976,-0.8156747633973614,-1.0140441103793345,-1.1153690322105796,-1.0529620508099962,-1.4022660963729732,-1.3533110033248013
-1.7320357057400888,-1.482778097795162,0.8958765285719569,-1.3406561060378501,2.262923274657614,2.132290764980203,0.18974560030768006,2.4349796960288943,-1.182100034085827,-0.2826671298388308,0.10336226852107111,-0.9186710818606383,-0.6292473127947105,-0.9011303403192091,-0.48571178238217066,-0.19001797599626372,0.26150516778138255,0.544561615408513,0.8302157917943093,0.6133804444081943,0.5829471918346004,0.6628268751288547,0.7276334681575942,0.7152875733705797,0.8251171252530327,-1.6470912781680607,-1.5940608916773746,-1.568959095800192,-1.5212861963539286,-1.4938831332336584,-1.4737880399678427,-1.4471937015147582,-1.406227602868033,-1.391930416946255,-1.3523601043672284,-1.311415994991706,-1.2860516235623944,-1.2560439021424161,-1.2292627426516685,-1.185072812616972,-1.1720632643261866,-1.1688637113934741,-1.1609398009922343,-0.3583277641823712,-0.48045164036546517,-0.656642095293528,-0.8845900343163515,-1.4642621250063979,-1.3366799367344508,-1.3811354890484855,-1.3194289198033957,-1.4470594835238557,-1.3212635803814383,-0.6249129287962303,-0.7782206252341769,-1.1214478985573573,-0.8972528040517904,-1.391271906880338,-1.158906300724033,-1.1074123347447715,-1.0609351329401324,-1.0150445649738247,-1.0451420572013128,-0.768300648789164,-0.8286008047147959,-1.1246497021670268,-0.9188023829463813,-1.00238962264642,-0.9047572552840337,-0.34330473747987195,-0.4581263240423058,-0.6114556478364332,-0.6356892856597561,-0.5997916185914338,-0.6732305003957796,-1.1190186418762142,-1.1784977172315327,-1.1078338340027292,-1.2510111517225193,-0.7104267756294894,-1.0368474459452661,-0.8888439246406387,-0.8886437215771287,-1.4572610182216514,-1.3748914756154849,-0.792640930411545,-0.8008931993384844,-1.4141574548934859,-1.2803524146929466,-0.6364484563870316,-0.8591637623171731,-1.495559517286646,-1.3530640264023037,-0.8089290481496999,-0.8994348768648438,-0.34459870942715737,-0.4629844511980867,-1.3657117666080054,-1.1814619607163674,-0.6192386973814887,-0.3459625457197186,-0.1063253659400359,-0.8663269816364053,-0.9867010539265537,-1.0008777706320262,-1.2190721157577884,-1.2141168314049426,-0.1916476758731455,-0.31492858424765535,-1.4571484912541814,-1.3659200747208182,-0.01638543130783529,-0.502546450667186,-0.7941023631241046,-0.8518711841000424,-1.2187954570464032,-1.1988234458676321
0.7373107620996631,1.0952172541415413,0.7721560408345172,0.6715857041502927,-0.44076637276103325,-0.7639702153274186,0.6958173148528769,-0.47096349381041935,0.1210971592968739,0.9444149841902016,0.15039133235038996,0.392709081832213,0.9831737321629077,0.8387225727839861,0.6755350727096345,0.7389976868298935,0.6213142384611391,0.4356500486571351,0.5068964584228057,0.4085438872140377,0.5680409951619172,0.7036779917702993,0.718600994853959,0.747192672716118,0.7291745130480574,0.8069858180007724,0.8482338114785377,0.6472103441600143,0.661917834304122,0.6110578504035965,0.7068750635979028,0.6645880480000926,0.682313734853517,0.6840105085578748,0.7373167584394199,0.768621617301701,0.8028830580797438,0.8467042807174728,0.9480852694827552,0.9738156128244632,0.9620961697297699,0.889737850027436,0.7870583077047489,-0.23351565518230724,-0.12145913199774522,0.25933641601392166,0.8816463070806899,0.6285188457500915,1.039275819643059,1.2190966336004827,1.7074488949987812,0.9835833562379197,0.8867817493585506,-0.2801333818741722,0.09618457165815668,2.5849748104405794,2.4203662926088683,0.9985083003837697,1.1065491090318957,1.1261274344592558,1.4720240735434045,0.7850788045208765,0.7557780087643909,1.6165155718964968,2.0724085772188436,1.5874742653178686,1.5524367737337526,1.7628231294816352,2.1084099344814073,-0.34330473747987195,-0.4581263240423058,1.129343349562665,2.131519212980053,0.29675788602954345,0.22741230949823987,1.8176796553881867,2.2423955113070235,-0.03096011929776763,0.2121597859646378,2.1124610745539116,1.8926912509737501,0.7751068046677881,0.7158200522273337,0.8739707518813876,1.1312029348321335,0.49254906620222877,0.4470205225022259,0.6502074969117172,0.9921473645633114,0.6752017581810896,2.336238422033075,1.5523616851502424,1.5977343955563779,1.2937917192119053,2.3272373271345956,0.723924420579532,1.0867542975821196,1.3731097327268986,1.1783569358524613,0.5780004597470608,1.4057465465320214,-0.1063253659400359,0.35816345177194137,0.6601874976199439,1.9076559218029219,0.903470276690221,1.444700469765028,-0.1916476758731455,0.06796331149417485,0.005053197010916134,0.28026260044738704,-0.01638543130783529,0.008951209044962638,1.1105500321742827,0.957946616289543,-0.08127749322167055,0.9640023585327352
0.7373107620996631,1.4464608367961562,1.4035458444203726,0.6715857041502927,-0.8596478674315279,-1.43362593331762,2.129248434862139,-0.8910475401230389,0.1210971592968739,0.7691175393289112,-0.3665331675550651,0.6287129822591097,0.8219316276671459,2.1166777757550417,2.33426912574455,2.391391322594471,2.441436273824426,2.48379256784277,2.216896488254313,1.9119916948249944,1.7766851087053175,1.8089924906116688,1.6828175200170188,1.8726725565259688,1.7888073634007846,1.7802977510575637,1.6939178346822954,1.6363027312741074,1.6885552571969746,1.7092456371533473,1.7092689009796007,1.6787740767168298,1.7008634512792975,1.646122167436794,1.621445836341492,1.4777253487653623,1.44163364609769,1.3863168110871462,1.5049407285734384,1.4955116370470496,1.528903312239501,1.4882369564919882,1.416116721762158,0.5465600260680927,3.7077942905912677,0.488331043840784,1.470391754213037,0.5111666417824379,0.957346310802455,1.6947488511582207,2.0938588288033144,0.32198826375838313,1.0824313355380433,-0.6249129287962303,-0.7782206252341769,1.6328662246429444,1.4413967231024445,1.1018501471843798,2.2896202674599917,0.8315947176411423,1.6787962536645094,0.3125464200285175,1.4858807382099466,0.3782456111558651,1.2435487538092325,1.745580146830441,1.8125672112790299,0.8236942702683335,1.462731250960241,0.4668539350389998,1.0563408628744078,0.8392101833294819,0.594181158180159,-0.061861915818847465,0.22741230949823987,1.5444984184333588,1.4213811364577702,1.661270003810029,1.675330723651795,1.7988068689779784,2.311196779105038,0.7751068046677881,1.7243401386187098,0.6890799563214914,1.7140155884246029,0.235511066879474,0.625293911336613,-0.06489931645871262,0.5897255286533492,0.28766874024050837,2.336238422033075,0.6542281646829462,1.3846211761926954,0.42796552088653844,1.251679925801449,-0.34459870942715737,-0.4629844511980867,-0.38980985305189025,0.43315096851493645,0.5114871732399192,1.0554047280816734,-0.1063253659400359,0.35816345177194137,0.9466028978889,1.5654754873988104,0.9792753621347927,2.086483956254331,-0.3222423442705189,0.06796331149417485,0.26308878905769806,0.7741174029978486,1.7420510992891225,0.008951209044962638,1.2023405090561328,1.6114919330968933,-0.2280540046829264,0.7322710223469816
0.7373107620996631,0.7042102470354603,0.06928814627667908,0.6715857041502927,-0.5930869162775768,-0.905341978014239,1.6936065653679866,-0.6063940054147168,0.1210971592968739,1.119712429051492,-0.1942250009199137,0.12998775871547874,1.1444158366586694,1.6490493248024043,1.6771603669640782,1.6198853796823252,1.736872905296702,1.6881330662979812,1.538644375581648,1.5154491289747682,1.5232797652697023,1.5323720722110303,1.540556065484764,1.5756250798606122,1.7259116509553007,1.6742317070706056,1.6664076315178358,1.5891074600107953,1.450351751597674,1.3697704045796864,1.2796715421017302,1.187794298328727,1.214503623417584,1.23259917559172,1.3491959966991443,1.304686199200645,1.348243904952997,1.275783276640455,1.2796085195460456,1.207942609060941,1.3015066874584795,1.2722056778945303,1.312801167665312,4.821374759320285,7.53704771318028,0.488331043840784,2.059137201345384,0.2764622338471307,1.039275819643059,-0.23957016690991406,0.7414240604874481,0.27884075772710903,0.9147316902413353,-0.2801333818741722,0.09618457165815668,0.7147615169095105,1.2782351281847073,0.10718487172850792,0.8548318412812369,-0.08882002241546232,0.43816317293787915,-0.06997979598910649,0.6097574628752798,0.10307450876905806,0.5182964083258226,0.1401973499335522,0.685335315249495,-0.11543458894496827,0.17137388391790936,4.112567961373923,2.570808049791121,0.9842767664460734,0.594181158180159,-0.5101366681293361,-0.44806979792227475,0.3834781613753397,0.32669530332543206,0.2767180849036499,0.7608488875973217,-0.3967725700535559,0.21866913844859798,-0.05686855998642523,0.5324527637925379,0.1424462998835374,0.8835075570553341,0.8138465653556722,2.0514810220117106,0.7851333107551945,1.0394911099644835,-0.040243813401521944,0.7385373298579511,0.3007075236479466,0.9583947374653302,-0.1904817636315807,0.4450118748015893,-0.1665115210927091,0.3118849231920165,0.46016923294859724,1.3646584276868425,-0.02061911881721394,-0.3459625457197186,0.906297166822211,2.8071443185886347,0.01575284701479263,0.19675374978236418,0.17068778405936064,0.7112336280629672,0.2001363293189747,0.8337471029778354,1.080201497205841,1.6795178743403614,0.14347243511006993,1.03194652846926,-0.15156902495115473,0.2038558661272158,-0.4482187718748102,-0.04016676493886393
0.7373107620996631,0.1674040169406712,-0.8956660818450995,0.6715857041502927,-0.7722875557088044,-0.6430601551347433,-0.6128466889587671,-0.8654295967668191,0.1210971592968739,0.593820094467621,0.5919310093529658,-0.23069744759732574,0.33820531417986044,-0.2019799602184522,-0.4298442360890941,-0.6844234857263537,-0.8254494306737813,-0.6459023156100206,-0.5564649046656945,-0.4278720546621015,-0.35117446632021665,-0.2615755357289749,-0.21174375542046858,-0.19565802173651353,-0.14603531606621742,-0.13409035658939455,-0.1339823311340194,-0.15109264848537032,-0.10092397081760444,-0.09610115842463099,-0.16385246916127102,-0.0775686440421552,-0.14543327987266827,-0.13470950885351332,-0.12040681662108674,-0.015406282014724677,-0.02617115340285937,-0.10196936138404998,-0.017994201404802405,0.014403899985852892,0.08872468862636546,0.12984572608929687,0.08467917783667495,-0.3427262505573632,-0.48045164036546517,-0.4276474674666656,-0.2958445871840044,1.1370450629432571,0.5067340121791343,1.663038703321038,-0.09579746275570725,1.5445009346444831,0.18803322728893385,-0.6249129287962303,-0.7782206252341769,0.03468395562548539,-0.08144482946310382,0.6368118365816345,0.2758821254547218,0.27934587360717955,-0.23384641245571222,0.3125464200285175,-0.41238635834849796,0.5616930127470697,-0.5177783709361916,0.407761149416367,-0.3551864349316139,-0.532825193039769,-0.7971441413638395,-0.34330473747987195,-0.4581263240423058,-0.4663890647198417,-0.32822167469977737,0.38641283649164115,0.0022516070247350006,-0.0262936940569023,0.1898595741838898,-0.33863832349918516,0.39505615317553244,-0.3967725700535559,0.21866913844859798,0.22722058891989153,-0.4760673225988384,1.4045269478358724,0.5192496485600407,-0.599862430919479,-0.44434642166970995,1.162925589516931,0.3530068016474889,-0.18929497414789936,-0.37985343466463584,1.5428070732303776,0.6633148952694621,-0.5615501343424522,-0.36165617619827056,2.148621927255118,-0.4629844511980867,1.9397624567272236,0.5573519630711906,-0.02061911881721394,-0.3459625457197186,1.4126084332033344,1.582653885180288,1.0898105980233779,-0.48760711902585885,0.9792753621347927,0.29865852960555794,-0.5834316810652657,-0.6978204799894856,0.779159973151262,-0.29590133586148476,-0.17624329772574054,0.5204488687571113,-0.3351499787148547,-0.5502348840351114,1.349793493525574,0.5005396861612279
0.7373107620996631,0.7506009088955038,0.15267925241065974,0.6715857041502927,-0.16524538963552074,-0.03478954462697704,1.1902666149115122,-0.03616090940965762,0.1210971592968739,0.9444149841902016,-0.5603798550196109,0.16115808518695582,0.9831737321629077,0.9808449451323367,0.9069863359238088,0.8440041667725675,0.8667070356192993,0.9953344889072716,0.9236191547682991,0.8943741831232551,1.0264065428469271,0.9943045073051472,1.0629640395550517,1.017835929233443,1.0319267560059795,1.0336759904434867,0.9694824846848596,0.9836021712495789,1.0320191487889854,1.1003301770068956,1.0672755324551768,1.0835321832270066,1.080754670755613,1.0762560310238958,1.2253632937180097,1.2226263963142843,1.2240179285246793,1.1913600259213288,1.205361125000621,1.215577185025174,1.254342943059453,1.188987403259712,1.2169843231400113,-0.23351565518230724,-0.12145913199774522,1.6333041829750963,1.470391754213037,1.0783689609594302,1.5308528726866815,1.663038703321038,2.1582604844374034,0.7103158180398502,0.9985815128896892,1.7885438996581762,3.5938053592274914,1.326831322065133,1.5501711197142696,0.12010260257858418,0.4520842128801829,2.2674417121294455,2.169880181452134,2.3826882949474237,1.92394237587728,1.7541011230899002,2.383231010997448,1.8063901012583534,1.7908896748169234,1.8149969549934855,2.000796820561213,-0.34330473747987195,-0.4581263240423058,0.2589438508631159,-0.020754063739798538,1.1933073906505207,2.028697929286279,0.1785922336592187,0.05302384504234753,1.892028656961092,-0.15363294845715147,1.6419797661900115,2.7297023072363262,1.7694188258398966,2.228600181814398,0.2630272535095567,0.3735464851619234,3.1271885592604654,2.2297544108460974,0.609729752758674,0.3530068016474889,1.7781803477042826,3.6143992957731745,0.7020012242822705,0.6633148952694621,1.9122390037300245,2.3272373271345956,1.0800987972484286,3.4113624207524293,0.5546113536153181,0.3089499739586823,4.036691358118426,2.1064301834327175,-0.1063253659400359,0.35816345177194137,1.8774529487630072,2.934197225015256,0.7518601058010774,0.6653919504565884,0.4613256661137215,0.8337471029778354,0.22008285704990108,-0.13128306834466427,0.14347243511006993,0.008951209044962638,1.27118336671752,1.4606737830644279,0.7993815755458645,0.5777834648898125
0.7373107620996631,0.1674040169406712,-0.8956660818450995,0.6715857041502927,-0.5639668123700022,-0.40496034429378286,0.4471274459032448,-0.472045477140136,0.1210971592968739,0.7691175393289112,-0.7757650633135507,-0.23069744759732574,0.8219316276671459,0.6381466440665557,0.4906400980730241,0.3379312703821804,0.3638776230375476,0.2722826985300682,0.25686284061550974,0.34420419937741165,0.29227635671727703,0.4422308452650545,0.4544011507226289,0.3720327114461678,0.4445447635066306,0.5085450863904101,0.44271303890613345,0.5729028957879911,0.5910473698282971,0.5575588882501542,0.6328728339925426,0.5887610551988413,0.5747533883071766,0.5914997721272095,0.7008953752096744,0.7570262103721065,0.7500209404506724,0.6117117271693892,0.6398722479395397,0.7498680512069626,0.7616502560339066,0.7670119096568958,0.8020557268478394,-0.13990657343225926,-0.36078747090955854,0.25933641601392166,0.8816463070806899,0.9610167569917767,0.21998073123702105,2.328951807901871,0.7414240604874481,-0.12386929856478274,-0.3430156494839749,0.754205258892002,0.9705897685504902,0.8167731511021142,0.4624271535960206,0.7272359525321683,-0.10169377617126629,0.8561391107093185,0.5932423080287079,1.5726327786748082,0.6097574628752798,1.983410375078906,0.7255113641782254,0.359113185874037,0.31681719539368564,1.606301652946085,0.17137388391790936,0.4668539350389998,1.0563408628744078,-0.17625589848665868,-0.020754063739798538,0.29675788602954345,0.6777337144452497,-0.5726561679665583,-0.6311548006653638,-0.33863832349918516,0.39505615317553244,0.07370873831034433,0.21866913844859798,2.3173050415877934,1.036712806988226,0.383608207135576,-0.209266168430546,1.713479562985314,0.4470205225022259,0.24543005538128523,-0.0020712888613014114,0.883873383226018,0.7385373298579511,0.014069166052000965,-0.25471128045101665,0.18058660707929078,0.713901225134876,-0.34459870942715737,-0.4629844511980867,-0.3583291461629833,-0.12575350698820725,2.706425627975593,0.5298920004061514,-0.6126366323211593,-0.8663269816364053,0.1589605471492707,0.19675374978236418,1.1561538948387935,-0.2514416016709877,0.0695416609216013,-0.31492858424765535,1.2092192932292318,0.28026260044738704,-0.495959030561551,0.008951209044962638,0.6745452669854952,0.5054921661921467,0.2856637854314691,0.655027243618397
0.7373107620996631,0.5319020744124415,-0.24045024793525013,0.6715857041502927,-1.0455685308414266,-0.9946294070795991,0.13083883286724401,-1.0045238448676073,0.1210971592968739,0.06792775988374988,-2.1865381776388553,0.014212260392850055,0.17696320968409862,0.47424745660031276,0.33234871690930723,0.15708677714757524,0.15160532610932306,0.02874433398879257,0.12753510726690837,0.08815850288471597,0.19041734612060815,0.18078369875980976,0.2635901521833348,0.25761442413803043,0.3656586156936509,0.32240957782506213,0.32044546928631307,0.3329099206405107,0.3823732244272571,0.3153544959554793,0.3743455643322581,0.4257330206761508,0.41107460008448454,0.4203549097304786,0.42136125892137766,0.47606058092424064,0.4178706346813404,0.4994375071408603,0.47670064829901393,0.49453389951428206,0.41297543136967374,0.38874702495317615,0.41878834874663656,-0.10870354618224326,-0.0017949625418385616,-0.656642095293528,-0.8845900343163515,-0.3494161873136885,-0.18966681296599786,-0.39812090609582673,-0.6754123634625071,-0.33960682872115333,-0.5107152947806829,-0.6249129287962303,-0.7782206252341769,-0.4413703372733322,-0.4621552176044909,-0.8745626728772877,-0.7058152187728473,-0.45698591843810416,-0.3113859800011266,-0.7000229753122519,-0.3637128430521276,-0.12623474321994776,0.00025901869481545205,-0.6260080758581447,-0.506929190166359,-0.8980419716227198,-0.5819179135234508,-0.34330473747987195,-0.4581263240423058,0.4040104339797074,0.594181158180159,0.8346875888021298,-0.22290909544876988,0.1785922336592187,-0.767990529806906,2.891982820615699,3.5042943957607413,1.6419797661900115,-0.19983638968269005,-0.3815418730222158,-0.43022550049013947,-0.669465454531659,-0.588094393265651,0.10699206721809662,0.4470205225022259,-0.7800061298291424,-0.5465243609747799,-0.36815636704355226,-0.22008332544712342,-0.9796104736139439,-0.8120843157098787,-0.43786067743882834,-0.36165617619827056,-0.34459870942715737,-0.4629844511980867,-0.7990590426076805,-0.6225574852132238,-0.8187785569029137,-0.8714752733952406,-0.6126366323211593,-0.8663269816364053,-0.48547410345588055,-0.3165169018238031,-0.688436517645786,-0.6181750225220182,2.1590563552795756,2.365314685945156,0.52112438110448,0.19795346668897676,-0.495959030561551,0.008951209044962638,-0.4957833132580922,-0.34914401732515754,-0.8518541783932637,-0.6581169947675404
0.7373107620996631,0.3993573262408887,-0.4787105511751951,0.6715857041502927,1.8866019318520357,1.806763679846077,0.8294254130103581,0.7731919751270048,0.1210971592968739,0.41852264960633057,0.27962245732675334,-0.07484581523994112,0.49944741867562226,-0.1446725520134721,0.21529290562857545,0.5406521136048427,0.9284316042296341,0.9877711856606481,0.679333436220941,0.7368076006662116,0.8388369013823296,0.6546566518005659,0.5706942445069323,0.7251891559260916,0.7440989193910535,0.7882682808266033,0.8461960186515407,0.7948210861963307,0.7475529788790771,0.8085176561699379,0.9029329186562598,0.8825906523036904,0.8039036918189454,0.7728208155313135,0.8565967885168364,0.9452285843832167,0.9658745874360473,0.9485343872549756,0.9359984843241976,1.0959688282521907,1.2442364264025187,1.188146814627037,1.2236498427591627,-0.3583277641823712,-0.48045164036546517,1.6333041829750963,2.059137201345384,0.29602093450840633,0.26094548565732295,0.9337053030658398,1.0634323386578926,1.0411133642796184,0.5513824587651346,0.40942571196994393,0.09618457165815668,2.720990322697385,2.5291406892206933,0.43012814298041435,0.12485176480432658,1.187488417129696,1.2652518934222994,2.6302052582529454,1.6319012840990579,1.662377422294298,1.657978665514038,3.083399144244515,2.1377302582106266,1.084563397827584,1.355118137040047,-0.34330473747987195,-0.4581263240423058,1.9997428482622142,2.438986823940032,-0.5101366681293361,-0.22290909544876988,0.2468875428979257,0.6003667616085165,0.2767180849036499,0.2121597859646378,0.3873629438862778,1.474185722842462,2.5608100263646363,1.128396451205624,1.0186678962326108,0.4609683832007938,0.49254906620222877,1.1601140778397745,0.5017891016838921,-0.16777439776540357,-0.21910520629717484,-0.37985343466463584,1.0364126414775403,0.6633148952694621,4.509717598706125,2.3272373271345956,-0.34459870942715737,-0.4629844511980867,0.9323798362822013,0.6815529576274447,2.373859195439885,2.456772001883065,-0.6126366323211593,-0.8663269816364053,0.5885836475527048,0.5389341841864758,0.5497132112822194,0.20697517439280033,0.8531096713058417,1.2166389987196655,1.6392786133072017,0.9387356705146691,1.1026196336175014,1.03194652846926,1.9596119433313952,1.8125827998068471,-0.19135987681761243,0.03707701378972062
-1.6855791151729156,-1.4098784863008078,1.1682149711382956,-1.2288648943607312,2.8050052089370774,2.582448219851394,0.2549831832656153,2.68170124307578,-1.1597703701817121,-0.10736968497754047,0.5380847072794811,-0.8595844739888825,0.0157211051883368,-1.2289287152516952,-0.3540239946913474,0.07249822386042121,0.4150638506656301,0.6595238247571897,0.8129720940144958,0.7499381492042987,0.6239392326844794,0.6791673217854326,0.654244622565558,0.7174879250495824,0.7366367162195554,0.7789095122395188,-1.5940608916773746,-1.568959095800192,-1.5212861963539286,-1.4938831332336584,-1.4737880399678427,-1.4471937015147582,-1.406227602868033,-1.391930416946255,-1.3523601043672284,-1.311415994991706,-1.2860516235623944,-1.2560439021424161,-1.2292627426516685,-1.185072812616972,-1.1720632643261866,-1.1688637113934741,-1.1609398009922343,0.07851461731785274,1.0751825625613212,-0.4276474674666656,-0.2958445871840044,-1.4642621250063979,-1.1728209190532433,-0.9371934193279299,-0.9330189859988626,-1.4039119774925817,-1.265363698615869,-0.6249129287962303,-0.7782206252341769,-1.087444020493156,-0.842865605745878,-1.3266832526299568,-1.158906300724033,-1.0828679416765954,-0.9575490428795799,-0.7675276016683031,-0.5584069042376091,-0.8141624991869653,-0.6213858488623931,-1.003029793311202,-0.8971248464842748,-1.00238962264642,-0.7971441413638395,-0.34330473747987195,-0.4581263240423058,-0.32132248160325017,-0.32822167469977737,-0.6894465690535315,-0.6732305003957796,-0.7775420956826793,-0.6311548006653638,-1.1078338340027292,-1.0681147845116246,-0.8672538784174562,-1.0368474459452661,-0.7062151860580064,-0.705276433142333,-1.3607962553208361,-1.1417664141784971,-0.47134343125810163,-0.6226198105040971,-1.4951129431995722,-1.3040242873935326,-0.5768279920884807,-0.5396235438821483,-1.428677233847592,-1.254704079003681,-0.685239591246076,-0.6305455265315572,-0.34459870942715737,-0.4629844511980867,-1.3342310597190985,-1.3677634525507487,-0.8187785569029137,-0.8714752733952406,-0.1063253659400359,0.35816345177194137,-0.9150972038593147,-0.8297875534299703,-1.4212190102766464,-1.2141168314049426,-0.4528370126678923,-0.31492858424765535,-1.5001544232619786,-1.3659200747208182,-0.8156747633973614,-1.0140441103793345,-0.6334690285808672,-0.4496894506801345,-1.3655719685076593,-1.1988234458676321
-0.9672887533266201,-0.8266815943459752,0.1674322123635977,0.6715857041502927,-0.17420542160708213,-0.2635885816069625,0.06358776784671262,-0.27221142591600744,-1.0573389757619855,-0.2826671298388308,0.3647096170119135,-0.8986330148432602,-0.30676310380318683,0.012349746468173311,-0.04409213073213706,-0.16960004934074377,-0.155512039659172,-0.22235733379910652,-0.15123800684007688,0.05270602183188118,0.1767533325039818,0.06523339740258105,0.16084576835448422,0.355530073853648,0.38484713813464594,0.3515257467626584,0.3856548397502173,0.39617166722750347,0.401075152552822,0.3542628320670737,0.3512799343253925,0.3281057674445397,0.3334440890988649,0.3481965353145597,0.4523194346666613,0.4475180407898543,0.5517879993416547,0.5194553913319934,0.48878743345757136,0.49368561329603394,0.4710879021470459,0.4442258747097217,0.41045644922269736,-0.09310203255723526,-0.24112330145365188,-0.19865283963980318,-0.2958445871840044,-0.7797076018617517,-0.6402791115893186,-0.39812090609582673,-0.6754123634625071,-0.4690493468149757,-0.5386652356634676,-0.6249129287962303,-0.7782206252341769,-0.951428508236351,-0.9516400023577029,-0.6291257867258387,-0.4289262242471226,-0.7883352248584818,-0.8283164303038892,-0.790029143786987,-0.7044274501267203,-0.9517480503803688,-0.9322082826409973,-0.6868180302860571,-0.6803494818632104,-0.5849990185516192,-1.012370369204228,-0.34330473747987195,-0.4581263240423058,-0.6114556478364332,-0.6356892856597561,-0.4204817176672384,-0.44806979792227475,-0.9141327141600933,-0.4943190715238215,-0.6463165277006028,-0.7023220500898354,-0.7104267756294894,-0.6183419178139781,-0.7062151860580064,-0.5677509668162363,-0.605155612597782,-0.588094393265651,0.10699206721809662,-0.2660730328353228,-0.6180951532169696,-0.5465243609747799,-0.4873972956406542,-0.37985343466463584,-0.4923252657008363,-0.5170044735140106,-0.8089290481496999,-0.8994348768648438,-0.34459870942715737,-0.4629844511980867,-0.515732680607518,-0.4983564906569697,-0.8187785569029137,-0.8714752733952406,-0.1063253659400359,-0.8663269816364053,-0.48547410345588055,-0.3165169018238031,-0.33467945223778445,-0.5723333449156394,0.2001363293189747,-0.31492858424765535,-0.5540239190904447,-0.4605196033783053,-0.8156747633973614,-1.0140441103793345,-0.4957833132580922,-0.5502348840351114,-0.4482187718748102,-0.5036294373103712
0.5907938226185779,0.35959390178942285,-0.33074744981531634,-0.33453520094377875,1.7678815082288475,1.423571796773906,-0.1843641700244075,1.5377553703737923,0.8234295668341997,-0.2826671298388308,-2.3620955677719846,0.5491968433012604,-0.14552099930742501,-1.030645082862464,-0.9459539494632297,-0.8200568556523076,-0.5454306560025064,-0.2874017417200683,-0.06933044238596266,-0.005068391735701434,0.02023826744080768,0.013877707910479403,0.02535866879995592,0.1464966643483971,0.31448922251766404,0.44407356945716103,0.4355807640116439,0.48252897209228723,0.39320065649995256,0.4398611715125813,0.4666080843597202,0.4029849228357754,0.4138805221683021,0.350046750043173,-1.3523601043672284,-1.311415994991706,-1.2860516235623944,-1.2560439021424161,-1.2292627426516685,-1.185072812616972,-1.1720632643261866,-1.1688637113934741,-1.1609398009922343,-0.3583277641823712,-0.48045164036546517,-0.656642095293528,-0.8845900343163515,-1.112205513103437,-0.8041381292705262,-0.4932513496073743,-0.4178057409261516,-0.5697268608879487,-0.5386652356634676,-0.6249129287962303,-0.7782206252341769,-0.951428508236351,-0.6797040108281407,-0.7841385569267538,-0.7058152187728473,-0.812879617926658,-0.8283164303038892,-0.8125306859056707,-0.6557539348303498,-0.6765769479935617,-0.4141708930099902,-0.9178958571121245,-0.7453820912495298,-1.00238962264642,-0.9047572552840337,-0.34330473747987195,-0.4581263240423058,-0.6114556478364332,-0.6356892856597561,-0.6894465690535315,-0.6732305003957796,-0.9824280233988003,-1.1784977172315327,-1.1847533850530834,-1.2510111517225193,0.07370873831034433,0.21866913844859798,-0.6859231039932695,-0.705276433142333,-0.8543562500915551,-0.7629381893433919,-0.7283814305808564,-0.6226198105040971,-0.8474690367508811,-0.9016024514835702,-0.6960689206855826,-0.8591637623171731,-1.0847112047324572,-1.0579841842064355,-0.685239591246076,-0.6305455265315572,-0.34459870942715737,-0.4629844511980867,-0.3583291461629833,-0.9951604688819863,-0.6857519838886303,-0.5211334549448926,-0.6126366323211593,-0.8663269816364053,-0.9150972038593147,-0.8297875534299703,-1.0169252212389304,-1.0307501209794274,-0.4528370126678923,-0.31492858424765535,-1.0700951031840085,-0.8720652721703566,-0.6558168969794562,-0.502546450667186,-0.8170499823445672,-0.7513257507450654,-0.8151600505279498,-0.5808732160389558
-1.9964809135839987,-1.7677493063640004,0.8334229759533605,-1.8996121644234454,0.41043666453729805,0.432109303193969,-1.2261951340426236,0.725099330158203,-1.4847382448713833,-2.7368313578968957,1.6457800642197418,-1.2383259604711925,-2.4029104622480904,-1.203713455641504,-1.0390665266183574,-1.0490293188606383,-0.9564259543103454,-0.8107823263864122,-0.6469943180097155,-0.6602827637862406,-2.0902307447999293,-1.9294682694610943,-1.8556538966820786,-1.794213516531932,-1.7088338659828153,-1.6470912781680607,-1.5940608916773746,-1.568959095800192,-1.5212861963539286,-1.4938831332336584,-1.4737880399678427,-1.4471937015147582,-1.406227602868033,-1.391930416946255,-1.3523601043672284,-1.311415994991706,-1.2860516235623944,-1.2560439021424161,-1.2292627426516685,-1.185072812616972,-1.1720632643261866,-1.1688637113934741,-1.1609398009922343,-0.3583277641823712,-0.48045164036546517,-0.656642095293528,-0.8845900343163515,-1.5816143289740514,-1.4186094455750546,-1.3177151933741202,-1.255027264169307,-1.7634745277531994,-1.5728130483265004,-0.6249129287962303,-0.7782206252341769,-1.2234595327499609,-1.1148015972754401,-1.597955600481558,-1.536482202350021,-1.389672855028797,-1.2935538355763756,-1.172555359804611,-1.1424890877940534,-0.9517480503803688,-0.9322082826409973,-1.4651854469633365,-1.2873205028021908,-1.1589110991819702,-1.1199834831244224,-0.34330473747987195,-0.4581263240423058,-0.6114556478364332,-0.6356892856597561,-0.6894465690535315,-0.6732305003957796,-1.3921998788310423,-1.4521691755146173,-1.0309142829523747,-0.88521841730073,-0.7104267756294894,-0.6183419178139781,-1.2135172376764292,-1.1636946542293223,-1.6743067347484861,-1.5643055880330372,-0.9854194299036112,-0.9791665881728715,-1.710994245349136,-1.5170711416988067,-0.725879152834858,-1.0189338715346854,-1.8490801583216456,-1.7301104914303576,-0.8089290481496999,-0.8994348768648438,-0.34459870942715737,-0.4629844511980867,-1.6805188354970748,-1.6161654416632572,-0.752265270395772,-0.6963043641700666,-0.6126366323211593,-0.8663269816364053,-0.9867010539265537,-1.0008777706320262,-1.4464873720915037,-1.5350085746495943,-0.5834316810652657,-0.6978204799894856,-1.3281306952307905,-1.2013018072039976,-0.8156747633973614,-1.0140441103793345,-1.1153690322105796,-1.0529620508099962,-1.512348479968915,-1.5077985607819704
0.7373107620996631,0.9162818441099448,0.45050463146059144,0.6715857041502927,-0.5258866764908664,-0.2766096650123276,0.5989141923602203,-0.6398473098744348,0.1210971592968739,1.119712429051492,-0.38807168838445905,0.2724806797279447,1.1444158366586694,0.5739623468769781,0.5385265663242326,0.5712790035881226,0.6183032838947813,0.5022071172274216,0.4709720880481943,0.5372232628872899,0.513384940695412,0.5064254571301816,0.6011788419067011,0.6118710444574557,0.7249103969500584,0.7612318382416924,0.7524575486096785,0.7797587655803802,0.6766825144032522,0.6032761831812776,0.6655491431689354,0.6778577717403117,0.6346130594286182,0.6710590054575817,0.7008953752096744,0.642856049834561,0.6998019287030546,0.7257266327797557,0.767646833901433,0.7422334752427296,0.8256581948611571,0.864520191047188,0.8128871962289604,-0.12430505980725125,1.0751825625613212,0.03034178818705923,0.8816463070806899,1.6846886814589739,1.1212053284836627,1.06054589441457,1.0634323386578926,1.2999984004672631,0.9147316902413353,0.06464616504788588,0.9705897685504902,-0.20334319082392338,0.13610396376054595,-0.15116974527301724,0.2003669451295242,1.4820211339478095,0.7741679656346748,1.5276296944374408,0.8044515240607613,0.3323837607580639,0.7255113641782254,0.9550507392675791,0.5769476329389629,1.8149969549934855,1.2475050231198526,0.06177459877956396,1.0563408628744078,-0.32132248160325017,-0.020754063739798538,-0.4204817176672384,-0.22290909544876988,2.0908608923430148,1.284545407316228,2.9689023716660534,2.7727089269171628,-0.23994546726558916,0.637174666579886,1.4244534307393693,1.2659219175317207,0.6730024958380222,0.6795231282979698,2.484593560953578,0.8035673001710002,0.9065665432143242,0.5897255286533492,-0.3085359027450013,0.5787672206404386,0.05228761373146038,0.2862684302414083,-0.43786067743882834,-0.09276682586498394,-0.1665115210927091,0.3118849231920165,-0.32684843927407636,0.2468494766805552,-0.552725410874347,-0.17079163649454457,-0.1063253659400359,0.35816345177194137,0.5169797974854657,0.19675374978236418,0.5497132112822194,0.6653919504565884,1.8978670184848287,0.4508552072360051,-0.08095866700467784,-0.04897393458625401,0.6230460343637857,1.03194652846926,1.7989786087881579,1.2093101996769855,0.32235791329678304,0.655027243618397
0.42640896368858,0.5517837866381745,0.33312885093740696,0.6715857041502927,-0.2458856773795732,-0.04223016371575705,-0.4582785099750934,-0.34574014698644134,-0.09383773326103143,0.9444149841902016,0.5441263681011906,0.027570971737768932,0.9831737321629077,-0.10914195892638445,-0.351363635344058,-0.3606535059031089,-0.43402533704726803,-0.5732946044424354,-0.592389275040306,-0.5539253206277363,-0.42818981579574683,-0.29308925428094634,-0.2727129502200063,-0.2682696271436007,-0.31233584388817465,-0.2131199579914417,-0.11767998851804333,-0.09385583014475782,-0.08714360272508292,-0.047465738285138045,-0.12252654873230362,-0.025437586491294885,0.03601634821420172,0.011457454706937893,0.11906377811448995,0.13800987120760208,0.21435148180941552,0.18611410241008217,0.23755497051898403,0.27228291033327773,0.2622198912370707,0.27106461637868556,0.4212879186038183,-0.21791414155729924,0.1178692069140681,0.25933641601392166,0.29290085994834275,0.7654297503790207,0.62962827544004,-0.0175991320496363,0.16180915978064825,1.4725884245923597,1.4178306261314593,0.06464616504788588,0.09618457165815668,0.03468395562548539,-0.13583202776901626,0.5980586440314057,0.7289732074059075,-0.27290297042678324,-0.20799988994057408,-0.5650137226001493,-0.3150393277557572,-0.7224387983913629,-0.5177783709361916,-0.18817640397717506,-0.160088606772656,-0.7936943205990196,-0.5819179135234508,0.06177459877956396,1.0563408628744078,-0.32132248160325017,-0.32822167469977737,-0.4204817176672384,-0.44806979792227475,0.3151828521366327,0.05302384504234753,1.7381895548603834,1.3095379892300056,0.23053584109831107,0.21866913844859798,-0.564170611604848,-0.43022550049013947,1.0186678962326108,0.9854997714340162,-0.7283814305808564,-0.8008931993384844,0.8795813804456286,1.1341786007668275,0.5261505974347123,0.25922700220541384,0.5682366574041625,0.6633148952694621,-0.43786067743882834,-0.36165617619827056,-0.34459870942715737,-0.4629844511980867,0.39720781917078335,0.43315096851493645,1.1101067518041938,0.3547210911809774,0.3999859004410875,1.582653885180288,-0.48547410345588055,-0.3165169018238031,0.903470276690221,1.0779670489139976,-0.4528370126678923,-0.31492858424765535,1.8543082733461866,1.844136141857182,1.2624775000354067,-0.502546450667186,-0.6793642670217922,-0.6005076007125999,1.0195463427377482,0.9640023585327352
-1.9678922424657381,-1.7279858819125347,1.15004796364764,-2.1231945877776837,1.5349206769682515,1.5277404640168264,-0.039772251582922885,2.3205119597012738,-1.2179225161788112,-1.5097492438678632,0.8386222072245126,-0.9253504375330975,-1.4354578352735194,-0.5721858172226235,-0.0480826697530711,0.45314671365261433,0.6228197157443179,0.9076001712464394,-2.494943930079731,-2.2346355335028667,-2.0902307447999293,-1.9294682694610943,-1.8556538966820786,-1.794213516531932,-1.7088338659828153,-1.6470912781680607,-1.5940608916773746,-1.568959095800192,-1.5212861963539286,-1.4938831332336584,-1.4737880399678427,-1.4471937015147582,-1.406227602868033,-1.391930416946255,-1.3523601043672284,-1.311415994991706,-1.2860516235623944,-1.2560439021424161,-1.2292627426516685,-1.185072812616972,-1.1720632643261866,-1.1688637113934741,-1.1609398009922343,-0.3583277641823712,-0.48045164036546517,-0.656642095293528,-0.8845900343163515,-1.346909921038744,-1.3776446911547526,-1.3177151933741202,-1.190625608535218,-1.7347095237323498,-1.5448631074437156,-0.6249129287962303,-0.7782206252341769,-1.1554517766215584,-1.0060272006636153,-1.6754619855820156,-1.4861387487998894,-1.1074123347447715,-1.0867816554552705,-0.880035312261722,-0.9964685419049424,-0.768300648789164,-0.8286008047147959,-1.4165374834210067,-1.200610356953765,-0.9502157971345698,-0.9047572552840337,-0.34330473747987195,-0.4581263240423058,-0.6114556478364332,-0.6356892856597561,-0.6894465690535315,-0.6732305003957796,-1.3239045695923353,-1.315333446373075,-1.2616729361034378,-1.4339075189334138,-0.8672538784174562,-1.0368474459452661,-1.1120568273527447,-1.0261691879032255,-1.6743067347484861,-1.4768836899941669,-0.9854194299036112,-0.9791665881728715,-1.6030535942743542,-1.3750399054952906,-0.39796659919282773,-1.0189338715346854,-1.820416322562051,-1.6317505440317348,-0.8089290481496999,-0.8994348768648438,-0.34459870942715737,-0.4629844511980867,-1.5545960079414471,-1.4919644471070028,-0.8187785569029137,-0.8714752733952406,-0.6126366323211593,-0.8663269816364053,-0.9867010539265537,-1.0008777706320262,-1.5475608193509327,-1.3974835418304579,-0.5834316810652657,-0.6978204799894856,-1.6721781512931664,-1.612847475996049,-0.6558168969794562,-0.502546450667186,-0.8170499823445672,-0.9524166174550193,-1.2921837127770313,-1.2760672245962168
0.7373107620996631,1.3801884627103798,1.2844156928004002,0.6715857041502927,-0.93804814718269,-0.6393398455903534,1.6631101444502567,-0.899702425180198,0.1210971592968739,1.119712429051492,-0.24807130299339844,0.5841839444427143,0.9831737321629077,1.5756958423000298,1.6731698279431442,1.765727712936039,1.5998744725274223,1.5731708569493046,1.5932494185510575,1.5614060488580725,1.4176942055048625,1.3316180132873603,1.389262137648874,1.4392032757624484,1.3528014923803968,1.365392343696816,1.3556442254007923,1.4324593256049085,1.426728263439066,1.4252147835387083,1.4055714392225378,1.4010577155822466,1.3435760392731926,1.2668281480710664,1.2617846769477552,1.2877390659958532,1.2856903990919293,1.337577614795692,1.325365634789156,1.4081381565674944,1.364672416564319,1.4218304545106684,1.3786231739044317,-0.046297491682211256,0.23753337636997476,0.25933641601392166,1.470391754213037,0.45249053979861115,1.5718176271069835,2.1704010687159587,2.4802687626078477,1.0842608703108927,2.032729325552722,0.754205258892002,2.719400162335157,0.6127498827169067,1.495783921408357,0.5851409131813294,1.4589532838828179,0.9420444864479348,1.8080288662402002,0.6950726360461414,1.680574799395428,1.5706537214986955,1.9688010992926424,1.4415303746908787,2.0943751852864136,0.6149989682209331,1.5703443648804354,0.4668539350389998,-0.4581263240423058,2.58000918072858,2.131519212980053,1.2829623411126183,0.45257301197174477,0.3834781613753397,1.6950525947408546,0.19979853385329555,0.7608488875973217,-0.08311836447762241,1.055680194711174,0.8765672149914727,1.4951310280752153,0.7775059889805722,1.6265936903857325,0.7495870655249836,1.3383874666741618,1.0954626825951923,1.2998817096709296,0.4367199009868858,1.6971579851630254,0.6733373885226759,1.5485544218570666,0.3042760639829146,1.5205692761347356,-0.1665115210927091,0.3118849231920165,0.6175727673931319,1.3646584276868425,0.11240745419706934,1.2305756373068473,0.3999859004410875,1.582653885180288,-0.27066255325416344,0.36784396698441996,0.5497132112822194,1.1238087265203764,0.0695416609216013,0.8337471029778354,0.26308878905769806,0.5271900017226178,0.7829039007816909,1.5434441881814085,0.6974928862059577,1.7120373664518702,0.7626874476805505,1.8909277032757499
-1.9321564035679124,-1.7611220689554228,-0.8363257799060942,-2.0114033761005645,-0.033084918054990364,0.21447119484715352,-1.3087511734511366,0.47727261858165754,-1.2006289041339222,-2.2109390233130246,0.7819170185556391,-1.1524485303967154,-2.4029104622480904,-1.07076026860595,-1.1414903614889977,-1.1365347188128665,-0.9609423861598821,-0.8092696657370876,-0.773448101728348,-2.2346355335028667,-2.0902307447999293,-1.9294682694610943,-1.8556538966820786,-1.794213516531932,-1.7088338659828153,-1.6470912781680607,-1.5940608916773746,-1.568959095800192,-1.5212861963539286,-1.4938831332336584,-1.4737880399678427,-1.4471937015147582,-1.406227602868033,-1.391930416946255,-1.3523601043672284,-1.311415994991706,-1.2860516235623944,-1.2560439021424161,-1.2292627426516685,-1.185072812616972,-1.1720632643261866,-1.1688637113934741,-1.1609398009922343,-0.21791414155729924,-0.24112330145365188,-0.656642095293528,-0.8845900343163515,-1.5816143289740514,-1.4595741999953564,-1.4445557847228505,-1.3838305754374847,-1.576502001617678,-1.600762989209285,-0.6249129287962303,-0.7782206252341769,-1.2914672888783636,-1.1691887955813527,-1.4558605611307194,-1.4609670220248234,-1.3774006584947087,-1.2677073130612375,-1.2625615282793459,-1.1911626030904239,-0.9517480503803688,-0.9322082826409973,-1.4408614651921716,-1.2656429663400843,-1.1589110991819702,-1.1199834831244224,-0.34330473747987195,-0.4581263240423058,-0.6114556478364332,-0.6356892856597561,-0.6894465690535315,-0.6732305003957796,-1.3239045695923353,-1.4521691755146173,-0.8001556298013115,-1.2510111517225193,-0.7104267756294894,-1.0368474459452661,-1.2135172376764292,-1.1636946542293223,-1.6662680045067515,-1.5934462207126607,-0.9854194299036112,-0.9791665881728715,-1.6300387570430497,-1.5170711416988067,-0.6960689206855826,-1.0189338715346854,-1.6579879199243486,-1.5989638948988605,-0.8089290481496999,-0.8994348768648438,-0.34459870942715737,-0.4629844511980867,-1.3657117666080054,-1.3677634525507487,-0.8187785569029137,-0.8714752733952406,-0.6126366323211593,-0.8663269816364053,-0.9867010539265537,-1.0008777706320262,-1.5980975429806472,-1.5350085746495943,-0.4528370126678923,-0.31492858424765535,-1.5431603552697755,-1.612847475996049,-0.8156747633973614,-1.0140441103793345,-1.1153690322105796,-1.0529620508099962,-1.475654352103601,-1.430554782053386
0.7373107620996631,0.29994876511222407,-0.6574057786051546,0.6715857041502927,-0.05548499798389382,0.2070305757583735,-0.5531452265107031,-0.0023827839108766084,0.1210971592968739,0.41852264960633057,-0.8080728445576414,-0.14163937196453458,0.49944741867562226,-0.27189499822852786,-0.35668435403863674,-0.614419165764571,-0.7095276798690062,-0.7290986513228788,-0.7116581846840162,-0.6418999958329189,-0.5896736130831487,-0.5253570317565879,-0.4996538419738412,-0.3804875627727354,-0.3272602502311708,-0.3046279175096016,-0.2368908688973682,-0.19025468208684201,-0.08025341867882217,-0.029956987034920585,-0.0840838320541944,-0.06809026994199878,0.019180815711296262,0.024408957807231037,0.030741923782357107,0.113035148590014,0.13770141124726198,0.13128250658219598,0.199567931449232,0.16964027792525668,0.34138760504972254,0.38118172725910177,0.41462239898466696,0.20332672631791673,0.3571975458258814,-0.656642095293528,-0.8845900343163515,0.706753648395194,0.26094548565732295,-0.08101942772400138,-0.09579746275570725,1.2424683924255644,0.9706315720069046,-0.6249129287962303,-0.7782206252341769,-0.5773858495301372,-0.4077680192985785,-0.13825201442294097,-0.30306759037179326,0.24252928400491536,0.205544470301636,0.04252791460431233,-0.12034526657027575,0.10307450876905806,-0.10334845923138597,0.5050570765010269,0.12171936723472769,-0.21978223996866847,-0.25907857176286786,-0.34330473747987195,-0.4581263240423058,-0.6114556478364332,-0.6356892856597561,-0.5997916185914338,-0.44806979792227475,0.3151828521366327,0.1898595741838898,1.0459135954071939,0.9437452548082164,-0.7104267756294894,-0.6183419178139781,0.1663443427256808,-0.15517456783794592,0.32733709544343365,0.14042142372493563,3.4484860584139088,3.8342149103555823,1.9050175656560564,0.9921473645633114,-0.45758706349137873,-0.22008332544712342,0.596900493163757,0.38462837764003105,0.9227233485010338,0.9827905754681625,-0.1665115210927091,0.3118849231920165,1.3416290258379917,0.8057539521836989,1.3761598978327605,0.5298920004061514,0.3999859004410875,1.582653885180288,0.9466028978889,0.5389341841864758,1.105617171209079,0.20697517439280033,1.8978670184848287,3.1310984774288166,3.5315396216502695,2.0087544093740024,-0.01638543130783529,0.5204488687571113,-0.7711547439036421,-0.7010530340675769,0.4324402968927249,0.5005396861612279
0.3585108697827113,0.33308495215511225,0.015353429217607927,-1.5642385293920884,0.3947566085870656,0.3446820289008038,-1.0281244988824487,0.6154782372741312,3.2882986795179594,-0.10736968497754047,0.4263575098935758,2.881882295768729,-0.14552099930742501,-1.1498444919288227,-1.0842926355222764,-0.8288073956475304,-0.7411427028157631,-0.7124593841803072,-0.5895153254103371,-0.555238375481545,-0.47787713803802434,-0.44365479847369893,-0.50191196029975,-1.794213516531932,-1.7088338659828153,-1.6470912781680607,-1.5940608916773746,-1.568959095800192,-1.5212861963539286,-1.4938831332336584,-1.4737880399678427,-1.4471937015147582,-1.406227602868033,-1.391930416946255,-1.3523601043672284,-1.311415994991706,-1.2860516235623944,-1.2560439021424161,-1.2292627426516685,-1.185072812616972,-1.1720632643261866,-1.1688637113934741,-1.1609398009922343,-0.26471868243232327,-0.36078747090955854,2.091293438628821,-0.8845900343163515,0.29602093450840633,0.3428749944979267,0.48976323334528427,0.805825716121537,0.45143078185220553,0.38368281346842653,-0.6249129287962303,-0.7782206252341769,0.5787460046527054,-0.02705763115719137,0.5463877206311007,0.5527711199804465,0.2670736770730915,-0.07876727736488344,-0.9925430228551408,-0.8504479960158313,-0.9517480503803688,-0.9322082826409973,-0.18817640397717506,-0.37686397139372035,-0.9502157971345698,-0.7971441413638395,-0.34330473747987195,-0.4581263240423058,-0.6114556478364332,-0.6356892856597561,0.5657227374158367,-0.44806979792227475,0.0420016151818047,-0.08381188409919473,0.7382353912057763,0.5779525203864271,-0.7104267756294894,-0.6183419178139781,-0.9091360067053755,-0.705276433142333,0.865932021639653,0.6066715465989111,-0.6641219307501677,-0.6226198105040971,0.258922636765633,0.16363182004280075,-0.725879152834858,-1.0189338715346854,1.0364126414775403,0.7616748426680848,-0.5615501343424522,-0.36165617619827056,-0.34459870942715737,-0.4629844511980867,1.2157061982823638,0.9920554440180801,-0.4196988378600638,-0.5211334549448926,0.906297166822211,0.35816345177194137,-0.9150972038593147,-0.8297875534299703,1.4846425984319378,1.215492081733134,-0.5834316810652657,-0.6978204799894856,1.080201497205841,1.0210448042730793,-0.17624329772574054,0.008951209044962638,-0.8399976015650297,-0.8015984674225538,1.459875877121516,1.8909277032757499
0.7373107620996631,0.05474098099485127,-1.0981873395990531,0.6715857041502927,-0.9268481072182383,-0.6151578335518183,0.7108171831218579,-0.9850935742426167,0.1210971592968739,0.7691175393289112,-0.29114834465218636,-0.3063968118851983,0.49944741867562226,0.7917304980559023,0.7260819003081324,0.8104604301242133,0.842619399088437,0.662549146055839,0.6434090658463295,0.765694807450003,0.7816964808037105,0.8542435359630518,0.7727958346757703,0.7537937277531259,0.6438921910880793,0.7633115645943779,0.6943804530402637,0.7576673620103191,0.7928313311830764,0.7958724469336697,0.6895758410927536,0.6693272350501709,0.7122435704142378,0.6673585760003551,0.6863268219177762,0.7347273508921172,0.7306381639866796,0.7361707462707816,0.7952737714067072,0.7464749063339702,0.8046029518258773,0.8662013683125379,0.8195527158481117,0.18772521269290873,-0.12145913199774522,-0.656642095293528,-0.8845900343163515,1.1761624642658084,0.3838397489182286,2.741183729785244,0.805825716121537,0.8397583361336726,0.5793323996479193,-0.2801333818741722,0.09618457165815668,1.7688817368997494,0.4624271535960206,1.8381608056387264,0.5024276664303147,0.8684113072434065,0.25723751533191225,1.0550973099450818,0.3177163710970576,3.405127737410742,0.5182964083258226,0.9915367119243266,0.3601722683178985,0.04108688759058203,0.06376076999771506,7.35320265144941,-0.4581263240423058,-0.4663890647198417,-0.32822167469977737,-0.5101366681293361,-0.44806979792227475,0.1785922336592187,-0.08381188409919473,-0.2617187724488308,0.2121597859646378,-0.7104267756294894,-1.0368474459452661,0.45043349163199753,0.4407691195751401,0.7453510680136337,0.31526521980267647,0.9423655650170496,0.625293911336613,0.4208336133778057,-0.0020712888613014114,2.732107776481098,2.0166982035980503,1.1606225964357835,0.45020167590577953,-0.8089290481496999,-0.8994348768648438,0.011575667241739127,0.3118849231920165,0.3657271122818764,0.18474897940242815,1.7752396168756102,0.1795501819558034,0.906297166822211,0.35816345177194137,-0.41387025338864153,-0.14542668462174735,1.2572273420982225,0.6195502728502096,-0.061053007475772095,0.06796331149417485,-0.08095866700467784,-0.21359220210307453,0.14347243511006993,-0.502546450667186,1.1334976513947452,0.15358314944972729,0.9094639591418064,0.3460521287040588
0.7373107620996631,0.4457479881009322,-0.39531944504121447,0.6715857041502927,-0.6737272040216292,-0.48122668995377804,0.6250397907359954,-0.597288564856598,0.1210971592968739,0.7691175393289112,-0.8296113653870354,-0.043675488768464055,0.8219316276671459,0.7115001265689302,0.5837526752281517,0.5537779235976769,0.45270078274510256,0.35245371294427696,0.5500057028723396,0.5043968915420726,0.6015799376754545,0.6709970984571437,0.7118266398762326,0.7031856391360652,0.7366367162195554,0.7425143010675234,0.8258180903815707,0.8410122027519128,0.7918470191764677,0.7219466083216404,0.67419875442151,0.5669607947684815,0.6551898213766137,0.6368300329782355,0.5998260367471306,0.6696146812105482,0.6795381169452439,0.7527072592982393,0.7443366053813578,0.7744683515361578,0.8425023892893808,0.8308966457401907,0.8212190957528995,-0.06189900530721926,-0.24112330145365188,0.03034178818705923,0.8816463070806899,0.13955132921820151,-0.14870205854569596,0.6483139725311969,0.4194157823170037,-0.35398933073157807,-0.03556629977334352,3.1676620873464083,0.9705897685504902,1.054800297551523,0.7343631451255829,0.12010260257858418,0.049336584479128955,0.46342882161850046,0.33477708287732666,0.40255258850325254,0.6584309781716502,0.10307450876905806,0.5182964083258226,0.21316929524704714,0.23010704954525987,0.14543453861428224,0.6018263395986866,-0.34330473747987195,-0.4581263240423058,4.030675011894496,0.2867135472201803,0.11744798510534799,0.6777337144452497,0.5883640890914608,0.6003667616085165,1.7381895548603834,0.5779525203864271,-0.8672538784174562,-1.0368474459452661,0.6939384764088405,0.6699782301186347,0.12636883940006818,-0.10727395405186385,1.5849605633239365,1.5166608555085488,-0.3752286882987105,-0.40449312477126376,0.28766874024050837,0.5787672206404386,0.6828920004425407,0.18790848284278558,0.6753444346937861,0.4450118748015893,0.18966285557618737,1.0867542975821196,-0.20092561171844858,-0.4983564906569697,1.0435934652970522,1.5809174557571952,-0.1063253659400359,0.35816345177194137,0.4453759474182268,0.7100244013885315,-0.28414272860806994,-0.2514416016709877,5.554517733611284,5.0455579561379675,1.7252904773227957,0.03333519917215625,0.4631881679458804,0.5204488687571113,0.6286500285445702,1.0082193329670315,0.17558140183552717,-0.11741054366744849
0.7373107620996631,1.5392421605162432,1.5703280566883349,0.6715857041502927,-1.0074883949622906,-1.3220166469859198,1.7200301743716229,-0.9623527073155858,0.1210971592968739,1.119712429051492,-0.4634565112873382,0.6910536352020639,1.1444158366586694,1.7797102155097588,1.9458566610403034,2.0792887294315237,1.9626944977735366,1.7562027955175923,1.7628124467192237,1.7570512220755683,1.6313496911466558,1.5860621112255002,1.5473304204624905,1.4865108368610054,1.4775268882468648,1.3248376798194499,1.2751514087344107,1.23664915759755,1.257426598302373,1.317244150829034,1.255644844177912,1.3223872105509484,1.3164521257962893,1.4092946821742909,1.3355379779879897,1.3956655458790015,1.2583783049835757,1.341929328750286,1.3797561680026647,1.3623307007820966,1.3933075470922993,1.3453368889372495,1.2211502729019807,-0.18671111430728324,0.5965258847376947,0.03034178818705923,0.8816463070806899,0.061316526573099106,0.7525225387009457,0.9971255987402049,1.5786455837306035,0.6096383039668772,0.9147316902413353,0.40942571196994393,0.9705897685504902,1.598862346578743,2.039655904467481,0.7014004908320158,1.9120443658340036,0.8561391107093185,1.7563358212099238,0.7850788045208765,1.680574799395428,0.3782456111558651,1.2435487538092325,1.696932183288111,2.2461179405211587,1.9715184315290357,2.6464755040823786,1.2770126075578716,1.0563408628744078,1.2744099326792564,1.8240516020200743,0.29675788602954345,0.6777337144452497,0.5200687798527537,1.4213811364577702,0.507476738054713,1.675330723651795,0.7010171494622113,0.21866913844859798,1.4041613486746323,2.5494929365752905,0.488111700278126,1.335187363589498,0.10699206721809662,0.2687471336678387,0.04304133461606924,0.6370692740545212,0.13861757949413095,1.3776177667280005,1.0077488057179458,1.761667641220749,1.541170633019153,2.596126677467882,0.011575667241739127,0.3118849231920165,0.7120148880598528,1.2404574331305884,1.1101067518041938,1.9312592742075434,-0.1063253659400359,0.35816345177194137,1.591037548494051,2.2498363562070334,0.5749815730970766,1.215492081733134,0.2001363293189747,0.06796331149417485,0.349100653073292,0.6094991354810281,-0.495959030561551,0.008951209044962638,1.6842405126858453,2.415855399936709,-0.19135987681761243,0.26880834997547426
0.47286555425575333,0.18728572916640412,-0.4774306404553114,0.6715857041502927,-0.8014076596163789,-1.0857769909171544,-0.38849435461774723,-0.904624869171121,-0.06172102517766626,0.06792775988374988,-0.24513423197120815,-0.2173387362524071,-0.14552099930742501,0.0753878954936514,-0.06271464616316258,-0.17543374267089235,-0.30605976797706175,-0.4038766117180697,-0.398397675017404,-0.2794968561817189,-0.34993228326415976,-0.32110144854936545,-0.33142402669363524,-0.17475468078598844,-0.08846974874323224,-0.023864859897065605,0.05553240177670223,-0.018544227065004554,-0.018241762262475376,0.05564135241058701,0.06680383090738429,0.0617634552301442,0.20343636588198383,0.08176561439424354,0.0425788733320244,0.08806042597242592,0.044311670102569166,0.20526164381029638,0.18834448808771434,0.23156517185736858,0.197369742688409,0.12228042839522248,0.08801193764625062,-0.3583277641823712,-0.48045164036546517,-0.19865283963980318,0.29290085994834275,0.19822743120202832,-0.31256107622690354,-0.23957016690991406,-0.5466090521943293,-0.35398933073157807,-0.3709655903667596,-0.6249129287962303,-0.7782206252341769,-0.1353354346955209,-0.5165424159104034,0.8822487227330834,0.049336584479128955,-0.10109221894955037,-0.4406185925768173,-0.3174967592946279,-0.5097333889412388,-0.40140584560675474,-0.7249933267885945,0.006415450192144806,-0.4418965807800397,-0.3763037165042188,-0.4743047996032565,-0.34330473747987195,-0.4581263240423058,-0.6114556478364332,-0.6356892856597561,-0.061861915818847465,-0.44806979792227475,0.5883640890914608,0.1898595741838898,0.12287898280294114,-0.7023220500898354,0.07370873831034433,-1.0368474459452661,-0.340957708892742,-0.5219091447075374,0.5363440817285337,0.3298355361424882,-0.15004593210465816,0.2687471336678387,0.7851333107551945,0.7791005102580373,-0.040243813401521944,-0.8591637623171731,0.6733373885226759,0.07315521087772574,0.05689715017566696,-0.8994348768648438,-0.34459870942715737,-0.4629844511980867,0.7749763018376666,0.6194524603493177,0.11240745419706934,-0.5211334549448926,-0.6126366323211593,-0.8663269816364053,0.5169797974854657,-0.14542668462174735,0.6760550203565057,0.43618356242469436,0.2001363293189747,-0.31492858424765535,0.349100653073292,0.1156443329305665,-0.6558168969794562,-0.502546450667186,-0.4498880748171672,-0.5502348840351114,1.2030169820643182,0.26880834997547426
0.7373107620996631,-0.17721232830536623,-1.5151428702689576,0.6715857041502927,-0.879807939367541,-0.7621100605552237,0.08469685398683494,-0.9552619082760518,0.1210971592968739,0.41852264960633057,0.8827010405497847,-0.46224844424258316,0.49944741867562226,0.3263943434314641,0.29377350637361155,0.2125068637839865,-0.08023817550022713,0.003029102950272781,0.10741745985712592,0.1682548489670464,0.1593627697191847,0.264820281565067,0.2861713354424229,0.32142462282910705,0.3400739191056575,0.3816817788765975,0.3265588477673041,0.32889330180959053,0.30559688791178014,0.30562741192758075,0.3157204213981415,0.3622279142051028,0.2894846431190562,0.22238193376885482,0.34396581955816846,0.33423983463150836,0.3852723288100797,0.465494138295026,0.3938198357831913,0.4029189879434864,0.5005652423964375,0.5055888448949918,0.4154555889370609,-0.3115232233073472,-0.12145913199774522,-0.4276474674666656,-0.2958445871840044,1.7238060827815251,0.30191024007762485,1.4093575206235778,-0.22460077402388498,0.6959333160294255,-0.1473660633044822,-0.2801333818741722,0.09618457165815668,-0.2713509469523259,-0.5165424159104034,1.7735721513883451,0.049336584479128955,0.43888442855032433,-0.20799988994057408,-0.20498904870120907,-0.6557539348303498,-0.3555439952089536,-0.3105634150837888,-0.005746540693437685,-0.3335088984695075,-0.32412989099236866,-0.6895310274436451,-0.34330473747987195,-0.4581263240423058,-0.6114556478364332,-0.6356892856597561,0.5657227374158367,0.22741230949823987,1.6810890369107727,0.32669530332543206,1.0459135954071939,-0.5194256828789408,-0.23994546726558916,-0.19983638968269005,0.5113097378262083,-0.4760673225988384,1.621572664362707,0.18413237274437083,-0.3428244315967242,-0.44434642166970995,1.0010146129047583,-0.2151181431665756,0.4367199009868858,-0.060313216229611,1.0364126414775403,-0.09077803478664546,-0.43786067743882834,-0.36165617619827056,-0.34459870942715737,-0.4629844511980867,0.019439336503900027,-0.12575350698820725,0.7110270327613442,-0.5211334549448926,0.906297166822211,1.582653885180288,0.01575284701479263,-0.14542668462174735,0.7265917439862202,0.02360846396728511,-0.5834316810652657,-0.6978204799894856,0.1770769250421041,-0.378210469619895,6.377929225408375,0.5204488687571113,-0.4269404555967047,-0.7010530340675769,0.7993815755458645,0.11432079251830517
-0.31689648538619336,-0.24348470239114264,0.10549899434334381,0.22442085744181653,2.4309238741243897,2.2718023728948284,-0.3927314544420723,1.4674069470954336,-0.41576497286588665,0.593820094467621,0.0006879499520278355,-0.33551195199591866,0.6606895231713841,-1.0501296016521573,-0.8262377788352087,-0.7879715423364905,-0.8826575674345795,-0.7411999365174764,-0.576582552075477,-0.4199937255392493,-0.3362682696475334,-0.23589769098292407,-0.19367880881319816,-0.17255432910698582,-0.07994151654723444,-0.1528078937635636,-0.1431523988555059,-0.05670210595874621,-0.024147634302127453,-0.009530110576333546,0.023555774644511415,0.1963563674523654,0.2932258725641463,0.37872507833667923,0.4787249375082268,0.402028367450676,0.5174276228827582,0.6952646350975966,0.7754169100747913,-1.185072812616972,-1.1720632643261866,-1.1688637113934741,-1.1609398009922343,0.10971764456786874,0.9555183931054148,0.488331043840784,0.29290085994834275,-0.5841205952489957,-0.5583496027487148,-0.4932513496073743,-0.6110107078284183,0.034338223549889024,-0.17531600418726687,1.7885438996581762,0.9705897685504902,0.8847809072305167,0.6799759468196704,0.19760898767904173,0.02416485770406308,-0.5674356872448967,-0.4923116376070935,-0.36249984353199544,-0.5584069042376091,0.05721265837125689,-0.3105634150837888,-0.35844427637532994,-0.09505599738633667,0.4584774916853828,-0.25907857176286786,-0.34330473747987195,-0.4581263240423058,0.2589438508631159,0.594181158180159,1.0139974897263253,0.0022516070247350006,-0.5726561679665583,-0.35748334238227925,1.1997526975079025,1.3095379892300056,-0.3967725700535559,-0.6183419178139781,-0.5235864474753742,-0.43022550049013947,-0.4443810077630897,-0.427820913527722,-0.9854194299036112,-0.9791665881728715,-0.3347509441456673,-0.2861337612683337,-0.5470177599392052,-0.5396235438821483,0.18605218060956835,0.056761886311288624,0.3042760639829146,0.17612252446830268,0.18966285557618737,1.8616236719722228,0.7749763018376666,0.43315096851493645,0.11240745419706934,0.3547210911809774,-0.1063253659400359,0.35816345177194137,-0.27066255325416344,-0.48760711902585885,-0.05672747227435465,-0.0680748912454725,-0.1916476758731455,0.06796331149417485,-0.8980713751528207,-0.7897561384119464,-0.8156747633973614,-1.0140441103793345,-0.3580975979353172,-0.6005076007125999,0.2856637854314691,-0.2718981011246176
0.7373107620996631,2.175456951739697,2.7139775122400724,0.6715857041502927,-0.9582082191187031,-1.357359587657625,1.693358223178103,-0.8981024122791392,0.1210971592968739,0.7691175393289112,0.6134695301823603,1.1185323982394617,0.8219316276671459,1.7625179930482648,1.8554044432324652,1.84156572622797,1.7699934055266378,1.6457785681168897,1.538644375581648,1.5154491289747682,1.4549596971865706,1.4786820331965604,1.5428141838106728,1.4634071442314776,1.4327536692178764,1.4381827660408069,1.3780599464977594,1.4987335363150913,1.4729909277496738,1.4300783255526577,1.4853400763296145,1.4730933587434354,1.4408480048455354,1.4416734399250237,1.3064008714041935,1.269008024032662,1.275117975566115,1.31668938781364,1.367669382844107,1.2257566196441512,1.210548037546071,1.1679726874428387,1.1928218145205876,-0.3583277641823712,-0.48045164036546517,1.1753149273213714,3.2366280956100786,1.3521907702172888,3.374266821600267,1.250806781437665,2.5446704182419366,1.4294409185610855,3.45817631057474,0.754205258892002,2.719400162335157,1.5648584685145417,2.474753490914781,0.7401536833822445,2.2896202674599917,1.9360924057090676,3.0745084694819687,1.9551589946924322,2.7027186206192058,2.3961670286591166,2.9012684006284553,1.8307140830295183,2.8097338885359258,1.8149969549934855,3.399767301523739,-0.34330473747987195,-0.4581263240423058,0.6941436002128905,1.5165839910600956,0.8346875888021298,0.45257301197174477,1.2713171814785307,2.6529026987316504,0.3536376359540043,1.8582270908626894,0.857844252250178,1.055680194711174,0.6533543122793667,1.9535492491622044,1.4206044083193416,3.0544846916872825,0.1712515670487853,1.3383874666741618,1.4057920544351903,2.625506580903747,0.46653013313616126,2.4960085312505873,1.3134963871536212,2.8928070363049105,1.1701022623082815,2.058347976801309,-0.1665115210927091,0.3118849231920165,0.7749763018376666,2.48246737869313,0.31194731371849427,1.0554047280816734,0.906297166822211,1.582653885180288,0.01575284701479263,0.5389341841864758,0.37283467857821867,1.8114338906160585,-0.3222423442705189,0.06796331149417485,0.26308878905769806,1.6795178743403614,0.6230460343637857,3.077937167317854,1.8219262280086204,2.2650372499042435,1.1296287263336902,2.972340605475934
-1.7356092896298714,-1.6153228459667146,-0.8180108719002287,-0.22274398926665967,0.948038582830981,1.0403799137017353,-1.327557450194155,0.04729654564408402,-1.4914760157979632,-1.6850466887291538,-0.020321388297399438,-1.358901342090913,-1.919184148760805,-1.2369517524003923,-1.218640782560389,-1.2517501620833005,-1.2530049790965883,-1.3144983226115352,-1.2375909669683285,-1.1277302917421363,-1.0294064149273046,-0.7973087511124898,-0.7751442777347154,-0.7644489307586961,-0.7494077439330622,-0.6820982505220111,-0.6118447490648175,-0.6632115494276926,-0.682652366723334,-0.6174728623199954,-0.5434742963575996,-0.6273143418512277,-0.5139443802140434,-0.17171380342577944,0.010710163005997078,-1.311415994991706,-1.2860516235623944,-1.2560439021424161,-1.2292627426516685,-1.185072812616972,-1.1720632643261866,-1.1688637113934741,-1.1609398009922343,-0.3583277641823712,-0.48045164036546517,-0.656642095293528,-0.8845900343163515,-1.1904403157485393,-1.254750427893847,-1.1908746020253902,-1.255027264169307,-1.389529475482157,-1.4610132847953616,-0.6249129287962303,-0.7782206252341769,-0.9854323863005522,-1.0060272006636153,-1.442942830280643,-1.3854518416996258,-1.254678693153828,-1.2677073130612375,-1.2400599861606623,-1.1911626030904239,-0.8600243495847664,-0.9322082826409973,-1.428699474306589,-1.2873205028021908,-1.1067372736701202,-1.1199834831244224,-0.34330473747987195,-0.4581263240423058,-0.6114556478364332,-0.6356892856597561,-0.6894465690535315,-0.6732305003957796,-1.1190186418762142,-1.0416619880899904,-0.5693969766502484,-0.88521841730073,-0.8672538784174562,-1.0368474459452661,-1.2135172376764292,-1.1636946542293223,-1.48941593918859,-1.4623133736543552,-0.9854194299036112,-0.9791665881728715,-1.2927242224343563,-1.3513680327947046,-0.725879152834858,-1.0189338715346854,-1.4764502934469164,-1.4514239738009265,-0.8089290481496999,-0.8994348768648438,-0.34459870942715737,-0.4629844511980867,-1.3027503528301916,-1.3677634525507487,-0.6192386973814887,-0.6963043641700666,-0.6126366323211593,-0.8663269816364053,-0.9867010539265537,-1.0008777706320262,-1.2443404775726457,-1.351641864224079,-0.5834316810652657,-0.6978204799894856,-1.3711366272385874,-1.3659200747208182,-0.6558168969794562,-0.502546450667186,-1.1153690322105796,-1.0529620508099962,-0.8885483062585777,-1.0443358884104632
-0.599209612679016,-0.6344917094972236,-0.339501655690636,0.6715857041502927,0.338756408764807,0.41536791024421393,-0.7741697755072802,-0.2569488761579249,-0.8028758271014772,-0.4579645747001212,1.144803603882128,-0.769498805175713,-0.30676310380318683,-0.849553672934727,-0.7943134666677363,-0.7340098790326164,-0.7923289304438456,-0.8062443444384382,-0.7906917995081615,-0.6156388987567449,-0.4816036872061951,-0.44365479847369893,-0.3777154523747658,-0.30017472648913895,-0.32832627925567054,-0.2963090120988598,-0.2898734823992904,-0.26958290399751544,-0.28695894006664485,-0.33441471710814646,-0.3051294529533224,-0.23964884115483004,-0.22493440558083294,-0.22537003055556534,-0.21510241301842503,-0.12422471627707271,-0.06846084750611649,-0.048008108347082634,0.08301678884885642,0.13655711541358045,0.14431053023950402,0.07268569906740145,0.08801193764625062,-0.3583277641823712,-0.48045164036546517,-0.656642095293528,-0.8845900343163515,-0.1733878813622081,-0.3944905850675073,-0.7469325323048347,-0.6754123634625071,-0.16701680459605686,-0.17531600418726687,-0.6249129287962303,-0.7782206252341769,-1.0194362643647534,-0.7884784074399656,0.003843024927897863,-0.22755241004659565,-0.9724181728698027,-0.8283164303038892,-0.9250383964990895,-0.8504479960158313,-0.8600243495847664,-0.8286008047147959,-0.8205999300274646,-0.7020270183253169,-0.8458681461108697,-0.7971441413638395,-0.34330473747987195,-0.4581263240423058,-0.6114556478364332,-0.6356892856597561,-0.6894465690535315,-0.6732305003957796,-0.6409514772052654,-0.35748334238227925,-0.49247742559989394,0.029263418753743168,-0.08311836447762241,-0.19983638968269005,-0.9903043349643231,-0.8886437215771287,0.10225264867486433,-0.09270363771205212,-0.599862430919479,-0.8008931993384844,-0.6180951532169696,-0.5938681063759519,-0.725879152834858,-1.0189338715346854,-0.02414928162745845,-0.25471128045101665,-0.43786067743882834,-0.6305455265315572,-0.34459870942715737,-0.4629844511980867,-0.45277126682970414,-0.5604569879350968,0.178920740704211,0.004379272730629412,-0.1063253659400359,0.35816345177194137,-0.9150972038593147,-0.8297875534299703,-0.38521617586749896,-0.34312495688374534,-0.5834316810652657,-0.6978204799894856,-0.5110179870826477,-0.378210469619895,-0.6558168969794562,-0.502546450667186,-0.8858928400059547,-0.8518711841000424,-0.2280540046829264,-0.2718981011246176
-0.1346437070072826,0.2601853406607582,0.9754486448939244,-1.4524473177149693,2.5832444176409335,2.3982928974040885,-0.12941926681842916,2.7426135693196656,1.8908849893452466,0.9444149841902016,-0.6860470520889527,2.3390328438433965,0.9831737321629077,-1.0810756020828467,-0.6719369366924258,-0.4394083658601144,-0.19164349445546555,-0.13008503419030024,0.06574519022257658,0.22209009797320292,0.5754940934982588,0.7036779917702993,0.7581180655573632,0.805501992209688,-1.7088338659828153,-1.6470912781680607,-1.5940608916773746,-1.568959095800192,-1.5212861963539286,-1.4938831332336584,-1.4737880399678427,-1.4471937015147582,-1.406227602868033,-1.391930416946255,-1.3523601043672284,-1.311415994991706,-1.2860516235623944,-1.2560439021424161,-1.2292627426516685,-1.185072812616972,-1.1720632643261866,-1.1688637113934741,-1.1609398009922343,-0.3271247369323552,-0.36078747090955854,0.9463202994945089,0.29290085994834275,-0.1342704800396569,0.30191024007762485,0.045821163624728774,0.3550141266829149,-0.842994399086018,-0.5666151765462523,-0.2801333818741722,0.09618457165815668,0.10269171175388789,0.35365275698419574,-0.189922937823246,-0.0010068690710027923,0.3407068562776198,0.6190888305438461,1.2351096468945517,1.1938396464317242,0.7910022647360756,1.4507637096616353,0.9307267574964141,1.3139838726505817,1.1367372233394342,1.1398919091996582,-0.34330473747987195,-0.4581263240423058,-0.031189315370067156,0.2867135472201803,0.02779303464325026,0.9028944169187545,-0.3677702402504373,-0.08381188409919473,0.19979853385329555,0.39505615317553244,-0.23994546726558916,0.21866913844859798,1.1809484459625263,1.2659219175317207,-0.6453492638064551,-0.3403990154888516,0.10699206721809662,0.09047374483345154,-0.8339764553665334,-0.6648837244777099,-0.1296745098493484,-0.060313216229611,-0.16746846042543126,0.10594186001059998,0.9227233485010338,0.9827905754681625,0.3677500439106356,1.0867542975821196,0.27128499161515557,0.4952514657930635,2.9724787740041596,5.084335640260675,-0.1063253659400359,0.35816345177194137,0.9466028978889,0.8811146185905873,-0.43575289949721346,-0.1597582464582301,0.0695416609216013,0.06796331149417485,-0.6400357831060387,-0.5428287371367155,-0.17624329772574054,0.5204488687571113,1.0646547937333577,1.5612192164194048,-0.7050776669320079,-0.5808732160389558
-1.1781302028237914,-1.1315345151405467,-0.42492148271648045,-0.893491259329374,0.2558761130278642,0.46559208909347904,-1.2584308372259327,-0.022073862629402637,-0.6324102226590006,-1.6850466887291538,1.6476448712179579,-0.6514968549622645,-1.4354578352735194,-1.2254902707593964,-1.2279520402759019,-1.1963300754468893,-1.1461160919908866,-1.0104535320972718,-0.9027758350769494,-0.8651193209803971,-0.8641960684717319,-0.7949744015901216,-0.7299819112165393,-0.7215420730181447,-0.6769177702670808,-0.6072281018253348,-0.47327483682902094,-0.4553515249275735,-0.3420804124367309,-1.4938831332336584,-1.4737880399678427,-1.4471937015147582,-1.406227602868033,-1.391930416946255,-1.3523601043672284,-1.311415994991706,-1.2860516235623944,-1.2560439021424161,-1.2292627426516685,-1.185072812616972,-1.1720632643261866,-1.1688637113934741,-1.1609398009922343,-0.3583277641823712,-0.48045164036546517,-0.656642095293528,-0.8845900343163515,-0.3494161873136885,-0.4354553394878092,-1.2225847498625726,-1.126223952901129,-0.9292894111485663,-1.1535639350847302,-0.6249129287962303,-0.7782206252341769,-1.1214478985573573,-0.9516400023577029,-0.8099740186269064,-0.9323607597484401,-1.2055899070174758,-1.1126281779704086,-1.2400599861606623,-1.1424890877940534,-0.9517480503803688,-0.9322082826409973,-1.1489736839381919,-1.0271900652569135,-0.9502157971345698,-0.7971441413638395,-0.34330473747987195,-0.4581263240423058,-0.6114556478364332,-0.6356892856597561,-0.6894465690535315,-0.6732305003957796,-0.2311796217730233,-0.6311548006653638,-0.49247742559989394,-0.5194256828789408,-0.7104267756294894,-0.6183419178139781,-1.1932251556116922,-1.1178528321206234,-0.5167295799387013,-0.7483678730035802,-0.9854194299036112,-0.9791665881728715,-1.306216803818704,-1.1856649238906025,-0.725879152834858,-1.0189338715346854,-0.8745097424954305,-1.0088042105071242,-0.8089290481496999,-0.8994348768648438,-0.34459870942715737,-0.4629844511980867,-0.8935011632744013,-0.9951604688819863,-0.8187785569029137,-0.8714752733952406,-0.6126366323211593,-0.8663269816364053,-0.9150972038593147,-0.8297875534299703,-0.18306928134864092,-0.48064998970288175,-0.5834316810652657,-0.6978204799894856,-0.2959883270436628,-0.5428287371367155,-0.8156747633973614,-1.0140441103793345,-1.1153690322105796,-1.0529620508099962,-0.11797162108698452,-0.19465432239603303
0.7373107620996631,0.7373464340783484,0.1288532220866652,0.6715857041502927,-0.8708479073959796,-0.8086139298600987,0.10138544914702599,-0.9176930633335565,0.1210971592968739,0.593820094467621,0.7965469572322088,0.1522522776236767,0.49944741867562226,0.35390189936985456,0.30574512343641363,0.30147068706875196,0.18020939448972212,0.25261811008884716,0.23674519320572732,0.27855145668697684,0.2885498075491062,0.3616957867433497,0.320043110331055,0.4325423826187404,0.42962035716363445,0.40767835828516563,0.3296155370077996,0.4162547613821043,0.39910652853960465,0.21613823887091374,0.2273021730384903,0.2570179616933665,0.28200218422887596,0.3093420260136802,0.2483596885800865,0.33245592587310924,0.19761181122687624,0.3723674596667114,0.43180687485294333,0.4292158607091778,0.38097146195604853,0.3559640682788538,0.41462239898466696,-0.21791414155729924,0.1178692069140681,0.7173256716676465,0.29290085994834275,0.804547151701572,0.26094548565732295,1.1556763379261175,0.6126207492192703,1.645178448717456,1.3339808034831053,0.06464616504788588,0.9705897685504902,0.8507770291663155,0.4624271535960206,1.5022998035367439,1.6603270980833449,0.8929557003115827,0.38647012790760293,1.0100942257077141,0.1716958252079465,-0.26382029441335125,-0.2069559371575874,0.6510009671280168,0.3601722683178985,0.8236942702683335,0.17137388391790936,-0.34330473747987195,-0.4581263240423058,-0.6114556478364332,-0.6356892856597561,-0.4204817176672384,-0.22290909544876988,0.9981359445237027,1.4213811364577702,0.507476738054713,0.9437452548082164,-0.5535996728415227,-0.6183419178139781,0.43014140956726066,-0.109332745729247,1.55726282242883,1.43717957796818,-0.21430543193534685,-0.2660730328353228,1.4462697985882333,1.0631629826650695,-0.1296745098493484,-0.22008332544712342,1.590580132829702,1.4010145007591326,0.3042760639829146,-0.8994348768648438,-0.34459870942715737,-0.4629844511980867,1.9082817498383167,1.675160914077478,0.0458941676899277,0.1795501819558034,-0.1063253659400359,0.35816345177194137,0.4453759474182268,-0.3165169018238031,1.5351793220616523,1.6280671801905433,-0.4528370126678923,-0.31492858424765535,0.6931481091356679,0.6918082692394383,1.9019089657070276,1.5434441881814085,1.1564452706152077,0.05303771609475033,1.5332641328521437,1.0412461372613198
-1.5211942562429175,-1.2707065007206773,0.7766943323248022,-1.2288648943607312,1.7992416201293122,1.747238727135837,-0.8577426533767899,1.6960138133636145,-0.8975155941163637,-0.10736968497754047,-1.051663258699597,-0.6437899061094268,-0.46800520829894865,-1.2289287152516952,-1.263866891464308,-1.2065390387746493,-1.0979408189291617,-0.7275859906735541,-0.7116581846840162,-0.7023005191081189,-0.4120414360670066,-0.2242259433710828,-0.0739985375400315,-0.08233991026787754,0.06610445980922798,0.3120109460616349,-1.5940608916773746,-1.568959095800192,-1.5212861963539286,-1.4938831332336584,-1.4737880399678427,-1.4471937015147582,-1.406227602868033,-1.391930416946255,-1.3523601043672284,-1.311415994991706,-1.2860516235623944,-1.2560439021424161,-1.2292627426516685,-1.185072812616972,-1.1720632643261866,-1.1688637113934741,-1.1609398009922343,0.17212369906790073,0.5965258847376947,-0.656642095293528,-0.8845900343163515,-1.2686751183936418,-1.1728209190532433,-1.2860050455369378,-1.190625608535218,-1.4039119774925817,-1.181513875967515,0.40942571196994393,0.09618457165815668,-1.1554517766215584,-1.0060272006636153,-1.4816960228308718,-1.335108388149494,-1.3283118723583565,-1.190167745515823,-1.172555359804611,-1.0938155724976832,-0.9058861999825676,-0.8286008047147959,-1.3800515107642592,-1.1355777475674456,-1.00238962264642,-0.7971441413638395,0.06177459877956396,1.0563408628744078,-0.6114556478364332,-0.6356892856597561,-0.6894465690535315,-0.6732305003957796,-0.9141327141600933,-1.315333446373075,-0.8001556298013115,-1.0681147845116246,-0.5535996728415227,-0.6183419178139781,-1.1526409914822184,-1.0261691879032255,-1.4331448274964476,-1.3311805265960495,-0.9211599300729225,-0.9791665881728715,-1.1173206644378357,-0.8305868333818122,-0.5470177599392052,-1.0189338715346854,-1.419122621927727,-1.1727374561714954,-0.8089290481496999,-0.8994348768648438,-0.34459870942715737,-0.4629844511980867,-1.2397889390523777,-1.1814619607163674,-0.752265270395772,-0.6963043641700666,-0.6126366323211593,-0.8663269816364053,-0.5570779535231195,-0.48760711902585885,-1.4464873720915037,-1.3974835418304579,0.2001363293189747,-0.6978204799894856,-0.9410773071606177,-0.8720652721703566,-0.8156747633973614,-1.0140441103793345,-1.0694737937696546,-1.0026893341325078,-1.2921837127770313,-1.3533110033248013
0.4978806414842313,0.4523752255095098,0.0031570975806806344,0.6715857041502927,-0.530366692476647,-0.44774390405426795,0.5843116715950528,-0.36157297592612103,-0.044427413132777274,0.593820094467621,-0.03196618506737134,-0.03922258498682451,0.49944741867562226,0.6794079779741414,0.644940940215807,0.5814879669158826,0.49485414667411165,0.37665628333347206,0.28272838728523003,0.3533955833540725,0.30221382116573253,0.3885408062505846,0.522144700499893,0.6294738578894767,0.6470902781615785,0.5470200239150909,0.7544953414366755,0.6823557589305659,0.7052275625949039,0.6879018142239953,0.6617048715011244,0.650370486849858,0.5943948428938995,0.6386802477068488,0.7928593678647817,0.8257066975704737,0.8081692698426509,0.810149883498882,0.848800962823176,0.8117929451390745,0.7886009671190647,0.8636796024145131,0.8128871962289604,-0.3583277641823712,-0.48045164036546517,-0.4276474674666656,-0.2958445871840044,0.3546970364922331,0.13805122239641726,0.36292264199655416,0.6770224048533592,0.4370482798417808,0.27188304993728785,-0.6249129287962303,-0.7782206252341769,0.06868783368968664,0.13610396376054595,1.2051919939849898,1.1065491090318957,0.3897956424139721,-0.0012277098194690464,0.08753099884167985,-0.022998235977535007,0.05721265837125689,0.10386649662101688,0.06722540462005726,0.035009221386301935,1.032389572315734,0.6018263395986866,-0.34330473747987195,-0.4581263240423058,-0.32132248160325017,-0.32822167469977737,0.02779303464325026,-0.22290909544876988,-0.16288431253431632,0.4635310324669743,-0.5693969766502484,-0.15363294845715147,0.07370873831034433,-0.6183419178139781,0.3286809992435761,0.2574018311403444,0.7051574168049607,0.6066715465989111,1.070884564678427,1.1601140778397745,0.8930739618299764,0.49503803785100503,0.13861757949413095,0.7385373298579511,0.5777912693240274,0.7616748426680848,1.0464128054046578,0.17612252446830268,-0.1665115210927091,0.3118849231920165,-0.16944490482954164,0.3089499739586823,-0.02061911881721394,-0.5211334549448926,-0.1063253659400359,0.35816345177194137,0.1589605471492707,0.5389341841864758,0.49917648765250494,0.48202524003107317,-0.4528370126678923,-0.31492858424765535,0.1770769250421041,0.19795346668897676,0.9427617671995961,-1.0140441103793345,0.032011928812545255,-0.24859858397018056,0.4324402968927249,-0.04016676493886393
0.7373107620996631,0.22042191620929233,-0.8003619605491213,0.6715857041502927,-0.49900658057618225,-1.4764094930781053,0.24164911799339336,-0.6332173177347381,0.1210971592968739,0.24322520474504025,-1.3249973444630965,-0.19507421734420938,0.33820531417986044,0.7745382755944084,0.856439508325311,0.7987930434639162,0.6107758974788867,0.48708051073417463,0.5471317532423706,0.30481255376315075,0.29227635671727703,0.3511912138926925,0.4634336240262641,0.38633499735968496,0.4733275471681232,0.3900006842873393,0.35406905093176366,0.32889330180959053,0.38138891242064843,0.40484366901214636,0.4300875035155164,0.49018596455721447,0.49431695523773933,0.4027778698086522,0.37310292614196483,0.20312254088917098,0.26633256414466905,0.26270426801093905,0.3221624666288863,0.46738874053034263,0.41044880220544017,0.45599411556717073,0.4212879186038183,-0.3583277641823712,-0.48045164036546517,2.778277322109408,0.29290085994834275,-0.7992663025230273,-0.4354553394878092,1.3459372249492128,-0.09579746275570725,0.2213107496854102,-0.6225150583118216,-0.6249129287962303,-0.7782206252341769,-0.6453936056585396,-0.7340912091340531,0.10718487172850792,0.02416485770406308,0.1320795151981228,-0.33723250251626474,0.8975865151142953,-0.46105987364486833,0.4699693119514674,-0.3105634150837888,-0.2733103401762525,-0.4202190443179332,-0.3763037165042188,-0.3666916856830622,-0.34330473747987195,-0.4581263240423058,-0.17625589848665868,-0.32822167469977737,-0.5101366681293361,-0.44806979792227475,-0.5726561679665583,-1.0416619880899904,-0.2617187724488308,0.029263418753743168,-0.8672538784174562,-1.0368474459452661,0.02429976827252241,-0.15517456783794592,-0.026367035192889555,-0.22383648477035772,-0.40708393142741295,-0.6226198105040971,-0.6450803159856652,-0.5701962336753659,-0.6960689206855826,-0.8591637623171731,-0.48277065378097145,-0.6317577454790705,2.0359284606336483,0.17612252446830268,-0.34459870942715737,-0.4629844511980867,-0.043522077273913856,-0.5604569879350968,0.0458941676899277,-0.5211334549448926,-0.1063253659400359,0.35816345177194137,-0.1274548531196854,0.19675374978236418,0.2970295931336469,-0.29728327927736653,0.5919203345110949,0.06796331149417485,-0.8550654431450236,-0.7897561384119464,-0.01638543130783529,1.03194652846926,0.6515976477650327,-0.399416734002646,-0.15466574895229848,-0.34914187985320216
0.4943070575944487,0.4324935132837769,-0.029596389412249444,0.6715857041502927,0.8696383030798189,0.9752744966749102,0.24487756646188247,0.4779852625333856,-0.0468979291391901,0.7691175393289112,-0.6624230110801822,-0.05258129633174339,0.8219316276671459,-0.17561855244416136,-0.106610575393437,-0.0529261827377727,-0.013997175040355648,-0.028736770685545778,0.1433418302317374,0.09209766744614205,0.10470671525267944,0.12009061117823508,0.13600646676948736,0.21470756639747896,0.29316864202766957,0.38896082111099656,0.4009382859526948,0.47650404384590694,0.530020025418559,0.36982616651171146,0.4262432318477055,0.573595656638591,0.5438882453851832,0.6100019194133426,0.6371579545576197,0.607177874666578,0.6451777404863475,0.6865612071884084,0.6398722479395397,0.7032123092033167,0.8071295809901109,0.8182878162500667,0.8287178053244448,0.9678008939433087,2.7504809349440147,-0.4276474674666656,-0.2958445871840044,0.6480775464113672,0.5886635210197381,0.36292264199655416,0.290612471048826,0.32198826375838313,0.5513824587651346,0.754205258892002,0.9705897685504902,-0.06732767856711838,-0.13583202776901626,0.5205522589309481,0.25071039867965594,0.4143400354821482,0.17969794778649786,-0.36249984353199544,-0.2176922971630165,-0.3096821448111524,-0.2069559371575874,0.6631629580135993,0.07836429431051481,0.40630366617353275,0.06376076999771506,0.4668539350389998,2.570808049791121,-0.6114556478364332,-0.6356892856597561,-0.061861915818847465,0.45257301197174477,0.1102969244205117,-0.08381188409919473,1.4305113506589657,0.7608488875973217,0.7010171494622113,0.637174666579886,-0.05686855998642523,0.0740345427055487,0.2710659837512913,0.3298355361424882,0.6210680658636062,-0.08779964400093564,0.36686328784041483,0.7080848921562792,0.4069096688376103,1.2178476575104884,0.472690538205514,0.38462837764003105,0.6753444346937861,-0.36165617619827056,-0.34459870942715737,-0.4629844511980867,0.42868852605969027,0.2468494766805552,0.5114871732399192,0.004379272730629412,-0.1063253659400359,0.35816345177194137,0.2305643972165097,0.36784396698441996,1.1814222566536507,0.527866917637452,2.4202456920743223,0.8337471029778354,1.0371955651980438,0.5271900017226178,0.14347243511006993,0.008951209044962638,-0.15156902495115473,0.002764999417261852,-0.4115246440094962,-0.19465432239603303
0.7373107620996631,-0.0645492923595463,-1.312621612515004,0.6715857041502927,-1.1127687706281368,-0.9685872402688691,0.005823374479742011,-1.0861089013433993,0.1210971592968739,0.593820094467621,0.3765458010590265,-0.3865490799547106,0.33820531417986044,0.4536167896465199,0.39087662254967315,0.23584163710458073,0.12149578044574512,0.1769850776226125,0.08442586281737456,0.09341072229995075,0.1829642477842665,0.17611499971507324,0.036649260429499946,0.14869701602739974,0.2089523490921912,0.29641299841649393,0.33980450114278465,0.33391407534824075,0.2819733997531718,0.2190563640792833,0.2090418826163884,0.1849823185321777,0.2314955867201596,0.1992542496611885,0.17460638753985183,0.33691569776910707,0.2531170347374012,0.29751797964769217,0.35237942952527995,0.4334572918004183,0.3649694772492359,0.38370349315712654,0.4154555889370609,-0.015094464432195257,1.0751825625613212,0.03034178818705923,-0.2958445871840044,1.6064538788138716,0.13805122239641726,1.250806781437665,-0.4178057409261516,2.033506002998923,0.16008328640614916,0.40942571196994393,-0.7782206252341769,-0.4413703372733322,-0.4077680192985785,1.812325343938574,0.7289732074059075,1.4452045443455455,-0.15630684491029784,0.06502945672299609,-0.3150393277557572,0.01135080797345573,-0.6213858488623931,1.1374806025513164,0.013331684924195501,0.8758680957801837,-0.4743047996032565,-0.34330473747987195,-0.4581263240423058,0.11387726774652436,-0.32822167469977737,0.8346875888021298,-0.6732305003957796,0.5200687798527537,-0.6311548006653638,-0.10787967034812201,-0.5194256828789408,0.23053584109831107,0.21866913844859798,0.6939384764088405,-0.38438367838144055,1.24375234300118,0.18413237274437083,0.1712515670487853,-0.44434642166970995,1.0549849384421492,-0.0020712888613014114,0.10880734734485548,-0.37985343466463584,1.189286432195378,0.02397523717841438,0.05689715017566696,-0.6305455265315572,-0.34459870942715737,-0.4629844511980867,2.1601274049495722,-0.0015525124319530886,-0.8187785569029137,-0.8714752733952406,0.3999859004410875,0.35816345177194137,0.08735669708203166,0.025663532580308426,1.4593742366170805,0.11529181918004272,-0.1916476758731455,-0.31492858424765535,0.8651718371668559,0.7741174029978486,0.6230460343637857,0.008951209044962638,0.05495954803300775,-0.29887130064766904,1.5699582607174576,0.5777834648898125
0.7373107620996631,-0.12419442903674509,-1.4198387489729793,-0.33453520094377875,2.1330028110699737,2.024401788192893,0.16317298599011415,1.2761334431566047,0.968131218638372,0.593820094467621,-1.6911521985627938,0.08482259178742049,0.49944741867562226,-0.8598690064116234,-0.4657590872775005,-0.15209896935029812,0.2449449176664147,0.25413077073817186,0.3517031784044841,0.43874414885163776,0.3879244520336612,0.4212216995637402,0.49730539891489617,0.493052053791313,0.43068638618813415,0.5750963296763445,0.6475112180193326,0.6964139248387865,0.5772670017357756,0.2929822026913126,0.21961362970286843,0.39824573578569716,0.5410823233013656,0.7866974259959133,-1.3523601043672284,-1.311415994991706,-1.2860516235623944,-1.2560439021424161,-1.2292627426516685,-1.185072812616972,-1.1720632643261866,-1.1688637113934741,-1.1609398009922343,0.23452975356793274,-0.48045164036546517,2.3202880664556833,0.8816463070806899,-0.0755943780558301,-0.35352583064720544,0.14095160713627639,-0.09579746275570725,-0.023191784491809798,-0.2871157677184055,-0.6249129287962303,-0.7782206252341769,0.5787460046527054,-0.08144482946310382,-0.12533428357286472,-0.756158672322979,0.573878590425293,0.33477708287732666,1.6401374050308595,0.9991455852462428,1.7541011230899002,1.0363337979568297,0.6266769853568518,0.07836429431051481,2.8062996397186373,1.355118137040047,-0.34330473747987195,-0.4581263240423058,1.709609682029031,-0.020754063739798538,0.20710293556744572,0.0022516070247350006,-0.2311796217730233,-0.22064761324073698,-0.6463165277006028,-1.2510111517225193,2.582942382917812,0.21866913844859798,0.8765672149914727,0.4407691195751401,-0.29968386341186654,-0.5152428115665925,-0.21430543193534685,-0.2660730328353228,-0.11886964199610356,-0.6648837244777099,0.28766874024050837,-0.5396235438821483,-0.2916784153836744,-0.5497911226468848,-0.5615501343424522,-0.6305455265315572,0.5458372322450838,0.3118849231920165,0.23980428472624862,-0.06365300971008017,-0.4862121243672054,-0.3459625457197186,-0.6126366323211593,-0.8663269816364053,-0.19905870318692442,-0.3165169018238031,0.32229795494850416,-0.29728327927736653,0.5919203345110949,0.06796331149417485,0.1340709930343071,-0.21359220210307453,0.14347243511006993,0.5204488687571113,1.0187595552924327,0.4552194495146582,0.9461580870071203,-0.2718981011246176
0.7373107620996631,0.690955772218305,0.045462115952684526,0.6715857041502927,-0.698367291943423,-0.8458170253039988,2.617985864553447,-0.6253162025895962,0.1210971592968739,0.41852264960633057,-1.648075156904006,0.12108195115219966,0.49944741867562226,2.1980542954061133,2.4978812256028453,2.8449609790135213,3.0105066868660493,3.026837740950335,2.7514511194285323,2.69194627798736,2.523237125395537,2.328385259338606,2.3884794968635203,2.1730205607098294,1.8900801207282587,2.025705460674447,2.085174057465721,1.9666696301172917,1.932664634835927,1.7870623093765359,1.9303145218787288,1.8910896565603337,1.944043365210154,1.9810110333158029,1.967448977024074,1.9290542646403468,1.9094633871149718,1.7753600386278625,1.7147327852541145,1.7466043576484895,1.6535503510083571,1.7420947235598179,1.7385612333386045,-0.3583277641823712,-0.48045164036546517,-0.4276474674666656,-0.2958445871840044,-0.9948533091357833,-0.517384848328413,-0.3664107582586442,0.09740750414655937,-0.7854643910443192,-0.5386652356634676,0.06464616504788588,0.9705897685504902,0.8167731511021142,0.24487836037237085,0.13302033342866043,-0.1772089564964639,-0.4692581149721922,-0.05292075484974531,0.3125464200285175,-0.022998235977535007,0.2865219103602627,0.2074739745472183,-0.04223251335018516,0.056686757848408376,-0.6371728440634693,-0.15146545784267357,-0.34330473747987195,-0.4581263240423058,0.9842767664460734,0.9016487691401379,0.38641283649164115,0.22741230949823987,0.9981359445237027,0.05302384504234753,-0.7232360787509571,-0.3365293156680461,-0.8672538784174562,-1.0368474459452661,-0.46271020128116347,-0.017649101511849157,-0.7980851383994129,-0.588094393265651,1.4564415636625592,0.625293911336613,-0.806991292597838,-0.5701962336753659,0.10880734734485548,0.09945689298790142,-0.04325850546718816,-0.13995800848595683,-0.3141712205352045,-0.36165617619827056,0.3677500439106356,0.3118849231920165,0.46016923294859724,0.12264848212430106,-0.3531855513529221,-0.17079163649454457,-0.1063253659400359,0.35816345177194137,-0.6286818035903585,-0.14542668462174735,-0.789509964905215,-0.664016700128397,-0.4528370126678923,-0.31492858424765535,-0.03795273499688086,-0.707447004653536,-0.8156747633973614,-1.0140441103793345,-0.22041188261254221,0.15358314944972729,-0.8885483062585777,-0.5808732160389558
0.7373107620996631,0.6246833981325286,-0.07366803566728825,0.6715857041502927,-0.9559682111258128,-1.1750644199825147,1.8945153969839768,-0.9545531995593048,0.1210971592968739,0.7691175393289112,-0.7326880216547628,0.07655291333580395,0.6606895231713841,1.9653862180938944,2.2065718770746607,2.2134636760249404,2.062055998463344,1.8575510590223467,1.8016107667238042,1.7307901249993944,1.6947010270055596,1.565052965524186,1.627493621032253,1.6856426638107442,1.5724034714273403,1.6066406006083285,1.5920281933324452,1.6172237918272365,1.4641321196901957,1.5078949977758465,1.4247927975615924,1.4711976839234042,1.3678940306662783,1.348237596130052,1.3264326321805533,1.290414929133452,1.4063922343449757,1.4246118938875747,1.4669536895036863,1.5447122377054399,1.4413135012127372,1.438642227164167,1.4219490514289155,-0.2803201960573313,-0.24112330145365188,-0.19865283963980318,0.29290085994834275,0.6089601450888159,0.6705930298603419,0.6800241203683796,0.805825716121537,0.9260533481962209,0.38368281346842653,0.06464616504788588,0.09618457165815668,1.2248196878725293,1.006299136655145,0.15885579512881295,0.4520842128801829,1.2120328101978721,0.9292471007255036,1.0775988520637654,0.5610839475789094,1.2954826191118884,1.9688010992926424,1.1131566207801515,0.8804331434084529,1.606301652946085,2.000796820561213,-0.34330473747987195,-0.4581263240423058,4.610941344360861,2.746454434900011,1.462272242036814,0.6777337144452497,0.7249547075688747,1.284545407316228,-0.2617187724488308,0.2121597859646378,-0.3967725700535559,-1.0368474459452661,0.12576017859620697,0.3949272974664412,0.4157631281025144,0.3735464851619234,3.0629290594297767,4.012488299189969,0.81211847352389,0.18730369274338676,-0.01043358125224646,0.25922700220541384,0.7497742838815947,0.7124948689687735,1.541170633019153,2.058347976801309,-0.34459870942715737,-0.4629844511980867,0.49164993983750416,0.4952514657930635,0.5114871732399192,0.3547210911809774,-0.1063253659400359,0.35816345177194137,0.4453759474182268,1.052204835792643,0.09488269861478887,0.7112336280629672,-0.061053007475772095,0.4508552072360051,0.9081777691746529,0.03333519917215625,-0.495959030561551,0.008951209044962638,1.4547643204812202,1.4104010663869393,-0.15466574895229848,-0.19465432239603303
-1.5569300951407432,-1.330351637397876,0.5749127011903098,0.3362120691189356,0.24243606507052215,0.3893257434334839,-1.1655129170414946,-0.16808471134584788,-1.4216028358186141,-1.334451799006573,0.7016684097812073,-1.1945037327788668,-1.2742157307777577,-1.177352047867213,-1.2492349150542168,-1.2298738120952435,-1.2575214109461248,-1.1435676692378447,-1.0364144928705041,-0.9557201058931972,-0.8480476887429917,-0.7576248092322294,-0.7299819112165393,-0.7149410179811367,-0.6715876251445821,-0.621786186294133,-0.5955424064488414,-0.5005384867754255,-0.4474017971438595,-0.4637849346791977,-0.40411944839945363,-0.35149365553667583,-0.36710112449425686,-0.34840931000835024,-0.2924978523816342,-0.2383948768146182,-0.1988540709911593,-0.22033598094901063,-0.1992959787831644,-0.16797763693749035,-1.1720632643261866,-1.1688637113934741,-1.1609398009922343,-0.24911716880731524,-0.36078747090955854,-0.656642095293528,-0.8845900343163515,-1.3860273223612953,-1.2957151823141488,-1.3811354890484855,-1.255027264169307,-1.0731144312528134,-0.9858642897880223,-0.2801333818741722,0.09618457165815668,-1.2574634108141622,-1.1148015972754401,-1.3783541760302618,-1.3099366613744283,-1.3405840688924446,-1.2160142680309611,-1.2625615282793459,-1.1911626030904239,-0.9517480503803688,-0.9322082826409973,-1.2462696110228517,-1.1355777475674456,-1.1067372736701202,-1.1199834831244224,-0.34330473747987195,-0.4581263240423058,-0.6114556478364332,-0.6356892856597561,-0.6894465690535315,-0.6732305003957796,-1.2556092603536284,-1.1784977172315327,-1.1078338340027292,-1.2510111517225193,-0.7104267756294894,-0.6183419178139781,-1.2135172376764292,-1.1636946542293223,-1.2643314924200206,-1.1709070468581204,-0.9211599300729225,-0.8008931993384844,-0.7934987112134901,-0.8305868333818122,-0.725879152834858,-1.0189338715346854,-1.1420388762516465,-1.1563441316050582,-0.685239591246076,-0.6305455265315572,-0.34459870942715737,-0.4629844511980867,-1.3971924734969123,-1.2435624579944946,-0.8187785569029137,-0.8714752733952406,-0.6126366323211593,-0.8663269816364053,-0.9867010539265537,-1.0008777706320262,-1.1179986684983594,-1.1682751537985638,-0.5834316810652657,-0.6978204799894856,-0.42500612306705376,-0.4605196033783053,-0.17624329772574054,0.008951209044962638,-1.1153690322105796,-1.0529620508099962,-1.3655719685076593,-1.1988234458676321
-0.9815830888857503,-0.5947282850457577,1.2730255058900266,-1.4524473177149693,0.7195577675561657,0.8506441269378449,-0.9592434060337707,0.8702538176831709,0.29403327974576304,-1.5097492438678632,0.22749788654213854,0.7724203315756595,-1.2742157307777577,-1.120044639662233,-1.0709908387858296,-1.0475708955281011,-0.9609423861598821,-0.7699404888546455,-0.7001623861641406,-0.5329164429667972,-0.39340869022615255,-0.30592817665397176,-0.1699685663911557,-0.14725028479845545,-1.7088338659828153,-1.6470912781680607,-1.5940608916773746,-1.568959095800192,-1.5212861963539286,-1.4938831332336584,-1.4737880399678427,-1.4471937015147582,-1.406227602868033,-1.391930416946255,-1.3523601043672284,-1.311415994991706,-1.2860516235623944,-1.2560439021424161,-1.2292627426516685,-1.185072812616972,-1.1720632643261866,-1.1688637113934741,-1.1609398009922343,-0.2959217096823393,-0.36078747090955854,-0.656642095293528,-0.8845900343163515,-1.346909921038744,-1.1318561646329413,-1.3177151933741202,-1.190625608535218,-0.5121968528462498,-0.3430156494839749,-0.6249129287962303,-0.7782206252341769,-1.0534401424289548,-0.9516400023577029,-0.939151327127669,-0.7813303990980449,-1.2424064966197401,-1.0609351329401324,-1.2175584440419784,-1.0938155724976832,-0.9517480503803688,-0.9322082826409973,-1.2827555836795992,-1.1355777475674456,-1.1589110991819702,-1.1199834831244224,-0.34330473747987195,-0.4581263240423058,-0.6114556478364332,-0.6356892856597561,-0.6894465690535315,-0.6732305003957796,-0.7092467864439723,-0.767990529806906,-0.8001556298013115,-0.88521841730073,-0.08311836447762241,-0.6183419178139781,-1.1932251556116922,-1.1178528321206234,-0.6614267242899243,-0.44239122986753376,-0.9854194299036112,-0.9791665881728715,-0.07839189784306036,0.16363182004280075,-0.725879152834858,-1.0189338715346854,-0.511434489540566,-0.18913798218526817,-0.8089290481496999,-0.8994348768648438,-0.34459870942715737,-0.4629844511980867,-0.5472133874964249,-0.2499545015444614,-0.8187785569029137,-0.8714752733952406,-0.6126366323211593,-0.8663269816364053,-0.9867010539265537,-1.0008777706320262,-0.5620947085714997,-0.38896663449012414,-0.5834316810652657,-0.6978204799894856,-0.6400357831060387,-0.04897393458625401,-0.495959030561551,-0.502546450667186,-1.092421412990117,-1.0026893341325078,-1.1821013291810893,-0.889848330953294
-1.2996320550763987,-1.2972154503549878,-0.8417985350256338,-2.1231945877776837,1.1787594060986866,1.2319758552378208,-0.6953956328761407,1.8772238356007742,1.5539964430162416,-0.8085594644227019,-1.1100803648828395,0.8112820373063319,-0.6292473127947105,-0.8999841921551095,-0.6839085537552279,-0.2891907626087891,-0.1028203347479106,0.23446618229695088,-2.494943930079731,-2.2346355335028667,-2.0902307447999293,-1.9294682694610943,-1.8556538966820786,-1.794213516531932,-1.7088338659828153,-1.6470912781680607,-1.5940608916773746,-1.568959095800192,-1.5212861963539286,-1.4938831332336584,-1.4737880399678427,-1.4471937015147582,-1.406227602868033,-1.391930416946255,-1.3523601043672284,-1.311415994991706,-1.2860516235623944,-1.2560439021424161,-1.2292627426516685,-1.185072812616972,-1.1720632643261866,-1.1688637113934741,-1.1609398009922343,-0.3583277641823712,-0.48045164036546517,-0.656642095293528,-0.8845900343163515,-1.014412009797059,-1.0499266557923375,-0.6200919409561045,-1.0618222972670404,-1.145026941304937,-1.2374137577330844,-0.6249129287962303,-0.7782206252341769,-0.7814091179153447,-0.842865605745878,-1.3266832526299568,-1.3099366613744283,-0.5183469011085444,-0.6473907726979223,-0.09248133810779026,-0.5097333889412388,-0.3096821448111524,-0.3105634150837888,-0.7111420120572222,-0.7887371641737426,0.04108688759058203,-0.6895310274436451,-0.34330473747987195,-0.4581263240423058,-0.6114556478364332,-0.6356892856597561,-0.6894465690535315,-0.6732305003957796,-1.3921998788310423,-1.4521691755146173,-1.2616729361034378,-1.4339075189334138,-0.8672538784174562,-1.0368474459452661,-0.09745272411589906,-0.705276433142333,-1.4331448274964476,-1.200047679537744,-0.08578643227396945,-0.44434642166970995,-1.21176873412827,-0.9016024514835702,-0.4277768313421032,-0.37985343466463584,-1.304467278889349,-1.3694573509687409,-0.3141712205352045,-0.09276682586498394,-0.34459870942715737,-0.4629844511980867,-0.6731362150520527,-1.1193614634382405,-0.8187785569029137,-0.8714752733952406,-0.1063253659400359,0.35816345177194137,1.018206747956139,-0.3165169018238031,-1.1938037539429311,-1.2141168314049426,-0.3222423442705189,-0.31492858424765535,-1.0700951031840085,-0.9543744059287669,-0.33610116414364577,0.008951209044962638,-0.4269404555967047,-0.5502348840351114,-0.9619365619892056,-1.1215796671390477
0.7373107620996631,-0.8730722562060187,-2.7660094622786704,0.6715857041502927,-0.5953269242704671,-1.1862253486156846,2.439129819399138,-0.8058418237240655,0.1210971592968739,0.9444149841902016,-0.06499387594354984,-0.9298033413147371,0.9831737321629077,2.406653261272241,2.56172984993779,2.7180781490827903,2.658225002602187,2.674387809657681,2.45112338309678,2.328230083482351,2.167972771363253,2.2630234727122946,2.27557358056808,2.104809658660747,1.9710983265902378,1.9903501126787944,1.9201128384789632,1.884328944083428,1.9493979389482745,1.8123527278490723,1.8611176318581322,1.839906436419489,1.687769148221482,1.5647127193778088,1.6524040120867756,1.6498725439508801,1.5781941166394577,1.7005105586088434,1.6827891387636411,1.6626240220419268,1.6636568676652914,1.71519588731422,1.7377280433862106,5.008592922820381,-0.24112330145365188,-0.19865283963980318,0.29290085994834275,-0.9557359078132321,-0.88606763811113,-0.39812090609582673,-0.35340408529206274,-0.4834318488254004,-1.0417641715535917,0.40942571196994393,0.9705897685504902,-0.1353354346955209,-0.1902192260749287,0.12010260257858418,-0.6051283116725837,-0.8006074213925699,-0.6215442501827841,0.13253408307904738,-0.16901878186664612,-0.12623474321994776,-0.2069559371575874,-0.017908531579020177,-0.18176614323476242,-0.532825193039769,-0.3666916856830622,-0.34330473747987195,-0.4581263240423058,0.549077017096299,0.594181158180159,0.9243425392642275,0.0022516070247350006,1.2030218722398238,-0.22064761324073698,2.276626412212864,0.7608488875973217,5.2490031303132465,0.21866913844859798,-0.23949729856905744,-0.24685821205534378,-0.7016203754985975,-0.9523523017609444,0.235511066879474,-0.44434642166970995,-0.9149319436726198,-0.9962899422859143,3.1792612587202305,0.09945689298790142,-0.7216359517775928,-0.9596242368078128,1.541170633019153,0.713901225134876,4.99801694060629,1.8616236719722228,-0.1379641979406347,-0.6846579824913509,-0.552725410874347,-0.6963043641700666,-0.1063253659400359,0.35816345177194137,-0.6286818035903585,-0.6586973362279146,-0.10726419590406916,-0.893225088160291,0.4613256661137215,0.4508552072360051,-0.7260476471216326,-1.0366835396871772,-0.33610116414364577,-0.502546450667186,-0.4498880748171672,-0.1480531506152036,-1.1454072013157754,-1.1215796671390477
-1.7677715446379145,-1.5821866589238265,0.008279068628874833,-1.7878209527463265,0.05651540166062346,0.22377196870812852,-1.1944516805571201,0.39097682408689305,-0.9381365784525726,-0.9838569092839923,-0.723768028179963,-0.818480746773748,-0.7904894172904723,-1.0764910094264482,-1.1055755103005913,-1.0519461655257125,-0.9820190681243867,-0.8818773769046728,-0.7145321343139852,-0.6576566540786233,-0.602095443643718,-1.9294682694610943,-1.8556538966820786,-1.794213516531932,-1.7088338659828153,-1.6470912781680607,-1.5940608916773746,-1.568959095800192,-1.5212861963539286,-1.4938831332336584,-1.4737880399678427,-1.4471937015147582,-1.406227602868033,-1.391930416946255,-1.3523601043672284,-1.311415994991706,-1.2860516235623944,-1.2560439021424161,-1.2292627426516685,-1.185072812616972,-1.1720632643261866,-1.1688637113934741,-1.1609398009922343,-0.3427262505573632,-0.36078747090955854,-0.656642095293528,-0.8845900343163515,-1.5424969276515001,-1.4186094455750546,-1.3494253412113029,-1.3194289198033957,-1.7059445197115004,-1.600762989209285,-0.6249129287962303,-0.7782206252341769,-1.1554517766215584,-0.9516400023577029,-1.4171073685804905,-1.3099366613744283,-0.9601459763357146,-0.9575490428795799,-0.9925430228551408,-0.8504479960158313,-0.8600243495847664,-0.7249933267885945,-1.2584316019084343,-1.157255284029552,-0.7936943205990196,-0.5819179135234508,-0.34330473747987195,-0.4581263240423058,-0.6114556478364332,-0.6356892856597561,-0.6894465690535315,-0.6732305003957796,-1.2556092603536284,-1.1784977172315327,-1.2616729361034378,-1.4339075189334138,-0.8672538784174562,-1.0368474459452661,-0.9294280887701124,-0.8886437215771287,-1.6341130835398132,-1.520594639013602,-0.21430543193534685,-0.2660730328353228,-1.4816203618152246,-1.3987117781958767,-0.4873972956406542,-0.8591637623171731,-1.5911056364852945,-1.5006039475002377,-0.8089290481496999,-0.8994348768648438,-0.34459870942715737,-0.4629844511980867,-1.082385404607843,-1.0572609661601133,-0.752265270395772,-0.6963043641700666,-0.6126366323211593,-0.8663269816364053,-0.7002856536575975,-0.8297875534299703,-1.57282918116579,-1.4433252194368367,-0.5834316810652657,-0.6978204799894856,-1.1991128992073996,-1.283610940962408,-0.8156747633973614,-1.0140441103793345,-0.8399976015650297,-0.8015984674225538,-1.2187954570464032,-1.2760672245962168
0.7373107620996631,0.5849199736810627,-0.1451461266392719,0.6715857041502927,-1.1463688905214922,-1.0169512643459393,-0.9349465092380489,-1.060761666028313,0.1210971592968739,0.41852264960633057,0.25808393649735983,0.049835490645966665,0.17696320968409862,-0.3120101839720139,-0.6240504684412174,-0.7442188423603764,-0.8194275215410658,-0.9726370158641544,-0.8999018854469805,-0.8191624010970928,-0.7337668475857535,-0.6315699350243436,-0.583204220032467,-0.5719181588459651,-0.5372679680576168,-0.5385971321867149,-0.40398988071112274,-0.3649776012318696,-0.3775156446746433,-0.33636013391372616,-0.3358836262958098,-0.29841476057579985,-0.20996948780047253,-0.20501766854081896,-0.21965508592214322,-0.23393510491862032,-0.17330404747044145,-0.18204089814858218,-0.16217228151045218,-0.12217018115209251,-0.10666796674103073,-0.17949089073507835,-0.16277823802431907,0.07851461731785274,0.1178692069140681,-0.4276474674666656,-0.2958445871840044,0.21778613186330392,-0.18966681296599786,-0.5883817931189219,-0.6110107078284183,0.6096383039668772,0.38368281346842653,-0.6249129287962303,-0.7782206252341769,-0.6453936056585396,-0.7340912091340531,1.3989579567361337,1.1317208358069615,-0.7024298491198654,-0.6215442501827841,-1.0375461070925083,-0.8991215113122016,-0.6307150975957606,-0.6213858488623931,-0.905733866226542,-0.8754473100221684,-0.7415204950871694,-0.7971441413638395,1.6820919438173076,1.0563408628744078,-0.6114556478364332,-0.6356892856597561,-0.5997916185914338,-0.44806979792227475,0.3151828521366327,0.05302384504234753,0.2767180849036499,0.029263418753743168,-0.8672538784174562,-1.0368474459452661,-0.8685518425759017,-0.8428018994684298,1.1553263103420992,0.9854997714340162,-0.8569004302422337,-0.9791665881728715,1.5407178682786675,1.4419129458744457,0.46653013313616126,0.25922700220541384,0.9313119103590269,0.46659500047221664,-0.5615501343424522,-0.6305455265315572,-0.34459870942715737,-0.4629844511980867,0.8379377156154806,0.2468494766805552,-0.6192386973814887,-0.8714752733952406,-0.1063253659400359,0.35816345177194137,-0.48547410345588055,-0.8297875534299703,1.307764065727937,0.757075305669346,-0.4528370126678923,-0.31492858424765535,1.7252904773227957,1.7618270080987717,-0.6558168969794562,-0.502546450667186,-0.9776833168878046,-0.9524166174550193,0.5058285526233528,0.26880834997547426
-1.9321564035679124,-1.7544948315468452,-0.6565066831212298,-1.8996121644234454,0.011715241802816549,0.2628352189242236,-1.2768569407789179,0.3178356819871242,-1.2941555815195462,-2.386236468174315,1.1070267669238498,-1.200158213771425,-2.080426253256567,-1.1005601208725397,-1.0763115574804083,-1.098615712166901,-0.9880409772571023,-0.9786876584614532,-0.8381119684026487,-0.6615958186400493,-2.0902307447999293,-1.9294682694610943,-1.8556538966820786,-1.794213516531932,-1.7088338659828153,-1.6470912781680607,-1.5940608916773746,-1.568959095800192,-1.5212861963539286,-1.4938831332336584,-1.4737880399678427,-1.4471937015147582,-1.406227602868033,-1.391930416946255,-1.3523601043672284,-1.311415994991706,-1.2860516235623944,-1.2560439021424161,-1.2292627426516685,-1.185072812616972,-1.1720632643261866,-1.1688637113934741,-1.1609398009922343,-0.3583277641823712,-0.48045164036546517,-0.656642095293528,-0.8845900343163515,-1.4838208256676733,-1.4186094455750546,-1.3494253412113029,-1.190625608535218,-1.777857029763624,-1.6287129300920697,-0.6249129287962303,-0.7782206252341769,-1.1554517766215584,-1.0604143989695278,-1.6754619855820156,-1.6119973826752187,-1.389672855028797,-1.2935538355763756,-1.172555359804611,-1.0451420572013128,-0.9517480503803688,-0.9322082826409973,-1.3435655381075118,-1.2656429663400843,-1.1067372736701202,-1.012370369204228,-0.34330473747987195,-0.4581263240423058,-0.6114556478364332,-0.6356892856597561,-0.6894465690535315,-0.6732305003957796,-1.1190186418762142,-1.0416619880899904,-1.2616729361034378,-1.4339075189334138,-0.8672538784174562,-1.0368474459452661,-1.1932251556116922,-1.1178528321206234,-1.6341130835398132,-1.6080165370524726,-0.9854194299036112,-0.9791665881728715,-1.710994245349136,-1.4933992689982207,-0.725879152834858,-1.0189338715346854,-1.638878696084619,-1.5825705703324233,-0.8089290481496999,-0.8994348768648438,-0.34459870942715737,-0.4629844511980867,-1.6805188354970748,-1.6161654416632572,-0.8187785569029137,-0.8714752733952406,-0.6126366323211593,-0.8663269816364053,-0.9867010539265537,-1.0008777706320262,-1.6486342666103617,-1.5350085746495943,-0.5834316810652657,-0.6978204799894856,-1.4571484912541814,-1.5305383422376386,-0.8156747633973614,-1.0140441103793345,-1.046526174549192,-0.9524166174550193,-0.9986306898545195,-1.3533110033248013
-1.9321564035679124,-1.7544948315468452,-0.6565066831212298,-1.6760297410692073,0.16851580130514074,0.3930460529778739,-1.225722101299988,0.3763021077534381,-1.418857818033711,-2.0356415784517345,1.1070267669238498,-1.2934571501486347,-2.2416683577523284,-1.1796443441954123,-1.1308489240998403,-1.066530398851084,-0.9564259543103454,-0.8849026982033222,-0.8682884395173224,-0.7771446457752146,-0.7101653695206717,-0.5300257308013244,-1.8556538966820786,-1.794213516531932,-1.7088338659828153,-1.6470912781680607,-1.5940608916773746,-1.568959095800192,-1.5212861963539286,-1.4938831332336584,-1.4737880399678427,-1.4471937015147582,-1.406227602868033,-1.391930416946255,-1.3523601043672284,-1.311415994991706,-1.2860516235623944,-1.2560439021424161,-1.2292627426516685,-1.185072812616972,-1.1720632643261866,-1.1688637113934741,-1.1609398009922343,-0.3583277641823712,-0.48045164036546517,-0.656642095293528,-0.8845900343163515,-1.6207317302966024,-1.4595741999953564,-1.2860050455369378,-1.3194289198033957,-1.576502001617678,-1.516913166560931,-0.6249129287962303,-0.7782206252341769,-1.1554517766215584,-1.1148015972754401,-1.442942830280643,-1.4357952952497577,-1.3405840688924446,-1.2935538355763756,-1.2625615282793459,-1.1911626030904239,-0.9517480503803688,-0.9322082826409973,-1.477347437848919,-1.2873205028021908,-1.1589110991819702,-1.1199834831244224,-0.34330473747987195,-0.4581263240423058,-0.6114556478364332,-0.6356892856597561,-0.6894465690535315,-0.6732305003957796,-1.3921998788310423,-1.4521691755146173,-0.5693969766502484,-1.0681147845116246,-0.5535996728415227,-0.6183419178139781,-1.1729330735469554,-1.1178528321206234,-1.6099968928146093,-1.5497352716932256,-0.9854194299036112,-0.9791665881728715,-1.5490832687369631,-1.4933992689982207,-0.725879152834858,-1.0189338715346854,-1.696206367603808,-1.5661772457659864,-0.685239591246076,-0.8994348768648438,-0.34459870942715737,-0.4629844511980867,-1.649038128608168,-1.55406494438513,-0.6857519838886303,-0.8714752733952406,-0.6126366323211593,-0.8663269816364053,-0.9867010539265537,-1.0008777706320262,-1.57282918116579,-1.580850252255973,-0.5834316810652657,-0.6978204799894856,-1.5431603552697755,-1.612847475996049,-0.8156747633973614,-1.0140441103793345,-1.1153690322105796,-1.0529620508099962,-1.3288778406423452,-1.430554782053386
0.7373107620996631,0.9759269807871436,0.5577217679185666,0.6715857041502927,0.03187531373882966,0.06193850352716317,-0.36544819939653106,0.023896416784737747,0.1210971592968739,0.593820094467621,-0.6357646779224896,0.3125568137627009,0.6606895231713841,-0.19051847857745616,-0.3207695028502304,-0.4044062058792231,-0.506288246639855,-0.6141364419742021,-0.49180103799139385,-0.44231565805399714,-0.3263308051990779,-0.3035938271316035,-0.22980870202773904,-0.2099603076500307,-0.21852528973219879,-0.12681131435499546,-0.08405640687259272,-0.008502679987704117,0.010303285929176323,-0.07859240717441353,-0.15712499374260191,0.05418075595001906,0.13983546531545207,0.10489329850190987,0.12179538185672087,0.22096162847316247,0.2839532700210262,0.48551202248615904,0.4568437869670981,0.3961326981975015,0.3127524745217421,0.3744570181977023,0.40879006931790957,-0.3271247369323552,-0.36078747090955854,1.1753149273213714,1.470391754213037,0.04175782591182351,0.26094548565732295,0.8385748595542922,1.321038961194248,-0.008809282481385091,0.3277829317028572,-0.2801333818741722,0.09618457165815668,1.5308545904503406,1.0606863349610576,0.9210019152833122,0.9303470216064346,0.0707185325276825,0.5157027404832936,4.295319375035543,4.4062916559921685,0.6992785639404732,1.1399412758830312,1.076670648123404,1.4440490914232205,3.745428498931939,4.4758984407256825,-0.34330473747987195,-0.4581263240423058,-0.6114556478364332,-0.6356892856597561,0.02779303464325026,0.22741230949823987,0.4517734706140467,0.6003667616085165,-1.1078338340027292,-1.0681147845116246,1.955633971765945,2.311196779105038,4.204468673608326,3.970589421944957,0.488111700278126,0.6940934446377816,0.4282895663715401,0.2687471336678387,-0.2537954558395809,-0.0020712888613014114,0.4367199009868858,0.25922700220541384,0.05228761373146038,0.2698751056749712,-0.5615501343424522,-0.36165617619827056,1.2581859855828768,3.4113624207524293,0.39720781917078335,0.929954946739953,0.24543402721135263,0.8802338188564993,-0.1063253659400359,0.35816345177194137,6.531703203133543,5.842730917450204,0.6255182967267912,0.5737085952438308,-0.5834316810652657,-0.6978204799894856,-1.0700951031840085,-0.8720652721703566,-0.17624329772574054,1.03194652846926,2.8086738544885077,2.767764416679128,0.39574616902741094,0.5777834648898125
-0.073892780880979,-0.3163843138854967,-0.6373636379137662,-1.7878209527463265,0.753157887449521,0.8301824244436998,-0.901842495326539,1.1134060828018157,3.453205622946007,0.06792775988374988,-0.4467481823018834,2.370911586825589,0.0157211051883368,-1.1074370098571373,-0.9140296372957575,-0.7588030756857477,-0.6959783843203962,-0.5354780882093181,-0.40845649872229517,-0.2348529911522232,-0.23068270988269374,-1.9294682694610943,-1.8556538966820786,-1.794213516531932,-1.7088338659828153,-1.6470912781680607,-1.5940608916773746,-1.568959095800192,-1.5212861963539286,-1.4938831332336584,-1.4737880399678427,-1.4471937015147582,-1.406227602868033,-1.391930416946255,-1.3523601043672284,-1.311415994991706,-1.2860516235623944,-1.2560439021424161,-1.2292627426516685,-1.185072812616972,-1.1720632643261866,-1.1688637113934741,-1.1609398009922343,-0.3583277641823712,-0.48045164036546517,-0.4276474674666656,-0.2958445871840044,-0.2516226840073105,-0.4764200939081111,-0.33470061042146165,-0.6754123634625071,0.1781632436541361,-0.3430156494839749,-0.6249129287962303,-0.7782206252341769,0.44273049239590045,-0.08144482946310382,0.09426714087843167,-0.20238068327152978,0.7947781280388782,0.3606236053924648,-0.1374844223451578,-0.12034526657027575,-0.26382029441335125,-0.2069559371575874,0.04290142284889228,-0.05170092446212381,0.40630366617353275,0.2789869978381037,-0.34330473747987195,-0.4581263240423058,-0.031189315370067156,0.594181158180159,-0.6894465690535315,-0.6732305003957796,-0.5043608587278513,-0.4943190715238215,0.9689940443568394,0.39505615317553244,-0.8672538784174562,-1.0368474459452661,-0.036576477921688326,-0.38438367838144055,-0.07459941664329726,-0.2529771174499812,0.6210680658636062,-0.44434642166970995,-0.14585480476479903,-0.26246188856774766,-0.4873972956406542,-0.6993936530996606,0.05228761373146038,-0.13995800848595683,0.6753444346937861,0.17612252446830268,2.148621927255118,-0.4629844511980867,0.17684287094843473,-0.06365300971008017,-0.6192386973814887,-0.6963043641700666,-0.6126366323211593,-0.8663269816364053,-0.7718895037248367,-0.6586973362279146,0.1959561458742179,0.16113349678642153,-0.061053007475772095,0.06796331149417485,0.52112438110448,0.19795346668897676,1.422335366453312,2.054941847893557,-0.31220235949439223,-0.19832586729269208,-0.08127749322167055,-0.04016676493886393
-0.5741945254505381,-0.34952050092838494,0.5378575717362069,-2.0114033761005645,1.2997198377147652,1.332424212936351,-0.6486576327400103,1.8022089349122028,3.493351508050214,0.41852264960633057,0.1699898940288683,3.5898939970494195,0.49944741867562226,-0.9618761930164881,-0.662625678976913,-0.3752377392284803,-0.23680781295083247,-0.0468886984774421,0.2266863695008361,-2.2346355335028667,-2.0902307447999293,-1.9294682694610943,-1.8556538966820786,-1.794213516531932,-1.7088338659828153,-1.6470912781680607,-1.5940608916773746,-1.568959095800192,-1.5212861963539286,-1.4938831332336584,-1.4737880399678427,-1.4471937015147582,-1.406227602868033,-1.391930416946255,-1.3523601043672284,-1.311415994991706,-1.2860516235623944,-1.2560439021424161,-1.2292627426516685,-1.185072812616972,-1.1720632643261866,-1.1688637113934741,-1.1609398009922343,0.20332672631791673,0.1178692069140681,1.1753149273213714,0.8816463070806899,0.19822743120202832,0.4248045033385305,0.14095160713627639,0.4194157823170037,-0.023191784491809798,0.020333581992225822,-0.2801333818741722,0.09618457165815668,0.13669558981808916,0.13610396376054595,-0.3966066314244661,-0.12686550294633217,-0.34653614963131163,-0.20799988994057408,-0.7450260595496194,-0.5097333889412388,0.3782456111558651,-0.10334845923138597,-0.04223251335018516,0.013331684924195501,-0.6893466695753193,-0.6895310274436451,-0.34330473747987195,-0.4581263240423058,0.11387726774652436,-0.020754063739798538,-0.5997916185914338,-0.44806979792227475,-1.0507233326375074,-0.9048262589484483,1.661270003810029,0.9437452548082164,-0.5535996728415227,-0.19983638968269005,-0.25978938063379436,-0.2927000341640427,-0.25949021220319346,0.009288576666630022,-0.27856493176603553,-0.08779964400093564,-0.2537954558395809,-0.3334775066695057,-0.15948474199862386,0.4189971114229262,-0.5878713848994849,-0.303891254150328,-0.1904817636315807,-0.36165617619827056,-0.34459870942715737,-0.4629844511980867,-0.7360976288298666,-0.4983564906569697,-0.3531855513529221,0.004379272730629412,-0.6126366323211593,-0.8663269816364053,-0.6286818035903585,-0.48760711902585885,-0.6126314322012142,-0.34312495688374534,1.3754883448953352,1.982422790203326,0.564130313112277,0.6094991354810281,-0.8156747633973614,-1.0140441103793345,-0.6793642670217922,-0.49996216735762294,0.39574616902741094,0.5005396861612279
0.7301635943200979,2.1953386639654298,2.7681682954957743,-1.3406561060378501,0.8987584069873934,0.9994565087134453,-1.0087538080715126,1.0906453810830206,3.073363786960054,0.06792775988374988,0.5056959541525726,5.259732915164255,0.17696320968409862,-1.2128826409543008,-1.2079993451712316,-1.1963300754468893,-1.2153680470171158,-0.9272571963844136,-0.6814817135693426,-0.5683689240196319,-0.3673228460489569,-0.29192207951976223,-0.28739071933841354,-0.25066681371157956,-0.11405444533122566,-1.6470912781680607,-1.5940608916773746,-1.568959095800192,-1.5212861963539286,-1.4938831332336584,-1.4737880399678427,-1.4471937015147582,-1.406227602868033,-1.391930416946255,-1.3523601043672284,-1.311415994991706,-1.2860516235623944,-1.2560439021424161,-1.2292627426516685,-1.185072812616972,-1.1720632643261866,-1.1688637113934741,-1.1609398009922343,-0.2959217096823393,-0.12145913199774522,-0.4276474674666656,-0.2958445871840044,-0.7992663025230273,-0.3944905850675073,-0.7152223844676521,-0.4822073965602405,0.8541408381440972,2.0047793846699373,-0.6249129287962303,-0.7782206252341769,-0.8494168740437472,-0.7884784074399656,-0.5516194016253813,0.049336584479128955,-0.8987849936652744,-0.6473907726979223,-0.9475399386177733,-0.8991215113122016,-0.49312954640235707,-0.6213858488623931,-1.003029793311202,-0.7670596277116362,-0.3763037165042188,-0.6895310274436451,-0.34330473747987195,-0.4581263240423058,-0.4663890647198417,-0.32822167469977737,-0.6894465690535315,-0.6732305003957796,-0.5726561679665583,-0.08381188409919473,0.507476738054713,1.675330723651795,-0.3967725700535559,0.21866913844859798,-0.9497201708348494,-0.8886437215771287,0.592615193420676,1.2477654655506274,-0.40708393142741295,-0.2660730328353228,3.537619913162132,6.247303104093409,-0.4873972956406542,-0.6993936530996606,0.6542281646829462,1.466587799024881,-0.8089290481496999,-0.8994348768648438,-0.34459870942715737,-0.4629844511980867,-0.10648349105172775,0.6815529576274447,-0.3531855513529221,-0.3459625457197186,2.4252309659655813,1.582653885180288,-0.7002856536575975,-0.48760711902585885,0.8529335530605064,2.13232563386071,-0.5834316810652657,-0.6978204799894856,2.6284150494865326,5.301119759710413,0.3033303015279752,0.5204488687571113,-0.7711547439036421,-0.9021439007775308,-0.9986306898545195,-0.8126045522247095
-2.0072016652533464,-1.8273944430411992,-1.3364476428389986,-2.1231945877776837,0.11027559348999176,0.3446820289008038,-1.4231375861116125,0.5896765717371883,-1.3809765726020498,-3.4380211373420573,1.8842422591166037,-1.3261117778806581,-3.3703630892226615,-1.1509906400929222,-1.1521317988781552,-1.191954805449278,-0.9398657041953775,-0.8183456296330357,-2.494943930079731,-2.2346355335028667,-2.0902307447999293,-1.9294682694610943,-1.8556538966820786,-1.794213516531932,-1.7088338659828153,-1.6470912781680607,-1.5940608916773746,-1.568959095800192,-1.5212861963539286,-1.4938831332336584,-1.4737880399678427,-1.4471937015147582,-1.406227602868033,-1.391930416946255,-1.3523601043672284,-1.311415994991706,-1.2860516235623944,-1.2560439021424161,-1.2292627426516685,-1.185072812616972,-1.1720632643261866,-1.1688637113934741,-1.1609398009922343,-0.3583277641823712,-0.48045164036546517,-0.656642095293528,-0.8845900343163515,-1.5816143289740514,-1.5005389544156584,-1.4128456368856679,-1.3194289198033957,-1.7922395317740487,-1.6566628709748543,-0.6249129287962303,-0.7782206252341769,-1.2914672888783636,-1.1691887955813527,-1.7142151781322446,-1.6119973826752187,-1.389672855028797,-1.2935538355763756,-1.2625615282793459,-1.1911626030904239,-0.9517480503803688,-0.9322082826409973,-1.4530234560777542,-1.308998039264297,-1.1589110991819702,-1.1199834831244224,-0.34330473747987195,-0.4581263240423058,-0.6114556478364332,-0.6356892856597561,-0.6894465690535315,-0.6732305003957796,-1.3921998788310423,-1.4521691755146173,-1.2616729361034378,-1.4339075189334138,-0.8672538784174562,-1.0368474459452661,-1.2135172376764292,-1.1636946542293223,-1.6823454649902208,-1.695438435091343,-0.9854194299036112,-0.9791665881728715,-1.6030535942743542,-1.5880867598005648,-0.725879152834858,-1.0189338715346854,-1.829970934481916,-1.7137171668639204,-0.8089290481496999,-0.8994348768648438,-0.34459870942715737,-0.4629844511980867,-1.6805188354970748,-1.6161654416632572,-0.8187785569029137,-0.8714752733952406,-0.6126366323211593,-0.8663269816364053,-0.9867010539265537,-1.0008777706320262,-1.6486342666103617,-1.580850252255973,-0.5834316810652657,-0.6978204799894856,-1.5861662872775724,-1.4482292084792283,-0.8156747633973614,-1.0140441103793345,-1.1153690322105796,-1.0529620508099962,-1.3288778406423452,-1.430554782053386
0.7373107620996631,0.2005402039835594,-0.8361010060351135,0.6715857041502927,-0.6580471480713967,-0.3789181774830528,-0.7555937797039722,-0.6780259931246154,0.1210971592968739,-0.2826671298388308,0.06423724903281403,-0.20843292868912802,-0.30676310380318683,-0.363586851356496,-0.5774941798636536,-0.771928885678582,-0.975997158991671,-0.7548138823613986,-0.720280033573923,-0.7850229748980667,-0.6058219928118889,-0.48917461415987995,-0.46352394875930036,-0.40029072788375913,-0.3560430338926634,-0.37117916079553603,-0.2888545859857919,-0.18824637267138192,-0.2259315956569067,-0.12722782731390647,-0.19268450666985296,-0.1913091332440323,-0.20155172154901982,-0.1393350456750466,-0.1559176652700886,-0.073383316662697,-0.022647012227587943,-0.007972339964816538,0.008769394303431986,0.051728493588769645,-0.003076171007454304,-0.023141405057540875,0.08551236778906887,-0.2803201960573313,-0.24112330145365188,-0.656642095293528,-0.8845900343163515,1.293514668233462,-0.06677254970509218,-0.0175991320496363,-0.7398140190965959,0.767845826081549,0.18803322728893385,-0.6249129287962303,-0.7782206252341769,0.6467537607811079,-0.13583202776901626,0.3267862961798043,0.1751952183544583,-0.027459039745022003,-0.6473907726979223,-0.7450260595496194,-0.8017744807194609,-0.8141624991869653,-0.9322082826409973,0.018577441077727297,-0.6369944089389976,-0.8458681461108697,-0.9047572552840337,0.4668539350389998,1.0563408628744078,-0.6114556478364332,-0.6356892856597561,-0.6894465690535315,-0.6732305003957796,0.2468875428979257,0.6003667616085165,2.507385065363927,1.675330723651795,-0.23994546726558916,0.21866913844859798,-0.4830022833459004,-0.7969600773597308,1.0106291659908762,0.31526521980267647,-0.9854194299036112,-0.9791665881728715,2.1613766119586635,1.3708973277726877,-0.24891543844645034,-0.22008332544712342,1.0364126414775403,0.2534817811085341,-0.8089290481496999,-0.8994348768648438,-0.34459870942715737,-0.4629844511980867,0.9323798362822013,-0.0015525124319530886,0.3784606002256359,0.1795501819558034,0.3999859004410875,0.35816345177194137,0.37377209735098776,-0.6586973362279146,1.5857160456913668,1.0321253713076188,-0.5834316810652657,-0.6978204799894856,0.822165905159059,0.44488086796420756,0.7829039007816909,0.008951209044962638,-0.9317880784468797,-0.8518711841000424,1.349793493525574,0.655027243618397
-0.8565076527433606,-0.5019469613256707,1.0680295699426532,0.0008384340875784246,0.41491668052307873,0.420948374560799,-1.1016337870880517,0.04679342207964585,-0.7621123129956675,-1.334451799006573,0.6597712656376393,-0.4455500550614348,-1.2742157307777577,-1.1968365666569063,-1.2306123996231912,-1.1934132287818149,-1.212357092450758,-1.039194084434441,-0.9674397017512502,-0.8808759792261015,-0.8468055056869348,-0.7191080421131533,-0.6622383614392752,-0.6654331052035773,-0.5020890102491258,-0.5541950798318558,-0.5537676534954027,-0.4362725854807027,-0.38440582872090406,-0.24881637766263884,-0.25323178543787495,-0.26050126417517416,-0.21838725405192527,-0.27810115032104454,-0.17412835688496137,-0.24374660308981566,-0.22969030627478426,-1.2560439021424161,-1.2292627426516685,-1.185072812616972,-1.1720632643261866,-1.1688637113934741,-1.1609398009922343,-0.3115232233073472,-0.36078747090955854,-0.656642095293528,-0.8845900343163515,-1.0926468124421613,-1.0089619013720357,-0.8737731236535647,-0.8042156747306848,-0.4115193387732769,-0.2871157677184055,-0.6249129287962303,-0.7782206252341769,-1.0194362643647534,-0.842865605745878,-0.5645371324754574,-0.30306759037179326,-1.1319567278129476,-1.0350886104249943,-1.2175584440419784,-1.0938155724976832,-0.9517480503803688,-0.9322082826409973,-1.1246497021670268,-0.9621574558705941,-1.1067372736701202,-1.1199834831244224,-0.34330473747987195,-0.4581263240423058,-0.6114556478364332,-0.6356892856597561,-0.6894465690535315,-0.6732305003957796,-0.5726561679665583,-0.4943190715238215,-0.8001556298013115,-0.5194256828789408,-0.5535996728415227,-0.19983638968269005,-1.1932251556116922,-1.1178528321206234,-0.38810989607094737,-0.23840680111016946,-0.9854194299036112,-0.9791665881728715,-0.7665135484447947,-0.4281649974718498,-0.725879152834858,-1.0189338715346854,-0.27256919154394466,-0.10717135935308258,-0.43786067743882834,-0.36165617619827056,-0.34459870942715737,-0.4629844511980867,-0.012041370385006914,0.06054798484617399,-0.8187785569029137,-0.8714752733952406,-0.6126366323211593,-0.8663269816364053,-0.8434933537920757,-0.8297875534299703,-0.18306928134864092,-0.022233213639093693,-0.5834316810652657,-0.6978204799894856,0.09106506102651012,0.3625717342057973,-0.8156747633973614,-1.0140441103793345,-1.1153690322105796,-1.0529620508099962,-1.0720189455851474,-0.6581169947675404
-1.7749187124174797,-1.648459033009603,-0.8789632977004438,-1.4524473177149693,0.7240377835419465,0.8543644364822349,-1.0640889632901656,0.4566660102781499,-1.2017518659550188,-2.2109390233130246,1.4706804545315904,-1.1585206719171328,-2.5641525667438523,-1.1223369359904323,-0.9233408950112703,-0.8842274822839417,-0.9895464545402811,-0.9469217848256346,-0.9027758350769494,-0.8165362913894754,-0.7039544542403869,-0.4658311189361974,-0.299810370130912,-0.14725028479845545,-1.7088338659828153,-1.6470912781680607,-1.5940608916773746,-1.568959095800192,-1.5212861963539286,-1.4938831332336584,-1.4737880399678427,-1.4471937015147582,-1.406227602868033,-1.391930416946255,-1.3523601043672284,-1.311415994991706,-1.2860516235623944,-1.2560439021424161,-1.2292627426516685,-1.185072812616972,-1.1720632643261866,-1.1688637113934741,-1.1609398009922343,-0.3583277641823712,-0.48045164036546517,-0.656642095293528,-0.8845900343163515,-1.3664686217000197,-1.3366799367344508,-1.3811354890484855,-1.255027264169307,-1.375146973471732,-1.3771634621470077,-0.6249129287962303,-0.7782206252341769,-1.1554517766215584,-1.0604143989695278,-1.3654364451801855,-1.36028011492456,-1.3651284619606208,-1.2677073130612375,-1.2625615282793459,-1.1911626030904239,-0.9058861999825676,-0.9322082826409973,-1.428699474306589,-1.200610356953765,-1.1589110991819702,-1.1199834831244224,-0.34330473747987195,-0.4581263240423058,-0.6114556478364332,-0.6356892856597561,-0.6894465690535315,-0.6732305003957796,-0.9824280233988003,-1.1784977172315327,-1.2616729361034378,-1.4339075189334138,-0.8672538784174562,-1.0368474459452661,-1.2135172376764292,-1.1636946542293223,-1.3768737158043054,-1.4768836899941669,-0.9211599300729225,-0.9791665881728715,-1.50860552458392,-1.3987117781958767,-0.6364484563870316,-1.0189338715346854,-1.361794950408538,-1.4350306492344893,-0.8089290481496999,-0.8994348768648438,-0.34459870942715737,-0.4629844511980867,-1.5545960079414471,-1.6161654416632572,-0.8187785569029137,-0.8714752733952406,-0.6126366323211593,-0.8663269816364053,-0.9867010539265537,-1.0008777706320262,-1.0421935830537876,-1.4891668970432155,-0.5834316810652657,-0.6978204799894856,-0.9410773071606177,-1.0366835396871772,-0.8156747633973614,-1.0140441103793345,-1.1153690322105796,-1.0529620508099962,-1.1087130734504616,-1.3533110033248013
-1.6426961084955247,-1.330351637397876,1.5040063454133346,-0.781700047652255,-0.8842879553533217,-0.8941810493810689,0.14976250773638924,-0.8235085542429894,-1.2711112725521672,-1.1591543541452827,0.47379061525143923,-0.944209794725924,-1.1129736262819958,0.39860167776973904,0.3549617713612668,0.1716710104729466,0.017617847906401196,0.1588331498307162,0.21375359616597595,0.20764649458130727,0.4040728317624014,0.4480667190709752,0.46456268318921845,0.38743517319918624,0.3464700932526558,0.3359277991175175,0.4029760787796918,0.44035447436762537,0.3292203760703884,0.33869949762243595,-1.4737880399678427,-1.4471937015147582,-1.406227602868033,-1.391930416946255,-1.3523601043672284,-1.311415994991706,-1.2860516235623944,-1.2560439021424161,-1.2292627426516685,-1.185072812616972,-1.1720632643261866,-1.1688637113934741,-1.1609398009922343,-0.3583277641823712,-0.48045164036546517,-0.656642095293528,-0.8845900343163515,-1.3273512203774684,-1.1728209190532433,-1.2860050455369378,-1.255027264169307,-1.3607644714613074,-1.2094638168502996,-0.6249129287962303,-0.7782206252341769,-1.1894556546857598,-1.0060272006636153,-1.3137655217798805,-1.0833911203988353,-1.1319567278129476,-1.009242087909856,-1.1500538176859272,-0.9964685419049424,-0.9058861999825676,-0.8286008047147959,-1.2341076201372692,-1.04886760171902,-1.00238962264642,-0.7971441413638395,-0.34330473747987195,-0.4581263240423058,-0.6114556478364332,-0.6356892856597561,-0.6894465690535315,-0.6732305003957796,-0.9824280233988003,-0.767990529806906,-0.33863832349918516,-0.5194256828789408,-0.8672538784174562,-1.0368474459452661,-1.1526409914822184,-1.0720110100119244,-1.320602604112163,-1.1854773631979323,-0.8569004302422337,-0.9791665881728715,-1.2522464782813132,-0.9962899422859143,-0.6364484563870316,-0.5396235438821483,-1.438231845767457,-1.2055241053043697,-0.8089290481496999,-0.8994348768648438,-0.34459870942715737,-0.4629844511980867,-1.4601538872747264,-1.3056629552726218,-0.8187785569029137,-0.8714752733952406,-0.6126366323211593,-0.8663269816364053,-0.9867010539265537,-1.0008777706320262,-1.2948772012023602,-1.0765917985858062,-0.5834316810652657,-0.6978204799894856,-1.1131010351918056,-0.8720652721703566,-0.6558168969794562,-0.502546450667186,-0.9317880784468797,-0.7010530340675769,-1.3655719685076593,-1.1988234458676321
-1.5247678401327,-1.482778097795162,-1.017221637749551,0.22442085744181653,0.1953958972198249,0.41536791024421393,-1.2449845403871282,-0.29351057970671673,-1.379266215366841,-2.2109390233130246,0.4607008001080057,-1.2963115756496857,-2.2416683577523284,-1.1933981221646075,-1.2705177898325315,-1.2284153887627063,-1.2063351833180425,-1.207099416509482,-1.1944817225187947,-1.0738950427359797,-0.9176099398821802,-0.8860140329624836,-0.7107879054463144,-0.7358443589316618,-0.6865120314875783,-0.6488226288790439,-0.5374653108794266,-0.5326714374227869,-0.4916958374412501,-0.46281222627640783,-0.4310293500741301,-0.4168944368277551,-0.445666942841149,-0.4510962274463887,-0.4026725366516144,-0.38556734938254794,-0.3001731297802128,-0.2682048344495462,-0.1941159280009255,-1.185072812616972,-1.1720632643261866,-1.1688637113934741,-1.1609398009922343,-0.3427262505573632,-0.48045164036546517,-0.656642095293528,-0.8845900343163515,-0.8775011051681297,-1.3366799367344508,-1.1591644541882076,-1.190625608535218,-0.9005244071277169,-1.181513875967515,-0.6249129287962303,-0.7782206252341769,-1.2234595327499609,-1.1691887955813527,-1.2620945983795755,-1.3099366613744283,-1.2669508896879162,-1.2418607905460992,-1.2625615282793459,-1.1911626030904239,-0.9517480503803688,-0.9322082826409973,-1.4043754925354242,-1.2873205028021908,-1.1589110991819702,-1.1199834831244224,-0.34330473747987195,-0.4581263240423058,-0.6114556478364332,-0.6356892856597561,-0.6894465690535315,-0.6732305003957796,-1.1873139511149213,-1.0416619880899904,-0.8770751808516659,-0.7023220500898354,-0.5535996728415227,-0.6183419178139781,-1.2135172376764292,-1.1636946542293223,-1.2000216504861438,-1.3311805265960495,-0.9854194299036112,-0.9791665881728715,-1.1443058272065312,-1.1856649238906025,-0.725879152834858,-1.0189338715346854,-1.1420388762516465,-1.1891307807379325,-0.8089290481496999,-0.8994348768648438,-0.34459870942715737,-0.4629844511980867,-1.1453468183856568,-1.4919644471070028,-0.8187785569029137,-0.8714752733952406,-0.6126366323211593,-0.8663269816364053,-0.9867010539265537,-1.0008777706320262,-1.0927303066835021,-1.3058001866177003,-0.5834316810652657,-0.6978204799894856,-1.0270891711762116,-0.7897561384119464,-0.8156747633973614,-1.0140441103793345,-1.1153690322105796,-1.0529620508099962,-1.1087130734504616,-1.430554782053386
0.7373107620996631,1.1416079160015846,0.8555471469684983,0.6715857041502927,-0.8999680113035541,-0.890460739836679,-0.5815555730334091,-1.003803756819381,0.1210971592968739,0.41852264960633057,0.1934683740091779,0.42387940830369003,0.49944741867562226,-0.044957661736806764,-0.19174207450669647,-0.47149367917593143,-0.6959783843203962,-0.8228836115810098,-0.5622128039256324,-0.44231565805399714,-0.3822290427216401,-0.3526151671013369,-0.2783582460347783,-0.2517669895510809,-0.1705539836297111,-0.06441952377443191,-0.09933985307507026,-0.1852339085481918,-0.08123773068543085,-0.17586324745339943,-0.10714946206105994,-0.0842035059122647,-0.00046063887542677846,-0.08845414063818066,-0.02389015106226115,-0.002026966326731065,-0.03057632987194865,-0.04278605160156967,0.0502098005613433,0.043245631406288565,0.08956689834777665,0.034018621964354546,0.08801193764625062,-0.3271247369323552,-0.36078747090955854,0.03034178818705923,-0.2958445871840044,0.002640424589272306,-0.025807795284790297,-0.08101942772400138,0.0330058485124705,0.4226657778313561,0.6072823405307038,-0.6249129287962303,-0.7782206252341769,-0.4073664592091309,-0.5165424159104034,1.7089834971379638,1.7610140051836083,-0.42016932883583996,-0.5698512051525079,-0.6100168068375168,-0.5097333889412388,-0.7224387983913629,-0.8286008047147959,-0.5165501578879023,-0.4418965807800397,-0.32412989099236866,-0.25907857176286786,-0.34330473747987195,-0.4581263240423058,-0.6114556478364332,-0.6356892856597561,-0.5101366681293361,-0.22290909544876988,0.7249547075688747,0.6003667616085165,0.04595943175258676,0.9437452548082164,-0.7104267756294894,-0.6183419178139781,-0.6047547757343219,-0.4760673225988384,1.1070939288916914,1.2477654655506274,-0.8569004302422337,-0.6226198105040971,1.162925589516931,1.607616054778548,-0.24891543844645034,-0.060313216229611,1.1701772083556483,1.5157677727241923,-0.685239591246076,-0.6305455265315572,-0.34459870942715737,-0.4629844511980867,0.7434955949487597,0.7436534549055718,-0.3531855513529221,-0.6963043641700666,0.906297166822211,0.35816345177194137,-0.8434933537920757,-0.6586973362279146,1.00454372394965,1.215492081733134,-0.4528370126678923,-0.31492858424765535,1.6822845453149986,2.0087544093740024,0.4631881679458804,1.5434441881814085,-0.6105214093604047,-0.7513257507450654,0.359052041162097,0.3460521287040588
-0.24899839148032465,-0.47543801169136013,-0.7021477897479228,0.6715857041502927,-0.5393267244482085,-0.7230468103391285,-1.0522633597391535,-0.6720345870791172,-0.5607652584730324,-0.9838569092839923,0.43943499355706583,-0.6626291144163634,-1.5966999397692814,-0.493101593899751,-0.7916531073204469,-0.9994429255543755,-1.272576183777914,-1.3371882323514055,-1.0321035684255508,-0.9622853801622406,-0.8679226176399027,-0.7307797897249945,-0.6723998939058647,-0.6929375011911103,-0.5457962002536145,-0.47620534160615136,-0.3968576058166332,-0.3438903523695387,-0.29680206013273164,-0.18753574828687775,-0.26764780419216594,-0.34391095625655066,-0.2745056957282768,-0.25312325148476494,-0.34257725432253433,-0.3347259497681722,-0.33629557682674494,-0.30127786050446165,-0.24677977762035447,-0.2604408347265341,-0.24563257077387715,-0.17865030210240343,-0.16277823802431907,-0.3583277641823712,-0.48045164036546517,-0.656642095293528,-0.8845900343163515,-0.3689748879749641,-0.9270323925314319,-0.4615412017701918,-0.6110107078284183,-0.06633929052308392,-0.594565117429037,-0.6249129287962303,-0.7782206252341769,-0.7134013617869422,-1.0060272006636153,-0.28034705377377983,-0.554784858122452,-0.5797078837789847,-0.9058559978493036,-1.1950569019232946,-1.1911626030904239,-0.9517480503803688,-0.9322082826409973,-1.003029793311202,-0.9838349923327006,-0.8458681461108697,-0.9047572552840337,-0.34330473747987195,-0.4581263240423058,-0.6114556478364332,-0.6356892856597561,-0.5997916185914338,-0.6732305003957796,-0.6409514772052654,-0.767990529806906,-1.0309142829523747,-0.88521841730073,-0.5535996728415227,-0.6183419178139781,-1.1526409914822184,-1.1636946542293223,0.20675614181741436,-0.09270363771205212,-0.6641219307501677,-0.9791665881728715,0.5962371713743263,0.2583193108451448,-0.725879152834858,-1.0189338715346854,0.27204368788835204,-0.3858578769825136,-0.5615501343424522,-0.6305455265315572,-0.34459870942715737,-0.4629844511980867,0.23980428472624862,-0.5604569879350968,-0.8187785569029137,-0.8714752733952406,-0.6126366323211593,-0.8663269816364053,-0.9150972038593147,-1.0008777706320262,0.27176123131878965,-0.1597582464582301,-0.5834316810652657,-0.6978204799894856,1.1232074292136378,1.3502813393067203,-0.8156747633973614,-1.0140441103793345,-1.0694737937696546,-1.0026893341325078,0.359052041162097,-0.11741054366744849
0.7373107620996631,0.5584110240467521,-0.19279818728726103,0.6715857041502927,-0.8775679313746506,-0.6858437148952284,0.6112816334164328,-0.9476516318940932,0.1210971592968739,0.9444149841902016,-0.17268648009051973,0.03202387551940848,0.9831737321629077,0.7825613127431056,0.793921063664011,0.7317055701672078,0.6604566478237904,0.7880999799497886,0.6664006628860808,0.5096491109573074,0.44133832344410956,0.5927963894578071,0.5989207235807924,0.575565241753912,0.6737410037740716,0.6229300357881099,0.6291710825763596,0.6190940123435732,0.7593647229583813,0.7637730696416043,0.7145636069335246,0.6551096738999362,0.6542545140153412,0.6349798182496221,0.576152137647796,0.6410721410761618,0.6804191522390617,0.8110202262898009,0.7279331112376013,0.6955777332390837,0.7776522407407191,0.7930701572698188,0.7812259780379914,0.2657327808179487,1.3145109014731347,0.488331043840784,1.470391754213037,1.4695429741849424,0.9983110652227569,1.9167198860184984,1.256637305560159,1.256850894435989,1.0824313355380433,1.4437643527361181,0.9705897685504902,1.1568119317441268,0.8975247400433202,2.1869395385907855,1.5848119177581472,0.7456893419025259,0.6966283980892605,0.5600633833340389,0.7071044934680205,2.350305178261315,1.347156231735434,1.222614538750394,0.7070128517116014,0.9280419212920338,0.6018263395986866,0.06177459877956396,1.0563408628744078,0.549077017096299,0.2867135472201803,0.29675788602954345,0.6777337144452497,0.3151828521366327,0.6003667616085165,0.9689940443568394,1.4924343564409004,0.7010171494622113,1.055680194711174,0.6533543122793667,0.7616618743360326,0.8337771006727146,0.9272185060747693,1.1994035643398044,0.9818406890053873,1.1494330081325834,0.49503803785100503,2.5532463835854453,3.454629186555662,1.0459672533974052,0.7616748426680848,2.1596179175372723,0.713901225134876,-0.34459870942715737,-0.4629844511980867,1.5305132671714332,1.2404574331305884,4.236231217639851,3.507797457234109,1.4126084332033344,2.8071443185886347,0.08735669708203166,0.025663532580308426,1.9900098347290829,1.3530171145522705,0.0695416609216013,0.06796331149417485,0.1340709930343071,0.03333519917215625,4.299776961975606,2.054941847893557,1.0417071745128952,0.6060375995471237,1.2030169820643182,0.7322710223469816
0.7373107620996631,0.690955772218305,0.045462115952684526,0.11262964576469747,1.4520403812313087,1.3212632843031809,-0.3950009199927025,0.9157004509115751,0.5163797203229064,0.593820094467621,-0.517302813360823,0.46929902687641356,0.6606895231713841,-0.9641684893446872,-0.8169265211196959,-0.7733873090111191,-0.7200660208512585,-0.5052248752228242,-0.3969607002024195,-0.44756787746923193,-0.34744791715204587,-0.2744144581020003,-0.24787364863500946,-0.2044594284525241,-0.036234326542745686,0.06036405738669519,0.0789670192871678,0.06680892309204915,0.07133063033891444,0.14123969185609458,0.16579382635351553,0.15086017177161457,0.31286732715086935,0.3870510446154391,0.43228767389030126,0.38329732548748496,0.39848785821734756,0.38542260153049385,-1.2292627426516685,-1.185072812616972,-1.1720632643261866,-1.1688637113934741,-1.1609398009922343,-0.3271247369323552,-0.24112330145365188,-0.4276474674666656,-0.2958445871840044,1.6260125794751472,1.28506434616487,0.36292264199655416,1.1278339942919813,0.7103158180398502,0.8029319267101965,2.1333234465802344,2.719400162335157,0.6807576388453092,0.5712015502078455,0.3913749504301856,0.7793166609560392,1.4452045443455455,1.6787962536645094,1.0550973099450818,1.3398601923208353,1.0203115167250814,2.0724085772188436,0.529381058272192,0.8370780704842401,1.554127827434235,1.462731250960241,-0.34330473747987195,-0.4581263240423058,0.2589438508631159,-0.020754063739798538,-0.15151686628094518,0.22741230949823987,0.5200687798527537,0.6003667616085165,-0.5693969766502484,-0.3365293156680461,-0.8672538784174562,-1.0368474459452661,0.47072557369673446,0.5782945859012368,0.37556947689384135,0.4755386995406055,2.677372060445644,1.1601140778397745,1.1224478453638878,0.6370692740545212,0.07899711519557999,0.7385373298579511,0.9599757461186216,0.5649549478708393,0.05689715017566696,-0.09276682586498394,0.011575667241739127,1.0867542975821196,2.0971659911717584,1.4267589249649697,-0.02061911881721394,0.004379272730629412,-0.6126366323211593,-0.8663269816364053,0.3021682472837487,1.052204835792643,0.4739081258376477,0.34450020721193675,0.2001363293189747,1.2166389987196655,2.7144269135021264,1.7618270080987717,0.14347243511006993,0.5204488687571113,1.5236071781426077,1.6617646497743817,0.5425226804886668,0.5777834648898125
-0.39908891485119236,0.0017230817262301268,1.0622206589697871,0.6715857041502927,-1.150848906507273,-1.1415816340830045,0.08251144271585749,-1.0635881393085616,-0.6645269307423658,0.24322520474504025,1.2530563530684926,-0.3420200421383149,0.33820531417986044,0.5544778280872849,0.4853193793784454,0.32480546038934616,0.34731737292257975,0.24354214619289902,0.05281241688771644,0.05270602183188118,0.08483178635576843,0.13643105783481288,0.12132869765108013,0.27301688589104894,0.3560643544731534,0.34320684135191665,0.308218712324331,0.39315920310431335,0.3902477204801265,0.3396722060252258,0.3041876063947087,0.3053576696041643,0.2829374915901485,0.33617013957857317,0.35944490743081026,0.3262122452187122,0.3121463994231976,0.3244986061661758,0.2720886424005768,0.35456667350334425,0.4188708994195521,0.4442258747097217,0.4112896391750913,-0.046297491682211256,-0.24112330145365188,-0.656642095293528,-0.8845900343163515,-0.1733878813622081,0.015156959135511594,-0.4615412017701918,-0.28900242965797385,0.13501573762286198,0.6072823405307038,-0.2801333818741722,0.09618457165815668,-0.47537421533753343,-0.5165424159104034,0.5851409131813294,0.9806904751565663,-0.5183469011085444,-0.28553945748598847,-0.47500755412541423,-0.16901878186664612,-0.3555439952089536,-0.3105634150837888,-0.1516904313204276,0.1433969036968341,-0.3763037165042188,-0.4743047996032565,-0.34330473747987195,-0.4581263240423058,-0.6114556478364332,-0.6356892856597561,-0.5997916185914338,-0.44806979792227475,0.7932500168075817,1.5582168655993123,-0.49247742559989394,-0.5194256828789408,-0.5535996728415227,-0.19983638968269005,-0.5438785295401111,-0.43022550049013947,0.4077243978607798,0.7523747099970285,-0.47134343125810163,-0.2660730328353228,0.38035586922476256,0.5897255286533492,-0.45758706349137873,-0.5396235438821483,0.03317838989173067,0.3518417285071568,-0.685239591246076,-0.6305455265315572,-0.34459870942715737,-0.4629844511980867,-0.043522077273913856,0.2468494766805552,-0.8187785569029137,-0.8714752733952406,0.3999859004410875,0.35816345177194137,-0.34226640332140246,-0.3165169018238031,-0.0819958340892119,0.06945014157366391,-0.1916476758731455,0.06796331149417485,-0.2959883270436628,0.3625717342057973,0.14347243511006993,0.5204488687571113,-0.5416785516990172,-0.29887130064766904,0.6892991919499226,1.4274650309042425
-1.0566283505711842,-0.9525991051089504,-0.03920824013157835,-1.4524473177149693,0.32979637679324564,0.3614234218505588,-1.1147507700264596,0.42335964812805127,0.15254009028758087,-1.1591543541452827,-0.06904138321350309,0.11662904737056011,-1.1129736262819958,-1.160159825405719,-1.11089622899517,-1.0256945455400441,-1.0271833866197535,-0.9227192144364396,-0.7777590261733014,-0.719370232207632,-0.4902989685985937,-0.4646639441750132,-0.4465880613149843,-0.4751026849698489,-1.7088338659828153,-1.6470912781680607,-1.5940608916773746,-1.568959095800192,-1.5212861963539286,-1.4938831332336584,-1.4737880399678427,-1.4471937015147582,-1.406227602868033,-1.391930416946255,-1.3523601043672284,-1.311415994991706,-1.2860516235623944,-1.2560439021424161,-1.2292627426516685,-1.185072812616972,-1.1720632643261866,-1.1688637113934741,-1.1609398009922343,-0.23351565518230724,-0.36078747090955854,-0.656642095293528,-0.8845900343163515,-0.8383837038455785,-0.6812438660096205,-0.8737731236535647,-1.126223952901129,-0.2820768206794545,-0.3430156494839749,-0.6249129287962303,-0.7782206252341769,-0.951428508236351,-1.0060272006636153,-0.9520690579777452,-0.8568455794232425,-1.1810455139492997,-0.9833955653947181,-1.172555359804611,-1.1424890877940534,-0.9517480503803688,-0.9322082826409973,-1.1854596565949393,-0.9838349923327006,-1.1589110991819702,-1.1199834831244224,-0.34330473747987195,-0.4581263240423058,-0.6114556478364332,-0.6356892856597561,-0.6894465690535315,-0.6732305003957796,-0.7092467864439723,-0.6311548006653638,0.2767180849036499,0.029263418753743168,-0.8672538784174562,-1.0368474459452661,-1.030888499093797,-0.8886437215771287,-0.8222013291246167,-0.7629381893433919,-0.3428244315967242,-0.6226198105040971,-0.7934987112134901,-0.6175399790765379,-0.725879152834858,-1.0189338715346854,-0.8745097424954305,-0.7137243683112561,-0.8089290481496999,-0.8994348768648438,-0.34459870942715737,-0.4629844511980867,-0.9879432839411222,-0.9330599716038592,0.24543402721135263,-0.17079163649454457,-0.6126366323211593,-0.8663269816364053,-0.48547410345588055,-0.14542668462174735,-1.168535392128074,-0.9390667657666698,-0.061053007475772095,-0.6978204799894856,0.005053197010916134,-0.4605196033783053,-0.495959030561551,0.008951209044962638,-1.1153690322105796,-1.0529620508099962,-0.8151600505279498,-0.889848330953294
0.7373107620996631,0.42586627587519926,-0.4310584905272066,0.6715857041502927,-0.951488195140032,-0.8030334655435137,-0.6564059090643848,-1.0930428196232072,0.1210971592968739,0.593820094467621,0.49500766562069315,-0.057034200113382935,0.49944741867562226,-0.09882662544948805,-0.28352447198817937,-0.4656599858457829,-0.5092992012062129,-0.6322883697660985,-0.520540534291083,-0.45544620659208407,-0.36980721216107076,-0.3024266523704194,-0.34045649999727046,-0.26716945130409936,-0.2558363055896892,-0.14656871470550725,-0.13703902037451487,-0.1551092673162905,-0.16096700322073387,-0.19434470710640675,-0.2378546987666313,-0.3145279965460658,-0.24925239697391863,-0.2179691716411121,-0.07579062216464849,-0.14027989510266506,-0.09224880043919863,-0.014064739501248336,-0.008497441637364395,-0.02122412118056765,-0.030026882092612398,-0.018097873261491277,0.08801193764625062,0.047311590067836744,-0.12145913199774522,-0.656642095293528,-0.8845900343163515,0.13955132921820151,0.13805122239641726,0.3946327898337367,0.22621081541473712,1.4869709266027844,0.8308818675929812,-0.2801333818741722,0.09618457165815668,-0.16933931275972214,-0.35338082099266604,1.360204764185905,0.3010538522297877,0.40206783894806014,-0.10461379988002156,0.5375618412153551,0.025675279318835363,-0.40140584560675474,-0.4141708930099902,0.5172190673866094,0.035009221386301935,-0.06326076343311818,0.17137388391790936,0.4668539350389998,-0.4581263240423058,-0.6114556478364332,-0.6356892856597561,0.20710293556744572,0.22741230949823987,-0.16288431253431632,-0.22064761324073698,1.5074309017093201,1.4924343564409004,0.5441900466742445,0.637174666579886,0.43014140956726066,0.11987636481424761,1.3321783756602608,0.6503824956183464,-0.792640930411545,-0.8008931993384844,1.0684775198264969,0.3530068016474889,1.0329245439723955,0.7385373298579511,0.9599757461186216,0.6633148952694621,0.5516549777901623,0.4450118748015893,0.9020116089139802,0.3118849231920165,0.6175727673931319,0.7436534549055718,0.5114871732399192,0.004379272730629412,-0.6126366323211593,-0.8663269816364053,-0.05585100305244639,0.19675374978236418,1.3583007893576515,0.5737085952438308,-0.4528370126678923,-0.31492858424765535,0.6931481091356679,0.5271900017226178,-0.33610116414364577,0.008951209044962638,0.05495954803300775,-0.399416734002646,1.1296287263336902,0.5777834648898125
0.7373107620996631,0.5451565492295969,-0.21662421761125558,0.6715857041502927,1.0398789105394852,0.9641135680417402,1.0609300024200317,0.9471209012024449,0.1210971592968739,1.119712429051492,-0.9588424903633993,0.023118067956129387,1.1444158366586694,0.48112434558491035,0.32436763886743913,0.3933513570185917,0.5987320792134556,0.5400236334605389,0.7123838569655836,0.661963473999116,0.7903917621961091,0.8238969921722645,0.9918333122889245,1.069544193690005,0.9860875079524912,0.9681646103338949,1.1212980502961367,1.097071653223074,0.9532741882602911,1.0273770467976562,0.9365702957496054,0.9821135803553328,1.0583072940850724,1.0300006628085632,1.043256377569282,1.0067734365479872,1.134152328555258,1.1217326026478225,1.3512658887003506,1.2995575206317367,1.352039270743151,1.3478586548352745,1.3011365083317972,0.15652218544289273,-0.12145913199774522,1.4043095551482339,2.059137201345384,0.08087522723437471,0.17901597681671916,1.6947488511582207,1.321038961194248,-0.08072179253350863,0.10418340464057983,0.06464616504788588,0.09618457165815668,1.326831322065133,1.3326223264906196,-0.2157583995233985,0.049336584479128955,1.0524942552547274,0.9034005782103656,1.1901065626571843,1.1938396464317242,1.2954826191118884,1.657978665514038,1.6847701924025285,1.7475346018927105,1.9715184315290357,1.355118137040047,0.4668539350389998,1.0563408628744078,-0.4663890647198417,-0.32822167469977737,1.2829623411126183,1.3532158218657642,0.7932500168075817,1.1477096781746856,2.507385065363927,2.4069161924953733,-0.3967725700535559,-0.19983638968269005,1.1809484459625263,1.4492892059665163,-0.25145148196145883,-0.03442237235280518,1.713479562985314,1.694934244342936,-0.6450803159856652,-0.4281649974718498,0.5261505974347123,0.4189971114229262,0.042733001811595527,0.1223351845770371,1.0464128054046578,1.5205692761347356,0.3677500439106356,0.3118849231920165,0.05092004339280697,-0.0015525124319530886,1.0435934652970522,2.807113820333413,-0.1063253659400359,0.35816345177194137,1.4478298483595728,2.2498363562070334,0.22122450768907514,0.48202524003107317,1.3754883448953352,0.8337471029778354,0.005053197010916134,-0.04897393458625401,-0.01638543130783529,0.008951209044962638,1.4547643204812202,1.3098556330319624,-0.2280540046829264,0.03707701378972062
-2.0322167524818244,-1.7876310185897335,1.8681534357382665,-2.1231945877776837,0.5381171201320477,0.6999715903900495,-1.2073778915405715,0.9587489885376997,-1.4847382448713833,-2.386236468174315,1.0550092071849366,-1.1658072417416339,-2.4029104622480904,-1.028352786534265,-1.0270949095555553,-0.92068806559737,-0.8811520901514005,-0.3675727561342771,-2.494943930079731,-2.2346355335028667,-2.0902307447999293,-1.9294682694610943,-1.8556538966820786,-1.794213516531932,-1.7088338659828153,-1.6470912781680607,-1.5940608916773746,-1.568959095800192,-1.5212861963539286,-1.4938831332336584,-1.4737880399678427,-1.4471937015147582,-1.406227602868033,-1.391930416946255,-1.3523601043672284,-1.311415994991706,-1.2860516235623944,-1.2560439021424161,-1.2292627426516685,-1.185072812616972,-1.1720632643261866,-1.1688637113934741,-1.1609398009922343,-0.3583277641823712,-0.48045164036546517,-0.656642095293528,-0.8845900343163515,-1.601173029635327,-1.4186094455750546,-1.3494253412113029,-1.190625608535218,-1.7059445197115004,-1.5728130483265004,-0.6249129287962303,-0.7782206252341769,-1.2914672888783636,-1.1691887955813527,-1.7012974472821683,-1.536482202350021,-1.3774006584947087,-1.2677073130612375,-1.1950569019232946,-1.1424890877940534,-0.9517480503803688,-0.9322082826409973,-1.4651854469633365,-1.308998039264297,-1.1589110991819702,-1.1199834831244224,-0.34330473747987195,-0.4581263240423058,-0.6114556478364332,-0.6356892856597561,-0.6894465690535315,-0.6732305003957796,-1.1190186418762142,-1.1784977172315327,-1.2616729361034378,-1.4339075189334138,-0.8672538784174562,-1.0368474459452661,-1.1729330735469554,-1.1636946542293223,-1.7386165766823631,-1.6080165370524726,-0.9854194299036112,-0.9791665881728715,-1.764964570886527,-1.6117586325011508,-0.725879152834858,-1.0189338715346854,-1.829970934481916,-1.6645371931646091,-0.8089290481496999,-0.8994348768648438,-0.34459870942715737,-0.4629844511980867,-1.5545960079414471,-1.4919644471070028,-0.8187785569029137,-0.8714752733952406,-0.6126366323211593,-0.8663269816364053,-0.9867010539265537,-1.0008777706320262,-1.4970240957212182,-1.5350085746495943,-0.5834316810652657,-0.6978204799894856,-1.6721781512931664,-1.612847475996049,-0.8156747633973614,-1.0140441103793345,-1.092421412990117,-1.0026893341325078,-1.3288778406423452,-1.2760672245962168
0.7373107620996631,0.856636707432746,0.3432874950026162,0.6715857041502927,-0.6020469482491382,-0.41798142769914787,1.2859280264547497,-0.4312585177148048,0.1210971592968739,0.7691175393289112,-1.1311506569985506,0.2324045456931888,0.8219316276671459,1.1596440587318746,1.222238918577598,1.2377784665575948,1.194901083352299,1.1012207343600002,1.21388806739516,1.2239509514292377,1.2189449165357524,1.2429127314373667,1.0708674536957326,0.9100186969623134,0.9445123759970019,1.0274368113854302,0.9491045564148896,1.0478680725443017,0.9749290524056821,1.1411839299240696,1.134550286641868,1.153672151568164,1.1639970259088677,1.2288987461344936,1.249947727398088,1.1146999164311358,1.1676316697203364,1.2644688203585104,1.2200379355502982,1.2715640754295492,1.250131894452397,1.1494797375239902,1.1753248255203153,1.1394175438183967,1.194846732017228,0.25933641601392166,-0.2958445871840044,0.002640424589272306,0.3838397489182286,0.8702850073914747,0.6126207492192703,0.49457828788347963,0.8588318084757659,-0.6249129287962303,-0.7782206252341769,-0.23734706888812465,-0.13583202776901626,0.9468373769834647,0.7541449341809734,0.8315947176411423,1.0326331907860562,0.5825649254527226,0.5610839475789094,2.1209959262723097,2.4868384889236492,0.9428887483819965,0.44688241416632424,1.032389572315734,0.7094394535188809,-0.34330473747987195,-0.4581263240423058,0.549077017096299,-0.020754063739798538,-0.5101366681293361,-0.22290909544876988,1.6127937276720656,0.874038219891601,2.5843046164142813,0.39505615317553244,-0.5535996728415227,-0.19983638968269005,0.20692850685515463,0.3032436532490433,0.11833010915833357,0.44639806686098205,0.8781060651863609,0.8035673001710002,0.21844489261258976,0.424022419749247,1.2415961690173238,0.09945689298790142,0.014069166052000965,0.41741502677290526,0.3042760639829146,-0.09276682586498394,0.3677500439106356,0.3118849231920165,0.30276569850406254,0.5573519630711906,-0.2866722648457805,-0.17079163649454457,2.4252309659655813,1.582653885180288,0.08735669708203166,0.025663532580308426,0.7771284676159347,0.527866917637452,-0.1916476758731455,0.06796331149417485,0.005053197010916134,0.44488086796420756,2.3814825649607436,1.5434441881814085,0.49096431322179523,0.6060375995471237,0.7626874476805505,0.5777834648898125
-0.377647411512497,-0.5748465728200248,-0.7066202018973397,0.6715857041502927,-0.7386874358154493,-0.5351711783474331,-0.5241885271702525,-0.7571725849066094,-0.6497038347038896,-0.4579645747001212,0.6087028083594613,-0.7294226711409568,-0.6292473127947105,-0.2638719610798307,-0.4458063921728303,-0.5735833124535311,-0.5740347243829055,-0.5990098354809552,-0.4429438942819222,-0.34908876343357975,-0.2865809474052559,-0.20555114719213674,-0.1688395072282013,-0.21766153852653994,-0.27395879900618453,-0.23391722151829622,-0.22670190476238317,-0.08783090189837756,-0.002492770156736507,0.007978640673883916,-0.024497621203125108,0.021954284009487228,-0.03974354804887286,-0.009820014672115133,-0.03390603145044117,0.033651208841251896,0.06721858774183344,0.1103942796001441,0.1460407400327632,0.12552939457635506,0.10641109277600044,0.140773378314071,0.08801193764625062,-0.3583277641823712,-0.48045164036546517,-0.656642095293528,-0.8845900343163515,-0.4276509899587909,-0.6402791115893186,-0.7469325323048347,-0.6754123634625071,-0.33960682872115333,-0.3989155312495442,0.40942571196994393,-0.7782206252341769,-0.8494168740437472,-0.7340912091340531,-0.3449357080241611,-0.5044414045723202,-0.5183469011085444,-0.4664651150919554,-0.880035312261722,-0.8017744807194609,-0.49312954640235707,-0.6213858488623931,-0.6503320576293097,-0.7453820912495298,-0.9502157971345698,-0.7971441413638395,-0.34330473747987195,-0.4581263240423058,-0.6114556478364332,-0.6356892856597561,-0.6894465690535315,-0.6732305003957796,0.1102969244205117,-0.35748334238227925,-0.8001556298013115,-0.7023220500898354,-0.8672538784174562,-1.0368474459452661,-0.7873835143169541,-0.6594346110336341,0.1424462998835374,-0.35496933182866336,-0.3428244315967242,-0.44434642166970995,0.36686328784041483,-0.0020712888613014114,-0.4873972956406542,-0.8591637623171731,0.20516140444929806,-0.303891254150328,-0.5615501343424522,-0.6305455265315572,-0.34459870942715737,-0.4629844511980867,1.0268219569489223,0.18474897940242815,-0.6857519838886303,-0.8714752733952406,-0.6126366323211593,-0.8663269816364053,-0.34226640332140246,-0.48760711902585885,-0.006190748644640142,-0.34312495688374534,-0.5834316810652657,-0.6978204799894856,-0.5110179870826477,-0.5428287371367155,-0.495959030561551,-0.502546450667186,-1.0006309361082673,-0.9021439007775308,-0.08127749322167055,-0.4263856585817867
0.16911092362423535,0.7240919592611932,1.2752160945083746,0.6715857041502927,-0.05324498999100347,0.1270439205539883,1.357152566513422,-0.15465312626814162,-0.27171488572274594,0.593820094467621,0.692651315415538,0.14334647006039739,0.6606895231713841,0.9327067222401534,0.9801462179742662,1.0963114033014925,1.0443533550344093,1.1692904635796113,1.2986695814792433,1.3119256266344204,1.1829216079101013,1.147204401020268,1.1261913526804983,1.1630591400476171,1.2259440384649296,1.2166919094798063,1.1274114287771277,1.0609220837447924,1.2219913660644606,1.2044099761054103,1.2306570783371409,1.2721518278201194,1.196732783553406,1.2797796511713595,1.2963849910160135,1.2351137576230782,1.21961275205559,1.2096372245306242,1.311552166036519,1.2690192167748047,1.1937038431178473,1.228495068995434,1.2544778709977376,-0.3583277641823712,-0.48045164036546517,0.7173256716676465,2.059137201345384,-0.2516226840073105,0.7115577842806438,0.2677921984850065,0.8702273717556258,0.26445825571668435,0.7190821040618426,-0.2801333818741722,0.09618457165815668,0.4767343704601017,0.7343631451255829,0.8693309918830071,1.232407742907225,0.20571269440265116,0.5673957855135698,0.26754333579114997,0.4637369169861687,0.2865219103602627,0.5182964083258226,0.359113185874037,0.685335315249495,0.3541298406616826,0.7094394535188809,-0.34330473747987195,-0.4581263240423058,0.8392101833294819,1.2091163801001168,1.1933073906505207,1.3532158218657642,0.7932500168075817,0.6003667616085165,0.12287898280294114,0.5779525203864271,-0.23994546726558916,0.21866913844859798,0.43014140956726066,0.9908709848795272,0.8176996401892453,1.3060467309098744,0.6853275656942949,1.1601140778397745,0.38035586922476256,0.7080848921562792,-0.07005404555079743,0.25922700220541384,0.9313119103590269,1.1551146322625756,-0.3141712205352045,-0.09276682586498394,-0.34459870942715737,-0.4629844511980867,0.39720781917078335,0.6194524603493177,-0.3531855513529221,0.1795501819558034,-0.1063253659400359,0.35816345177194137,-0.1274548531196854,0.19675374978236418,1.105617171209079,1.6280671801905433,0.0695416609216013,0.8337471029778354,0.43511251708888604,1.1033539380314896,-0.495959030561551,0.008951209044962638,0.7204405054264202,0.7568557495795891,-0.11797162108698452,0.5005396861612279
-0.8493604849637955,-0.18383956571394386,2.321115720100049,-0.4463264126208978,0.8225981352291216,0.8190214958105299,-0.9062381520874823,0.5423567426104143,-0.5360600984089051,-0.8085594644227019,0.8768929001014084,0.10994969169810068,-0.9517315217862341,-1.1005601208725397,-1.098924611932368,-1.149660528805701,-1.1671927739553911,-0.9983522469026742,-0.8079354972879751,-0.5828125274115276,-0.5548924875135545,-0.526524206517772,-0.5730426875658774,-0.5070077843153872,-0.3954861077991532,-0.3171062756257143,-0.34591278514170803,-0.24648734571972444,-0.0034770821633451866,0.023541975118521657,-0.05621286246256522,-0.05102919656171723,-0.0060724830430619325,-1.391930416946255,-1.3523601043672284,-1.311415994991706,-1.2860516235623944,-1.2560439021424161,-1.2292627426516685,-1.185072812616972,-1.1720632643261866,-1.1688637113934741,-1.1609398009922343,-0.3427262505573632,-0.36078747090955854,-0.656642095293528,-0.8845900343163515,-1.2882338190549174,-1.213785673473545,-1.2542948976997552,-1.190625608535218,-1.0299669252215393,-0.594565117429037,-0.6249129287962303,-0.7782206252341769,-1.2234595327499609,-1.1148015972754401,-1.2233414058293466,-1.0330476668487036,-1.217862103551564,-1.190167745515823,-1.060047649211192,-1.0938155724976832,-0.9517480503803688,-0.9322082826409973,-1.1246497021670268,-1.1355777475674456,-1.1589110991819702,-1.1199834831244224,0.06177459877956396,1.0563408628744078,-0.6114556478364332,-0.6356892856597561,-0.6894465690535315,-0.6732305003957796,-0.6409514772052654,-0.767990529806906,-0.8770751808516659,-0.7023220500898354,-0.7104267756294894,-0.6183419178139781,-1.1932251556116922,-1.1636946542293223,-0.982975933959309,-0.588094393265651,-0.9854194299036112,-0.9791665881728715,0.7851333107551945,1.7733191636826502,-0.6364484563870316,-0.8591637623171731,-0.6643082802584037,-0.13995800848595683,-0.8089290481496999,-0.8994348768648438,-0.34459870942715737,-0.4629844511980867,-0.9564625770522152,-0.6225574852132238,-0.6857519838886303,-0.5211334549448926,-0.6126366323211593,-0.8663269816364053,-0.8434933537920757,-0.8297875534299703,-0.8653150503497867,-0.48064998970288175,-0.5834316810652657,-0.6978204799894856,0.6071362451200739,1.514899606823541,-0.6558168969794562,-0.502546450667186,-1.0006309361082673,-1.0529620508099962,-0.9986306898545195,-0.889848330953294
0.5050278092637964,-0.17058509089678858,-1.228258015347391,-1.6760297410692073,0.20435592919138626,0.42280852933299395,-1.3275423991523436,0.34686819114675976,4.197448569877834,-0.6332620195614115,-0.11246653409813254,2.2540228625575507,-0.6292473127947105,-1.1991288629851056,-1.2545556337487953,-1.1657031854636093,-1.1129955917609506,-1.1798715248216374,-1.045036341760411,-0.7929013040209189,-0.7126497356327856,-0.5311929055625085,-1.8556538966820786,-1.794213516531932,-1.7088338659828153,-1.6470912781680607,-1.5940608916773746,-1.568959095800192,-1.5212861963539286,-1.4938831332336584,-1.4737880399678427,-1.4471937015147582,-1.406227602868033,-1.391930416946255,-1.3523601043672284,-1.311415994991706,-1.2860516235623944,-1.2560439021424161,-1.2292627426516685,-1.185072812616972,-1.1720632643261866,-1.1688637113934741,-1.1609398009922343,-0.3115232233073472,-0.36078747090955854,-0.656642095293528,-0.8845900343163515,0.804547151701572,0.17901597681671916,0.236082050647824,-0.1601991183897961,0.868523340154522,-0.20326594507005152,-0.6249129287962303,-0.7782206252341769,-0.20334319082392338,-0.7340912091340531,-0.59037259417561,-0.554784858122452,-0.07654782588137425,-0.5698512051525079,1.3251158153692868,0.1230223099115761,-0.5848532471979594,-0.6213858488623931,-0.7962759482562995,-0.8320922370979555,-0.11543458894496827,-0.6895310274436451,-0.34330473747987195,-0.4581263240423058,-0.6114556478364332,-0.6356892856597561,-0.6894465690535315,-0.6732305003957796,-0.6409514772052654,-0.767990529806906,-1.0309142829523747,-0.88521841730073,-0.3967725700535559,-0.19983638968269005,1.48532967693358,0.16571818692294654,0.6569250353545529,-0.09270363771205212,-0.792640930411545,-0.9791665881728715,1.0684775198264969,0.49503803785100503,-0.725879152834858,-1.0189338715346854,0.20516140444929806,-0.435037850681825,-0.8089290481496999,-0.8994348768648438,-0.34459870942715737,-0.4629844511980867,-0.012041370385006914,-0.6846579824913509,-0.6192386973814887,-0.5211334549448926,-0.6126366323211593,-0.8663269816364053,3.1663222499733097,1.2232950529946989,1.105617171209079,0.06945014157366391,-0.5834316810652657,-0.6978204799894856,0.1770769250421041,0.28026260044738704,-0.6558168969794562,-0.502546450667186,0.3303309786785577,-0.04750771726022663,1.276405237794946,0.3460521287040588
0.7373107620996631,0.14752230471493827,-0.9314051273310917,0.6715857041502927,-1.029888474891194,-1.1732042652103196,0.12592165750754494,-0.9389322969407253,0.1210971592968739,0.41852264960633057,-0.09730165718764057,-0.2440561589422444,0.33820531417986044,0.5842776803538745,0.445413989169105,0.2693853737529349,0.416569327948809,0.3887575685280696,0.25686284061550974,0.09866294171518553,0.13203474248593206,0.28349507774401306,0.2466542647390188,0.1960045771259565,0.1791035364061989,0.2059449020746768,0.3224832621133101,0.25358169872983727,0.2150401833037816,0.2336469901211312,0.25036780304535583,0.2854530839938358,0.36337392465958573,0.4027778698086522,0.42682446640583943,0.3993525043130773,0.432848234676244,0.46723482387686366,0.45425376157597863,0.5394930690814318,0.5376224701385299,0.4316170452195977,0.41878834874663656,-0.3115232233073472,-0.36078747090955854,-0.656642095293528,-0.8845900343163515,0.3546970364922331,0.26094548565732295,-0.14443972339836644,-0.22460077402388498,0.09186823159158786,-0.09146618153891285,-0.2801333818741722,0.09618457165815668,-0.37336258114492965,-0.6797040108281407,0.8951664535831597,-0.0010068690710027923,-0.22381418429043098,-0.18215336742543597,0.8525834308769278,-0.41238635834849796,-0.2179584440155501,-0.3105634150837888,0.2861412405605421,-0.2901538255452946,-0.16760841445681837,-0.5819179135234508,-0.34330473747987195,-0.4581263240423058,-0.4663890647198417,-0.6356892856597561,-0.24117181674304292,-0.44806979792227475,4.412901406459053,0.32669530332543206,-0.8001556298013115,-0.7023220500898354,-0.7104267756294894,-0.6183419178139781,1.4244534307393693,-0.7511182552510319,0.8900482123648569,0.1695620564045591,-0.3428244315967242,-0.6226198105040971,0.3533707064560671,0.04527245653987063,2.046472437047762,-0.060313216229611,0.18605218060956835,-0.1235646839195197,-0.43786067743882834,-0.36165617619827056,-0.34459870942715737,-0.4629844511980867,-0.7360976288298666,-0.5604569879350968,-0.8187785569029137,-0.8714752733952406,0.3999859004410875,1.582653885180288,-0.6286818035903585,-0.8297875534299703,-0.006190748644640142,-0.0680748912454725,-0.4528370126678923,-0.31492858424765535,-0.2529823950358658,-0.5428287371367155,0.4631881679458804,1.03194652846926,-0.2892547402739297,-0.34914401732515754,1.5332641328521437,0.7322710223469816
0.7373107620996631,0.1674040169406712,-0.8956660818450995,0.6715857041502927,-0.7946876356377078,-0.8774396564313139,-0.44839449081771854,-0.8278372812585916,0.1210971592968739,0.593820094467621,0.41962284271781447,-0.23069744759732574,0.6606895231713841,-0.052980698885503975,-0.17311955907567098,-0.3869051258887774,-0.43553081433044694,-0.40992725431536853,-0.3581623801978391,-0.28868824015837974,-0.36608066299289993,-0.26741140953489556,-0.29303601515318556,-0.32327841911866667,-0.25263821851619,-0.11745254576791093,-0.07590523556460468,-0.11895969783800892,-0.08025341867882217,0.01284218268783321,0.03124431798013326,0.08072020343045705,0.10897032239345873,0.19092828338242862,0.10176362108036084,0.13444205369080378,0.1209617406647227,0.17044793217354326,0.1002836247896528,0.06360450064424317,0.15104820801079355,0.15758515096756964,0.08801193764625062,-0.3271247369323552,-0.36078747090955854,-0.4276474674666656,-0.2958445871840044,2.114980096007037,0.7934872931212475,1.472777816297943,0.16180915978064825,1.113025874331742,0.3277829317028572,-0.2801333818741722,0.09618457165815668,-0.1353354346955209,-0.24460642438084115,1.463546610986515,0.35139730577991946,0.573878590425293,0.024618812695669085,0.7625772624021928,-0.3150393277557572,-0.26382029441335125,-0.2069559371575874,0.7604588850982592,0.035009221386301935,-0.21978223996866847,-0.25907857176286786,-0.34330473747987195,-0.4581263240423058,-0.6114556478364332,-0.6356892856597561,-0.061861915818847465,-0.22290909544876988,0.1102969244205117,0.05302384504234753,-0.8770751808516659,-0.88521841730073,0.23053584109831107,-0.19983638968269005,0.24751267098462845,-0.20101638994664486,1.2759072639681186,0.35897616882211164,-0.47134343125810163,-0.6226198105040971,0.5962371713743263,0.18730369274338676,0.5559608295839877,0.8983074390754635,1.1128495368364593,0.2862684302414083,-0.3141712205352045,-0.36165617619827056,0.011575667241739127,0.3118849231920165,1.4675518533936194,0.929954946739953,-0.6857519838886303,-0.5211334549448926,1.9189196995844577,0.35816345177194137,0.8033951977544219,-0.14542668462174735,0.8276651912456492,0.02360846396728511,-0.5834316810652657,-0.6978204799894856,0.6501421771278709,0.19795346668897676,0.3033303015279752,0.5204488687571113,-0.24335950183300473,-0.6005076007125999,1.459875877121516,0.26880834997547426
-0.852934068853578,-0.5284559109599813,0.9446430772645625,-0.22274398926665967,0.30963630485723254,0.3651437313949488,-1.1452968593821664,0.0824889589116265,-0.659361306365321,-0.9838569092839923,0.11338147965762845,-0.3630701327424293,-0.9517315217862341,-1.1624521217339183,-1.2412538370123487,-1.2867523220641919,-1.2605323655124827,-1.1949981313148843,-1.0392884425004731,-0.8913804180565711,-0.8853131804246999,-0.7016004206953913,-0.7333690887054025,-0.6874366219936038,-0.672653654169082,-0.5157201423071749,-0.40195208788412573,-0.4001230160024211,-0.3027079321723837,-0.2517345028710084,-0.25899819293959137,-0.2823015246055339,-0.27263508100573175,-0.2753258282281246,-0.26062914205560694,-1.311415994991706,-1.2860516235623944,-1.2560439021424161,-1.2292627426516685,-1.185072812616972,-1.1720632643261866,-1.1688637113934741,-1.1609398009922343,-0.15550808705726726,-0.24112330145365188,-0.656642095293528,-0.8845900343163515,-0.9361772071519565,-0.8041381292705262,-1.2860050455369378,-1.126223952901129,-0.598491864908798,-0.3709655903667596,-0.2801333818741722,-0.7782206252341769,-0.6113897275943384,-0.8972528040517904,-0.8358094803270589,-0.6051283116725837,-1.1442289243470356,-1.0609351329401324,-1.2400599861606623,-1.1424890877940534,-0.9517480503803688,-0.9322082826409973,-0.9665438206544544,-0.8754473100221684,-1.1067372736701202,-1.012370369204228,-0.34330473747987195,-0.4581263240423058,-0.6114556478364332,-0.6356892856597561,-0.6894465690535315,-0.6732305003957796,-1.0507233326375074,-1.0416619880899904,-0.4155578745495396,-1.0681147845116246,-0.8672538784174562,-1.0368474459452661,-1.1729330735469554,-1.0720110100119244,-0.5649619613891089,-0.4132505971879103,-0.8569004302422337,-0.8008931993384844,0.0700264973847647,0.5660536559527631,-0.725879152834858,-1.0189338715346854,-0.444552206101512,-0.435037850681825,-0.8089290481496999,-0.8994348768648438,-0.34459870942715737,-0.4629844511980867,-0.6101748012742388,-0.6846579824913509,-0.8187785569029137,-0.8714752733952406,-0.6126366323211593,-0.8663269816364053,-0.9150972038593147,-0.8297875534299703,-0.6378997940160714,-0.34312495688374534,-0.4528370126678923,-0.31492858424765535,-0.6400357831060387,-0.21359220210307453,-0.8156747633973614,-1.0140441103793345,-1.092421412990117,-1.0026893341325078,-0.8885483062585777,-0.8126045522247095
0.7373107620996631,-0.23685746498256502,-1.6223600067269333,-1.0052824710064932,1.5102805890464577,1.5072787615226813,-0.7352297201335013,1.5161385890756927,2.0975099644270365,0.24322520474504025,-1.9388451881008244,0.6153542709141913,0.33820531417986044,-1.0719064167700498,-1.0789719168276977,-0.9979845022218384,-1.009117659221607,-0.8712887523594,-0.8840951624821515,-0.7246224516228668,-0.5511659383453836,-0.35728386614607344,-0.04577205846617143,-0.030631645811315483,0.08316092420122359,0.16643010137365322,0.26338727013039687,0.33090161122505063,-1.5212861963539286,-1.4938831332336584,-1.4737880399678427,-1.4471937015147582,-1.406227602868033,-1.391930416946255,-1.3523601043672284,-1.311415994991706,-1.2860516235623944,-1.2560439021424161,-1.2292627426516685,-1.185072812616972,-1.1720632643261866,-1.1688637113934741,-1.1609398009922343,0.047311590067836744,0.23753337636997476,-0.656642095293528,-0.8845900343163515,0.11999262855692591,-0.27159632180660165,-0.651802088793287,-0.22460077402388498,-0.2820768206794545,-0.5107152947806829,-0.6249129287962303,-0.7782206252341769,-0.4073664592091309,-0.4077680192985785,-1.3783541760302618,-1.3854518416996258,0.6966005557661736,0.3089305603621885,0.2450417936724662,0.4637369169861687,2.2127196270679117,1.2435487538092325,0.383437167645202,0.2734621224694727,0.5106513171972329,0.8170525674390753,-0.34330473747987195,-0.4581263240423058,0.2589438508631159,0.594181158180159,0.02779303464325026,0.22741230949823987,-0.0262936940569023,-0.35748334238227925,-0.4155578745495396,-0.5194256828789408,-0.5535996728415227,-0.19983638968269005,-0.13803688824537289,-0.017649101511849157,-0.7659302174324744,-0.8212194547026388,-0.02152693244328077,-0.44434642166970995,-0.6720654787543606,-0.6648837244777099,-0.15948474199862386,-0.6993936530996606,-0.8076274590563765,-1.107164157905747,3.767580857284382,3.4027947284677422,-0.1665115210927091,0.3118849231920165,-0.012041370385006914,-1.1193614634382405,-0.8187785569029137,-0.8714752733952406,-0.6126366323211593,-0.8663269816364053,-0.41387025338864153,0.025663532580308426,-0.486289623126928,-0.8473834105539122,-0.4528370126678923,-0.31492858424765535,-1.3711366272385874,-1.2013018072039976,3.9800612291397957,2.054941847893557,-0.059778548069304736,0.10331043277223882,0.2856637854314691,-0.2718981011246176
-1.017318927783576,-1.0652621410547705,-0.7263393420668086,-2.234985799454803,0.12595564944022417,0.3577031123061688,-1.373444313915865,0.7470267212547143,3.8701051990281505,-0.10736968497754047,-0.5353561366450077,2.5879906461805176,-0.6292473127947105,-1.1590136772416195,-0.9605859258733213,-0.8477668989705132,-0.7697467711961622,-2.6305130875240184,-2.494943930079731,-2.2346355335028667,-2.0902307447999293,-1.9294682694610943,-1.8556538966820786,-1.794213516531932,-1.7088338659828153,-1.6470912781680607,-1.5940608916773746,-1.568959095800192,-1.5212861963539286,-1.4938831332336584,-1.4737880399678427,-1.4471937015147582,-1.406227602868033,-1.391930416946255,-1.3523601043672284,-1.311415994991706,-1.2860516235623944,-1.2560439021424161,-1.2292627426516685,-1.185072812616972,-1.1720632643261866,-1.1688637113934741,-1.1609398009922343,-0.3271247369323552,-0.36078747090955854,-0.19865283963980318,-0.2958445871840044,-0.1929465820234837,-0.4764200939081111,-0.5566716452817394,-0.7398140190965959,-0.7854643910443192,-0.9020144671396683,-0.6249129287962303,-0.7782206252341769,-0.6793974837227409,-0.6253168125222283,-1.2750123292296516,-1.2595932078242964,-0.7392464387221296,-0.6732372952130604,-0.5200106383627817,-0.6070804195339795,-0.8600243495847664,-0.9322082826409973,-0.29763432194741746,-0.4418965807800397,-0.532825193039769,-0.7971441413638395,-0.34330473747987195,-0.4581263240423058,-0.4663890647198417,-0.6356892856597561,-0.5101366681293361,-0.6732305003957796,-1.0507233326375074,-1.0416619880899904,-0.6463165277006028,-0.5194256828789408,-0.8672538784174562,-1.0368474459452661,-0.5235864474753742,-0.705276433142333,-0.9186660920254321,-1.039774199799815,-0.7283814305808564,-0.8008931993384844,-0.8879467809039243,-0.9252743241841562,-0.6364484563870316,-1.0189338715346854,-1.4000133980879974,-1.2383107544372438,-0.685239591246076,-0.6305455265315572,-0.34459870942715737,-0.4629844511980867,-1.050904697718936,-1.2435624579944946,-0.4196988378600638,-0.5211334549448926,-0.6126366323211593,-0.8663269816364053,1.0898105980233779,0.025663532580308426,-0.18306928134864092,-0.7098583777347758,-0.5834316810652657,-0.6978204799894856,-1.4571484912541814,-1.4482292084792283,-0.8156747633973614,-1.0140441103793345,-0.7023118862422547,-0.7010530340675769,0.8360757034111784,0.5005396861612279
0.7373107620996631,0.5186475995952863,-0.26427627825924466,0.6715857041502927,-0.7610875157443526,-0.6988647983005934,-0.019954544830196142,-0.7033148551230397,0.1210971592968739,0.06792775988374988,-0.22653278216400444,0.00530645282957096,-0.14552099930742501,0.2920098985084761,0.14213302357811808,-0.04709248940762415,0.1365505532775341,0.06051020762461113,0.05999729096263874,0.13411542276802033,0.01402735216052299,0.05823034883547628,0.07729539029585843,0.003473805213225449,0.04584990834373319,0.04268638338886885,0.15334645747255854,0.17525763152689386,0.1628716469535216,0.1927932372039571,0.27439450096917406,0.32715793003452404,0.4484868945353856,0.4481081306596782,0.47235119544302134,0.3922168692794807,0.3350533170624619,0.28794420894758505,0.380869708827594,0.35541495972159237,0.39697344666286116,0.46944353368996966,0.41878834874663656,-0.2959217096823393,-0.48045164036546517,-0.19865283963980318,-0.2958445871840044,0.29602093450840633,0.7115577842806438,1.472777816297943,0.4838174379510926,0.6815508140190009,0.7190821040618426,-0.6249129287962303,-0.7782206252341769,0.13669558981808916,0.1904911620664584,0.7272359525321683,0.8548318412812369,-0.027459039745022003,-0.0012277098194690464,-0.2499921329385766,-0.12034526657027575,-0.7224387983913629,-0.7249933267885945,-0.2489863584050875,-0.008345851537910934,-0.06326076343311818,-0.043852343922479255,-0.34330473747987195,-0.4581263240423058,-0.6114556478364332,-0.6356892856597561,-0.6894465690535315,-0.6732305003957796,-0.2994749310117303,0.4635310324669743,-0.9539947319020203,-0.7023220500898354,-0.7104267756294894,-0.6183419178139781,-0.11774480618063597,-0.109332745729247,0.632808844629349,0.8835075570553341,1.2636630641704931,0.09047374483345154,0.4343261947621535,0.8027723829586233,-0.3085359027450013,0.09945689298790142,1.2179502679549725,0.8436414655002704,-0.8089290481496999,-0.8994348768648438,1.9705347389206698,-0.4629844511980867,1.3731097327268986,0.7436534549055718,-0.752265270395772,-0.6963043641700666,-0.6126366323211593,-0.8663269816364053,-0.19905870318692442,0.025663532580308426,0.6760550203565057,1.0779670489139976,-0.4528370126678923,-0.31492858424765535,2.3273735254319536,1.597208740581951,-0.33610116414364577,0.008951209044962638,0.032011928812545255,-0.04750771726022663,0.46913442475803885,1.1184899159899044
-1.4032659878800928,-1.2309430762692115,0.17638674527035622,-0.6699088359751358,0.1864358652482635,0.4079272911554339,-1.2493146093389484,-0.061016737182686534,-1.0276927836850331,-1.860344133590444,1.7168097277935783,-0.8704312908928764,-1.919184148760805,-1.1888135295082092,-1.210659704518521,-1.1992469221119635,-1.1747201603712856,-1.0210421566425447,-0.9272044069316853,-0.8336060044889885,-0.7983603665007142,-0.68992867308355,-0.7807895735494874,-0.7270429522156513,-0.7430115697860638,-0.7798453890982273,-0.6403738486427755,-0.4945135585290452,-0.38539014072751276,-0.3451145095388349,-0.3214676075415188,-1.4471937015147582,-1.406227602868033,-1.391930416946255,-1.3523601043672284,-1.311415994991706,-1.2860516235623944,-1.2560439021424161,-1.2292627426516685,-1.185072812616972,-1.1720632643261866,-1.1688637113934741,-1.1609398009922343,-0.3583277641823712,-0.48045164036546517,-0.656642095293528,-0.8845900343163515,-1.0730881117808857,-1.0908914102126395,-1.2860050455369378,-1.190625608535218,-1.0731144312528134,-0.8461145853740989,-0.6249129287962303,-0.7782206252341769,-1.0194362643647534,-0.9516400023577029,-0.9520690579777452,-0.9827042132985718,-1.2669508896879162,-1.164321223000685,-1.2175584440419784,-1.1911626030904239,-0.9517480503803688,-0.9322082826409973,-1.1489736839381919,-0.9838349923327006,-1.05456344815827,-0.9047572552840337,-0.34330473747987195,-0.4581263240423058,-0.6114556478364332,-0.6356892856597561,-0.6894465690535315,-0.6732305003957796,-0.8458374049213864,-0.767990529806906,-1.0309142829523747,-1.0681147845116246,-0.5535996728415227,-1.0368474459452661,-1.1120568273527447,-1.0261691879032255,-0.8222013291246167,-0.8795007200618857,-0.9854194299036112,-0.9791665881728715,-1.1847835713595745,-0.9726180695853283,-0.725879152834858,-1.0189338715346854,-0.9987196974536736,-0.9432309122413757,-0.8089290481496999,-0.8994348768648438,-0.34459870942715737,-0.4629844511980867,-0.8620204563854944,-0.9951604688819863,-0.8187785569029137,-0.8714752733952406,-0.6126366323211593,-0.8663269816364053,-0.9867010539265537,-1.0008777706320262,-0.7642416030903577,-0.9390667657666698,-0.5834316810652657,-0.6978204799894856,-0.8550654431450236,-0.7897561384119464,-0.8156747633973614,-1.0140441103793345,-1.1153690322105796,-1.0529620508099962,-0.9619365619892056,-1.0443358884104632
0.7373107620996631,0.48551141255239805,-0.3238413540692308,0.6715857041502927,-0.5370867164553181,-0.47750638040938803,-0.020649902961870473,-0.5455136159253511,0.1210971592968739,0.41852264960633057,-1.1203813965838538,-0.016958066078626776,0.49944741867562226,0.1475952298319263,0.03305829033925435,0.091457727183404,0.08385884836627268,0.004541763599597474,0.045627542812794145,0.1406806970370638,0.13824565776621675,0.06523339740258105,0.09197315941426566,0.060682948867294105,0.07463269200522578,0.0021317195115025406,0.11462839375961542,0.155174537372293,0.15007559086760877,0.1791753195648991,0.13407858509407541,0.2010955545024436,0.29603179464796386,0.3648484678720794,0.43410874305178854,0.4582214933402492,0.4310861640886083,0.4689755094587013,0.5000108768190891,0.5471276450456648,0.4576125466044668,0.34839877058477936,0.4129560190798791,-0.3583277641823712,-0.48045164036546517,0.25933641601392166,0.29290085994834275,-0.016918276072003295,0.26094548565732295,0.48976323334528427,0.4838174379510926,0.07748572958116315,-0.09146618153891285,-0.2801333818741722,0.09618457165815668,0.2727111020748942,-0.13583202776901626,0.1459380642787367,0.2758821254547218,-0.3588083461653997,-0.07876727736488344,-0.1824875065825253,-0.022998235977535007,0.3323837607580639,-0.2069559371575874,0.06722540462005726,-0.008345851537910934,-0.06326076343311818,0.17137388391790936,-0.34330473747987195,-0.4581263240423058,-0.32132248160325017,-0.32822167469977737,-0.4204817176672384,-0.22290909544876988,-0.5043608587278513,-0.08381188409919473,1.1997526975079025,0.5779525203864271,-0.3967725700535559,0.21866913844859798,-0.340957708892742,-0.06349092362054808,0.12636883940006818,0.31526521980267647,-0.40708393142741295,-0.6226198105040971,-0.2537954558395809,-0.09675877966364549,0.8242529189274671,0.8983074390754635,-0.014594669707593598,0.07315521087772574,-0.685239591246076,-0.6305455265315572,-0.34459870942715737,-0.4629844511980867,0.7749763018376666,0.4952514657930635,1.3761598978327605,0.7050629096313253,-0.1063253659400359,0.35816345177194137,0.5885836475527048,-0.48760711902585885,-0.3094110904229272,-0.0680748912454725,-0.5834316810652657,-0.6978204799894856,-0.2959883270436628,0.1156443329305665,-0.495959030561551,0.008951209044962638,-0.24335950183300473,-0.09778043393771511,0.17558140183552717,0.8867585798041507
0.7373107620996631,0.319830477337957,-0.6216667331191624,0.6715857041502927,-0.93804814718269,-1.0392731216122792,0.6489799778407931,-0.9455584295317385,0.1210971592968739,0.41852264960633057,-1.7665370214656726,-0.12828066061961593,0.33820531417986044,1.0392985015014162,0.9774858586269768,0.7462898034925792,0.8983220585660562,0.6973403409903071,0.551442677687324,0.5267188240568204,0.6015799376754545,0.5951307389801753,0.5989207235807924,0.5854668243094239,0.6279017557205834,0.5106248127430955,0.6149065327873805,0.660264355360505,0.7514902269055118,0.6869291058212055,0.7280185577708629,0.7385193659813127,0.755267709032774,0.8144506469251129,0.7081796518556235,0.6375043235593636,0.7852623522033867,0.7135418337068921,0.7546967069458357,0.6777637226558735,0.7069066241421792,0.7216201234924495,0.8095544364193847,-0.3583277641823712,-0.48045164036546517,0.7173256716676465,2.059137201345384,-0.6232379965715469,-0.7222086204299224,-0.6200919409561045,-0.35340408529206274,-0.7566993870234698,-0.9020144671396683,1.09898480581406,0.9705897685504902,-0.5093780934017347,-0.35338082099266604,-0.15116974527301724,-0.2778958635967274,-0.3219917565631355,-0.5698512051525079,-0.497509096244098,-0.6070804195339795,-0.2179584440155501,-0.3105634150837888,-0.5530361305446497,-0.5719617995526782,0.24978218963798243,-0.25907857176286786,-0.34330473747987195,-0.4581263240423058,-0.4663890647198417,-0.32822167469977737,-0.24117181674304292,-0.22290909544876988,-0.5043608587278513,-0.08381188409919473,-0.5693969766502484,-0.3365293156680461,-0.7104267756294894,-1.0368474459452661,0.06488393240199623,-0.2927000341640427,-0.35595497510400886,-0.5735240769258394,-0.21430543193534685,-0.08779964400093564,-0.753020967060447,-0.8779305787829842,-0.3085359027450013,-0.060313216229611,-0.5592075491398902,-0.5825777717797591,0.05689715017566696,0.4450118748015893,-0.34459870942715737,-0.4629844511980867,-0.8620204563854944,-0.43625599337884263,0.5114871732399192,-0.5211334549448926,-0.6126366323211593,-0.8663269816364053,0.8033951977544219,-0.14542668462174735,-0.7389732412755005,-0.6181750225220182,-0.1916476758731455,0.06796331149417485,-1.0270891711762116,-0.8720652721703566,1.2624775000354067,-0.502546450667186,-0.31220235949439223,-0.34914401732515754,-0.33813638827886827,-0.5808732160389558
-0.09176070032989182,-0.031413105316658085,0.1191214632219351,0.6715857041502927,-0.8954879953177735,-0.8365162514430238,-0.4687585503881895,-0.8633792664790474,-0.45206255419087327,0.06792775988374988,0.4925807900342826,-0.36428456104651263,0.0157211051883368,-0.07819595849569522,-0.2755433939463113,-0.4087814758768345,-0.5288704058875385,-0.5324527669106687,-0.501859861696285,-0.48958563279111017,-0.3350260865914765,-0.24406791431121297,-0.1654523297393381,-0.13294799888493827,-0.07674342947373526,-0.08625665047762916,-0.08201861404559571,-0.12699293549984927,-0.016273138249258016,0.02159655831294194,-0.0023930591132123075,-0.10316025411257755,-0.017296171378332243,-0.0014940483933552533,0.12452698559895178,0.05149029642524338,0.11831863478326914,0.186984445201001,0.19352453886995327,0.1713368503617529,0.14346832051809283,0.08361335129217558,0.08801193764625062,-0.3583277641823712,-0.48045164036546517,0.03034178818705923,-0.2958445871840044,-0.0755943780558301,-0.06677254970509218,-0.6200919409561045,-0.4822073965602405,0.2356932516958349,0.18803322728893385,-0.2801333818741722,0.09618457165815668,-0.033323800502917125,-0.24460642438084115,0.3009508344796518,0.35139730577991946,-0.5797078837789847,-0.5698512051525079,-0.5200106383627817,-0.7044274501267203,-0.768300648789164,-0.8286008047147959,-0.8449239117986296,-0.7453820912495298,-0.5849990185516192,-0.6895310274436451,-0.34330473747987195,-0.4581263240423058,-0.17625589848665868,-0.32822167469977737,-0.6894465690535315,-0.6732305003957796,-0.5726561679665583,-0.08381188409919473,0.19979853385329555,0.39505615317553244,0.23053584109831107,1.055680194711174,-0.5438785295401111,-0.6594346110336341,0.4077243978607798,0.286124587123053,-0.792640930411545,-0.9791665881728715,-0.10537706061175582,-0.04941503426247345,-0.21910520629717484,0.09945689298790142,0.12872450909037922,0.17151515827634847,-0.43786067743882834,-0.36165617619827056,-0.34459870942715737,-0.4629844511980867,-0.20092561171844858,-0.0015525124319530886,-0.2866722648457805,-0.3459625457197186,-0.6126366323211593,-0.8663269816364053,-0.9150972038593147,-0.8297875534299703,0.6255182967267912,0.29865852960555794,-0.5834316810652657,-0.6978204799894856,0.30609472106549507,0.19795346668897676,0.9427617671995961,1.03194652846926,-0.5646261709194798,-0.7513257507450654,-0.33813638827886827,-0.19465432239603303
0.6015145742879257,0.27343981547791346,-0.5101971818002118,-0.33453520094377875,1.375880109473037,1.1798915216163606,-0.07878326186809705,1.2297495946694863,0.834017492575968,-0.2826671298388308,-2.559844272906317,0.46650005878509715,-0.14552099930742501,-0.8690381917244203,-0.899397660885666,-0.5473316924678626,-0.30605976797706175,-0.18756613886463858,0.25686284061550974,0.25622952417222905,0.23016720391443013,0.24147678634138445,0.37085077266400307,0.4160397450262206,0.3390078900811577,0.402479042403452,0.35406905093176366,0.3760885730729026,0.37154579235456164,0.3785805421368202,0.4118272130934145,0.35464521492497764,0.3624386172983132,0.3592978236862395,-1.3523601043672284,-1.311415994991706,-1.2860516235623944,-1.2560439021424161,-1.2292627426516685,-1.185072812616972,-1.1720632643261866,-1.1688637113934741,-1.1609398009922343,-0.3583277641823712,-0.48045164036546517,-0.4276474674666656,-0.2958445871840044,-1.1513229144259882,-0.9679971469517338,-0.7786426801420172,-0.8042156747306848,-1.0012019212006897,-0.9579143489052376,-0.6249129287962303,-0.7782206252341769,-0.4413703372733322,-0.6253168125222283,-0.6162080558757626,-0.554784858122452,-0.9478737798016266,-0.802469907788751,-1.0375461070925083,-0.8017744807194609,-0.2179584440155501,-0.6213858488623931,-0.832761920913047,-0.6586719454011041,-1.05456344815827,-0.9047572552840337,-0.34330473747987195,-0.4581263240423058,-0.031189315370067156,-0.32822167469977737,-0.5101366681293361,-0.44806979792227475,-0.7092467864439723,-0.35748334238227925,-1.1078338340027292,-1.2510111517225193,-0.7104267756294894,-0.6183419178139781,-0.6656310219285326,-0.7511182552510319,-0.9910146642010437,-0.8940710364016975,-0.9854194299036112,-0.9791665881728715,-1.0768429202847927,-0.8542587060823982,-0.2787256705957258,-0.5396235438821483,-0.970055861694079,-0.9432309122413757,-0.8089290481496999,-0.8994348768648438,-0.34459870942715737,-0.4629844511980867,-0.8935011632744013,-1.0572609661601133,-0.3531855513529221,-0.5211334549448926,-0.6126366323211593,-0.8663269816364053,-0.9150972038593147,-0.8297875534299703,-1.1179986684983594,-0.893225088160291,-0.4528370126678923,-0.31492858424765535,-0.9840832391684146,-0.6251378708951258,-0.8156747633973614,-1.0140441103793345,-1.0006309361082673,-0.8518711841000424,-1.1454072013157754,-1.0443358884104632
0.7373107620996631,0.14089506730636062,-0.9433181424930887,0.6715857041502927,-0.6513271240927258,-0.2877705936454976,-0.7884742856445869,-0.7543290109845017,0.1210971592968739,0.41852264960633057,0.21500689483857188,-0.24850906272388393,0.49944741867562226,-0.4174558150691773,-0.5455698676961812,-0.8171400089872333,-0.8420096807887493,-0.7865797559972172,-0.9157086084118096,-0.766640206944745,-0.6083063589240028,-0.5370287793684292,-0.3517470916268145,-0.410192310439271,-0.3080717277901757,-0.31918600197839975,-0.2878356895722934,-0.24447903630426437,-0.20526104351812444,-0.15349095418923267,-0.24362110626834765,-0.2690318008653149,-0.25392893378028125,-0.16986358869716614,-0.11585414371736855,-0.08051895169629358,-0.09577294161447004,-0.12024655999334538,-0.13195531861405851,-0.06957643562070981,-0.0022339612860431137,0.034018621964354546,0.08717874769385671,0.21892823994292473,0.23753337636997476,0.488331043840784,0.29290085994834275,0.7849884510402964,0.62962827544004,1.2825169292748477,0.3550141266829149,1.0698783683004678,0.4116327543512112,-0.2801333818741722,0.09618457165815668,-0.6113897275943384,-0.5165424159104034,0.15885579512881295,-0.10169377617126629,0.11980731866403474,-0.15630684491029784,-0.0024751696330552013,-0.07167175127390538,-0.6765769479935617,-0.6213858488623931,0.006415450192144806,-0.2251212161589753,0.24978218963798243,0.06376076999771506,-0.34330473747987195,-0.4581263240423058,-0.32132248160325017,-0.32822167469977737,-0.4204817176672384,-0.44806979792227475,0.7249547075688747,-0.08381188409919473,0.3536376359540043,0.9437452548082164,0.07370873831034433,-0.19983638968269005,0.02429976827252241,0.02819272059684977,1.1231713893751607,0.44639806686098205,-0.9211599300729225,-0.8008931993384844,-0.17283996753349448,-0.40449312477126376,0.07899711519557999,-0.37985343466463584,0.7020012242822705,0.2862684302414083,-0.8089290481496999,-0.8994348768648438,-0.34459870942715737,-0.4629844511980867,0.5546113536153181,0.6815529576274447,0.6445137462542024,-0.3459625457197186,2.4252309659655813,1.582653885180288,-0.7002856536575975,-0.6586973362279146,0.9287386385050782,0.20697517439280033,-0.3222423442705189,-0.31492858424765535,1.2522252252370287,0.5271900017226178,-0.8156747633973614,-1.0140441103793345,-0.4957833132580922,-0.34914401732515754,0.0654990182395853,0.5777834648898125
0.6158089098470559,0.5451565492295969,-0.021505825675984164,0.6715857041502927,-0.12268523777060418,-0.19104254549135738,0.6194272572446213,0.09829053202872491,0.03709961507884203,0.7691175393289112,0.2681502425768937,0.023118067956129387,0.8219316276671459,0.522385679492496,0.3602824900558455,0.19646420712607798,0.3262406909580752,0.21328893320640516,0.2741065383953233,0.32056921200885513,0.4028306487063445,0.4749117385782101,0.5379515287812546,0.6140713961364582,0.6641467425535741,0.8132249970588287,0.7850622338416305,0.8892116287229549,0.8961840918769877,0.8328353662396843,0.8029818552931759,0.8228768954727049,0.8020330770964003,0.8597809077761389,0.8666126689050164,0.8176791081576775,0.8002399521982902,0.7631513727892653,0.7408832381931986,0.7337506130602486,0.7717567726908409,0.8670419569452128,0.8137203861813543,0.15652218544289273,0.7161900541936014,0.7173256716676465,-0.2958445871840044,0.022199125250547905,-0.14870205854569596,0.5531835290196494,0.4838174379510926,0.37951827180008196,0.2159831681717185,1.09898480581406,0.9705897685504902,1.3608352001293342,0.7887503434314953,1.0889324163343035,1.3834381035576202,-0.07654782588137425,-0.02707423233460718,-0.20498904870120907,-0.3150393277557572,-0.3096821448111524,0.00025901869481545205,0.20100730436146466,0.16507444015894054,-0.011086937921268072,-0.043852343922479255,0.4668539350389998,1.0563408628744078,0.8392101833294819,1.5165839910600956,-0.5101366681293361,-0.44806979792227475,0.4517734706140467,0.874038219891601,0.4305571870043587,0.2121597859646378,-0.8672538784174562,-1.0368474459452661,-0.1786210523748467,-0.06349092362054808,1.0186678962326108,0.8397966080358988,0.042732567387407924,0.4470205225022259,0.8660887990612809,0.6607411467551072,-0.09986427770007292,0.09945689298790142,1.5045886255509182,1.1551146322625756,0.6753444346937861,0.713901225134876,-0.34459870942715737,-0.4629844511980867,0.9008991293932944,0.929954946739953,1.243133324818477,0.5298920004061514,0.3999859004410875,0.35816345177194137,-0.19905870318692442,-0.48760711902585885,1.509910960246795,1.215492081733134,-0.3222423442705189,-0.31492858424765535,0.478118449096683,0.44488086796420756,0.6230460343637857,0.5204488687571113,-0.2663071210534672,-0.1480531506152036,-0.2280540046829264,-0.11741054366744849
0.7373107620996631,0.9825542181957213,0.5696347830805637,0.6715857041502927,-0.9268481072182383,-0.6412000003625483,-0.08482152482784325,-0.8947972714583852,0.1210971592968739,0.9444149841902016,0.5488539676941778,0.31700971754434043,0.8219316276671459,0.24960241643679085,0.10488799271606704,0.014161290558935667,0.07934241651673599,-0.006046860945675379,-0.026221197936428853,0.029071034463324655,0.09725361691633781,0.1901210968492828,0.21278248985038672,0.2004052804839618,0.18230162347969808,0.12275584796725875,0.10240163679763338,0.012584568874626799,0.05853457425300161,0.15583031789794247,0.05815421965480971,0.11389451278100453,0.24739581186179255,0.3111922407422935,0.3630870457537848,0.32888810835631094,0.33417228176864405,0.28446283778390974,0.2548218064597804,0.34693209753911125,0.31612131340738686,0.3668917205036279,0.41378920903227306,-0.3427262505573632,-0.48045164036546517,0.488331043840784,1.470391754213037,1.5477777768300447,2.186288943411512,0.9971255987402049,1.0634323386578926,1.4725884245923597,1.5016804487798132,0.40942571196994393,1.8449949654428237,1.0888041756157243,1.2782351281847073,1.4764643418365913,1.7861857319586742,0.8929557003115827,1.5237171185736806,0.8300818887582441,0.8531250393571317,0.01135080797345573,0.5182964083258226,1.0888326390089864,1.1188860444916238,0.8236942702683335,0.8170525674390753,-0.34330473747987195,-0.4581263240423058,-0.32132248160325017,-0.020754063739798538,0.02779303464325026,0.0022516070247350006,1.4762031091946517,1.284545407316228,0.507476738054713,0.39505615317553244,0.3873629438862778,1.055680194711174,1.038903871509368,1.036712806988226,1.372372026868934,1.320617047249686,-0.15004593210465816,0.9818406890053873,1.0279997756734538,0.9684754918627254,0.7348222224796406,1.6971579851630254,1.2370594917947022,1.2206879305283242,-0.06679230672795687,0.17612252446830268,-0.1665115210927091,0.3118849231920165,1.0897833707267361,1.613060416799351,0.24543402721135263,0.5298920004061514,0.906297166822211,1.582653885180288,3.6675492004439825,1.736565704600866,1.307764065727937,1.444700469765028,-0.4528370126678923,-0.31492858424765535,0.1340709930343071,0.8564265367562588,0.14347243511006993,2.054941847893557,0.8810738399696577,0.9076738996120545,2.5240055852156207,2.5088779331044266
-0.9315529144287944,-0.8730722562060187,-0.17644909440728274,-0.6699088359751358,1.1070791503261956,1.0552611518792954,-0.7481600701534508,0.6751630153663705,-0.48417926227423846,-0.2826671298388308,0.2922997849020123,-0.46966995054531574,-0.14552099930742501,-1.2472670858772887,-0.9339823324004276,-0.9046454089394615,-0.756197475647552,-0.6322883697660985,-0.5377842320708965,-0.43181121922352755,-0.40334615467460805,-0.35378234186252105,-0.3257787308788632,-0.1879567908600043,-0.08313960362073361,-0.02594458624975106,-0.09322647459407925,-0.05469379654328612,-0.1462023231216037,-0.12625511891111663,-0.036030436206557874,-1.4471937015147582,-1.406227602868033,-1.391930416946255,-1.3523601043672284,-1.311415994991706,-1.2860516235623944,-1.2560439021424161,-1.2292627426516685,-1.185072812616972,-1.1720632643261866,-1.1688637113934741,-1.1609398009922343,-0.3583277641823712,-0.48045164036546517,-0.656642095293528,-0.8845900343163515,-0.0951530787171057,-0.27159632180660165,-0.9371934193279299,-0.8042156747306848,-0.8717594031068675,-0.762264762725745,-0.2801333818741722,0.09618457165815668,-1.1554517766215584,-1.0060272006636153,-0.6678789792760675,-0.6554717652227156,-0.34653614963131163,-0.4406185925768173,-0.8575337701430382,-0.7044274501267203,-0.8141624991869653,-0.7249933267885945,-0.832761920913047,-0.8104147006358491,-1.00238962264642,-0.9047572552840337,-0.34330473747987195,-0.4581263240423058,-0.6114556478364332,-0.6356892856597561,-0.33082676720514065,-0.44806979792227475,-1.0507233326375074,-0.767990529806906,-1.1078338340027292,-1.0681147845116246,-0.8672538784174562,-1.0368474459452661,-0.9700122528995863,-0.7969600773597308,-0.5890781521143128,-0.6318053422850863,-0.6641219307501677,-0.6226198105040971,-0.34824352553001503,-0.23879001586716161,-0.5768279920884807,-0.6993936530996606,-0.8745097424954305,-0.8776576139756272,-0.5615501343424522,-0.36165617619827056,-0.34459870942715737,-0.4629844511980867,-0.6101748012742388,-0.6225574852132238,-0.8187785569029137,-0.8714752733952406,-0.6126366323211593,-0.8663269816364053,-0.9150972038593147,-0.8297875534299703,-0.6378997940160714,-0.8015417329475334,-0.061053007475772095,-0.31492858424765535,-0.2099764630280688,-0.21359220210307453,-0.33610116414364577,0.008951209044962638,-0.8399976015650297,-0.7513257507450654,0.2856637854314691,0.19156457124688972
-0.14893804256641285,-0.004904155682347516,0.32533164606279374,0.6715857041502927,-0.8663678914101989,-0.6244586074127934,-0.07414281066283997,-0.7063442532955775,-0.4915908102934767,-0.4579645747001212,0.8034143116995518,-0.3464729459199544,-0.46800520829894865,0.23928708295989443,0.045029907402056465,-0.06605199273060695,-0.18411610803957104,-0.28286375977209427,-0.20296910017951741,-0.06415586015709275,-0.11640186872545547,-0.0012955639849142658,0.061488562014496796,0.03757925623776638,0.23133895860668546,0.32240957782506213,0.21448024228246873,0.23751522340615658,0.2740989037003024,0.2025203212318557,0.20039227136381382,0.23332202644297545,0.29883771673178144,0.23903386632637458,0.294796952198012,0.2985616594635254,0.3614843758769976,0.34277580477547126,0.3946831775802311,0.41140185012596747,0.41129101192685136,0.4206893929948236,0.41378920903227306,-0.3583277641823712,-0.48045164036546517,-0.656642095293528,-0.8845900343163515,0.2764622338471307,0.09708646797611538,-0.23957016690991406,-0.35340408529206274,-0.21016431062733099,-0.03556629977334352,-0.6249129287962303,-0.7782206252341769,0.10269171175388789,-0.24460642438084115,-0.060745629322483424,-0.026178595846068665,-0.13790880855181456,-0.41477207006167915,-0.6100168068375168,-0.7044274501267203,-0.5848532471979594,-0.6213858488623931,-0.3827682581464949,-0.4635741172421461,-0.3763037165042188,-0.6895310274436451,-0.34330473747987195,-0.4581263240423058,-0.6114556478364332,-0.6356892856597561,-0.5997916185914338,-0.6732305003957796,0.3151828521366327,0.7372024907500588,-0.7232360787509571,-0.15363294845715147,-0.8672538784174562,-1.0368474459452661,-0.40183395508695274,-0.5219091447075374,0.2871434442347605,0.35897616882211164,0.1712515670487853,-0.2660730328353228,0.407341031993458,0.3766786743480749,-0.45758706349137873,-0.37985343466463584,0.8739842388398379,0.6305282461365879,-0.8089290481496999,-0.8994348768648438,-0.34459870942715737,-0.4629844511980867,0.9953412500600153,0.43315096851493645,-0.6192386973814887,-0.5211334549448926,0.3999859004410875,0.35816345177194137,-0.34226640332140246,-0.3165169018238031,0.5244448494673621,0.43618356242469436,-0.5834316810652657,-0.6978204799894856,-0.2529823950358658,-0.04897393458625401,1.9019089657070276,1.03194652846926,-0.4957833132580922,-0.6507803173900885,0.17558140183552717,0.3460521287040588
0.7373107620996631,2.0296577287509887,2.451891178676132,0.6715857041502927,-0.47436649265438846,-0.41426111815475786,1.9670313164300446,-0.6314003661161004,0.1210971592968739,0.7691175393289112,-1.3142280840483997,1.0205685150433912,0.8219316276671459,1.707502881171484,1.8128386936758356,1.7730198295987247,1.708268836916303,1.8651143622689703,2.13211497417023,1.952696395293064,1.9530751026654027,1.8568466558202181,1.720076472394514,1.647136509428198,1.7088551865633053,1.684630338834033,1.6001793646404332,1.5529578905325137,1.54287708021889,1.5263764574288539,1.4670797859075126,1.4655106594633103,1.4333655459553551,1.4472240841108637,1.4748497688417663,1.5178632958293432,1.5385475284176542,1.4811841752972985,1.501487361385279,1.5226567960309891,1.4901616650545864,1.6563546830269746,1.5752560026693965,-0.3583277641823712,-0.48045164036546517,0.03034178818705923,0.8816463070806899,0.41337313847605994,1.7766413992084928,-0.04930927988681884,0.9990306830238036,-0.008809282481385091,1.3339808034831053,0.06464616504788588,0.09618457165815668,0.40872661433169916,1.3326223264906196,-0.12533428357286472,0.8548318412812369,0.3038902666753557,1.39448450599799,-0.0024751696330552013,0.9991455852462428,0.05721265837125689,0.8291188421044269,0.4199231403019495,1.5307592372716463,-0.21978223996866847,0.6018263395986866,1.2770126075578716,1.0563408628744078,-0.031189315370067156,0.594181158180159,0.4760677869537389,0.9028944169187545,0.1785922336592187,1.5582168655993123,0.3536376359540043,0.7608488875973217,0.3873629438862778,1.055680194711174,0.2880968351141023,1.3576055617491185,-0.018328304951154936,1.160343567511757,0.10699206721809662,1.3383874666741618,0.258922636765633,1.4419129458744457,0.019376650897029023,1.537387875945513,0.12872450909037922,1.351834527059821,0.05689715017566696,0.713901225134876,-0.34459870942715737,-0.4629844511980867,-0.10648349105172775,1.1162564385743343,-0.22015897833863887,0.7050629096313253,0.3999859004410875,1.582653885180288,0.2305643972165097,1.3943852701967545,-0.20833764316349818,0.8029169832757248,-0.1916476758731455,0.06796331149417485,0.04805912901871312,0.8564265367562588,0.14347243511006993,1.5434441881814085,0.12380240569439525,0.7568557495795891,-0.11797162108698452,1.350221252175658
0.7373107620996631,1.1150989663672741,0.8078950863205092,0.6715857041502927,-0.9559682111258128,-0.9592864664078941,0.18890123686207524,-1.0421217182355016,0.1210971592968739,0.593820094467621,0.7750084364028144,0.4060677931771316,0.6606895231713841,0.4478860488260219,0.4666968639474199,0.42543667033440874,0.26150516778138255,0.34942839164562756,0.37469477544423546,0.31137782803219427,0.2686748786521952,0.33368359247493057,0.25794485636856285,0.3577304255326506,0.30382893227266683,0.34112711499923115,0.24912272034141786,0.28370633996173855,0.324298816037345,0.35815366567823315,0.3762677001661635,0.3584365645650402,0.372726998272311,0.49343839151070423,0.5697783955825906,0.5206582998842194,0.38879646998535117,0.4498279680584871,0.3817330506246338,0.525072203371214,0.4988808229536152,0.43750116564832225,0.4154555889370609,-0.3583277641823712,-0.48045164036546517,0.488331043840784,0.29290085994834275,0.8436645530241231,1.039275819643059,0.7751545638799271,0.9346290273897147,1.6883259547487304,1.5575803305453826,-0.2801333818741722,0.09618457165815668,0.06868783368968664,0.40803995529010817,1.7348189588381164,1.4589532838828179,0.6229673765616452,0.9034005782103656,1.4151219838440219,1.680574799395428,0.7451404143382744,0.7255113641782254,0.7726208759838418,0.7937229975600272,0.4584774916853828,1.2475050231198526,-0.34330473747987195,-0.4581263240423058,0.11387726774652436,-0.32822167469977737,0.20710293556744572,0.22741230949823987,0.3834781613753397,1.4213811364577702,0.4305571870043587,1.126641622019111,-0.23994546726558916,0.21866913844859798,1.9926317285520028,2.0910747154883014,1.5411853619453608,1.655734323065356,0.6853275656942949,0.9818406890053873,1.4327772172038857,1.3945692004732737,0.019376650897029023,-0.5396235438821483,1.590580132829702,1.6305210446892522,-0.685239591246076,-0.6305455265315572,-0.34459870942715737,-0.4629844511980867,0.7120148880598528,1.4888594222430966,-0.3531855513529221,-0.5211334549448926,0.3999859004410875,0.35816345177194137,4.383587701116373,6.184911351854316,1.6867894929507958,2.4532173771053616,0.0695416609216013,-0.31492858424765535,1.1232074292136378,1.1856630717899,2.3814825649607436,0.5204488687571113,1.4318167012607577,1.3098556330319624,0.4324402968927249,1.0412461372613198
0.7373107620996631,-1.091771090689081,-3.15913896262458,0.6715857041502927,-0.12716525375638488,0.011714324677898064,0.520388391918964,-0.15686015022041752,0.1210971592968739,0.24322520474504025,1.1411632905025115,-1.0767491661088429,0.0157211051883368,0.3481711585493566,0.47999866068386665,0.4866904503009685,0.29010923616178164,0.19664966606383352,0.30859393395495033,0.38359584499167254,0.35686987563223777,0.49008501047360375,0.4781113931446713,0.46334730612477737,0.5031763598541155,0.5303822130936072,0.5537727479774703,0.5407699451406297,0.5556121375903846,0.6431572276956619,0.7645391386150666,0.7243018048310781,0.7533970943102289,0.6858607232864881,0.7609906575387545,0.7258078071001214,0.7879054580848402,0.8127609118716385,0.8427575702438972,0.8372415316865177,0.759123626869673,0.8350995889035654,0.7778932182284157,6.755962448821277,0.835854223649508,-0.4276474674666656,-0.2958445871840044,-1.346909921038744,-1.1728209190532433,-0.5566716452817394,-0.03139580712161837,-0.9005244071277169,-1.1535639350847302,3.1676620873464083,0.09618457165815668,-0.951428508236351,-0.8972528040517904,-1.0037399813780503,-1.0078759400736377,-1.0337791555402431,-0.8800094753341655,-0.11498288022647402,-0.6557539348303498,-0.2179584440155501,0.4146889303996211,0.33478920410287205,-0.5936393360147847,-0.16760841445681837,-0.25907857176286786,-0.34330473747987195,-0.4581263240423058,-0.17625589848665868,-0.32822167469977737,-0.5101366681293361,-0.6732305003957796,-0.8458374049213864,-0.767990529806906,-0.49247742559989394,-1.0681147845116246,-0.7104267756294894,-1.0368474459452661,-0.564170611604848,-0.6135927889249352,-1.17590545976094,-1.1854773631979323,-0.6641219307501677,-0.2660730328353228,-1.3871722921247904,-1.2330086692917746,-0.6960689206855826,-0.8591637623171731,-0.7694090113769171,-1.0415908596399985,-0.06679230672795687,-0.36165617619827056,-0.34459870942715737,-0.4629844511980867,0.1453621640595278,-1.0572609661601133,-0.8187785569029137,-0.8714752733952406,-0.1063253659400359,0.35816345177194137,-0.5570779535231195,-0.8297875534299703,-0.7389732412755005,-1.2599585090113214,-0.5834316810652657,-0.6978204799894856,-1.5001544232619786,-1.283610940962408,-0.8156747633973614,-1.0140441103793345,-0.6564166478013297,-0.49996216735762294,-1.2921837127770313,-1.1215796671390477
-0.8314925655148826,-0.6146099972714907,0.5090797060105777,0.6715857041502927,-0.4318063407894719,-0.16128006913623733,-1.1101767584200544,-0.7028690096550105,-0.9634593675183029,-0.9838569092839923,0.5738828028408004,-0.7561400938307942,-0.7904894172904723,-0.8392383394578307,-0.9419634104422957,-1.044654048863027,-1.0587984095665104,-1.1072638136540522,-0.9717506261962034,-0.8204754559509015,-0.9002193770973831,-0.7319469644861786,-0.6103016399433726,-0.55101481789544,-0.5511263453761132,-0.4907634260749495,-0.5068984184744716,-0.4412933590193529,-0.5094134535602064,-0.5085295212075311,-0.5694231301153233,-0.472816844018678,-0.4381844839509688,-0.48069966310420165,-0.4117778824590508,-0.3454294023185671,-0.2878386356667628,-0.18726295489409514,-0.21051942214468206,-0.2163299513776325,-0.14877845281159024,-0.1677226498776293,-0.16277823802431907,-0.3583277641823712,-0.48045164036546517,-0.656642095293528,-0.8845900343163515,-0.4667683912813421,-0.7631733748502243,-0.4932513496073743,-0.6754123634625071,-0.09510429454393333,-0.17531600418726687,-0.6249129287962303,-0.7782206252341769,-1.2914672888783636,-1.1691887955813527,-0.28034705377377983,-0.32823931714685917,-1.0705957451425072,-1.0867816554552705,-0.8575337701430382,-0.9477950266085721,-0.9058861999825676,-0.8286008047147959,-1.0516777568535318,-1.04886760171902,-1.1067372736701202,-1.012370369204228,0.06177459877956396,1.0563408628744078,-0.6114556478364332,-0.6356892856597561,-0.6894465690535315,-0.6732305003957796,-1.1190186418762142,-0.9048262589484483,-1.0309142829523747,-0.88521841730073,-0.7104267756294894,-0.6183419178139781,-0.8888439246406387,-0.9803273657945266,-0.5971168823560474,-0.5735240769258394,-0.8569004302422337,-0.6226198105040971,-0.19982513030218996,0.1399599473422147,-0.725879152834858,-1.0189338715346854,-0.18657768426516097,-0.4022512015489508,-0.8089290481496999,-0.8994348768648438,-0.34459870942715737,-0.4629844511980867,0.08240075028171391,-0.4983564906569697,-0.8187785569029137,-0.8714752733952406,-0.6126366323211593,-0.8663269816364053,-0.19905870318692442,-0.48760711902585885,-0.8653150503497867,-0.664016700128397,-0.4528370126678923,-0.31492858424765535,0.1770769250421041,0.7741174029978486,-0.8156747633973614,-1.0140441103793345,-1.0235785553287298,-0.9021439007775308,-1.1087130734504616,-1.1988234458676321
0.09049207804901896,0.43912075069235457,0.822425500613414,0.6715857041502927,-0.8551678514457471,-0.5779547381079182,-1.1649113770704427,-0.7401256430171758,-0.3260662378638255,-0.8085594644227019,0.6146351851868588,-0.04812839255010361,-0.7904894172904723,-0.5825011506995199,-0.8608224503499703,-1.0825730555089925,-1.2304228198489047,-1.3432388749487043,-1.2117254202986083,-1.0305642325602928,-0.9747503604607993,-0.8218194210973565,-0.8315972358824355,-0.8348601844867807,-0.7334173085655663,-0.6207463231177902,-0.5079173148879701,-0.4915010944058551,-0.4346057410579467,-0.3986134716922771,-0.39643090506383183,-0.39509417639739536,-0.47840270048568745,-0.37523742357324313,-0.3462193926455089,-0.3240224972177773,-0.3398197180020164,-0.3769976833143997,-0.2899468674723454,-0.2383853930520833,-0.18162463194662667,-0.17612853620437863,-0.16277823802431907,-0.3583277641823712,-0.48045164036546517,-0.656642095293528,-0.8845900343163515,-0.0560356773945545,0.13805122239641726,-0.1127295755611839,-0.28900242965797385,0.35075326777923255,0.9147316902413353,-0.6249129287962303,-0.7782206252341769,-0.815412995979546,-0.6253168125222283,0.31386856532972807,0.7038014806308417,-0.7637908317903057,-0.5956977276676461,-0.9925430228551408,-0.8991215113122016,-0.8600243495847664,-0.8286008047147959,-0.5651981214302323,-0.3551864349316139,-0.6371728440634693,-0.6895310274436451,-0.34330473747987195,-0.4581263240423058,-0.6114556478364332,-0.6356892856597561,-0.6894465690535315,-0.6732305003957796,0.9298406352849957,1.1477096781746856,-0.4155578745495396,0.2121597859646378,0.5441900466742445,0.637174666579886,-0.8888439246406387,-0.8428018994684298,0.6810412260797568,0.9854997714340162,-0.792640930411545,-0.6226198105040971,0.7851333107551945,0.7791005102580373,-0.725879152834858,-1.0189338715346854,0.9504211341987567,0.8108548163673962,-0.685239591246076,-0.6305455265315572,-0.34459870942715737,-0.4629844511980867,1.3101483189490848,0.929954946739953,-0.8187785569029137,-0.8714752733952406,-0.6126366323211593,-0.8663269816364053,-0.7718895037248367,-0.6586973362279146,1.3583007893576515,1.1238087265203764,-0.5834316810652657,-0.6978204799894856,0.564130313112277,1.514899606823541,-0.17624329772574054,-0.502546450667186,-1.092421412990117,-1.0529620508099962,0.0654990182395853,0.3460521287040588
0.6158089098470559,0.4457479881009322,-0.20813269505453183,-1.7878209527463265,0.17075580929803108,0.3949062077500689,-1.232261778966928,0.51043836700953,5.241241582587201,-0.4579645747001212,-0.33920230300392834,4.291226342657651,-0.6292473127947105,-1.1819366405236116,-1.1787353923510486,-0.9061038322719988,-0.9022287721159051,-0.9423838028776605,-0.8251791950677886,-0.7784577006290232,-0.602095443643718,-1.9294682694610943,-1.8556538966820786,-1.794213516531932,-1.7088338659828153,-1.6470912781680607,-1.5940608916773746,-1.568959095800192,-1.5212861963539286,-1.4938831332336584,-1.4737880399678427,-1.4471937015147582,-1.406227602868033,-1.391930416946255,-1.3523601043672284,-1.311415994991706,-1.2860516235623944,-1.2560439021424161,-1.2292627426516685,-1.185072812616972,-1.1720632643261866,-1.1688637113934741,-1.1609398009922343,-0.18671111430728324,0.5965258847376947,-0.656642095293528,-0.8845900343163515,0.706753648395194,-1.0499266557923375,-0.651802088793287,-1.190625608535218,0.2213107496854102,-0.3709655903667596,-0.2801333818741722,0.09618457165815668,-1.2574634108141622,-1.1148015972754401,-0.5516194016253813,-1.2092497542741647,-0.6901576525857773,-1.190167745515823,-0.5875152647188331,-1.0938155724976832,-0.49312954640235707,-0.8286008047147959,-0.46790219434557234,-0.9404799194084877,0.40630366617353275,-0.9047572552840337,0.8719332712984358,1.0563408628744078,-0.6114556478364332,-0.6356892856597561,-0.6894465690535315,-0.6732305003957796,-0.8458374049213864,-0.6311548006653638,-0.2617187724488308,0.39505615317553244,-0.7104267756294894,-1.0368474459452661,-1.1120568273527447,-0.9803273657945266,0.6006539236624107,-0.8503600873822623,-0.9854194299036112,-0.9791665881728715,2.2693172630334453,3.027928416813709,-0.6066382242377562,-0.8591637623171731,0.9599757461186216,0.41741502677290526,-0.8089290481496999,-0.8994348768648438,-0.34459870942715737,-0.4629844511980867,-0.2638870254962625,-0.6225574852132238,-0.752265270395772,-0.8714752733952406,-0.6126366323211593,-0.8663269816364053,-0.9867010539265537,-1.0008777706320262,-0.5620947085714997,-0.48064998970288175,-0.4528370126678923,-0.31492858424765535,1.1232074292136378,2.3379909444076437,-0.8156747633973614,-1.0140441103793345,-1.0694737937696546,-0.9524166174550193,0.0654990182395853,-0.9670921096818785
0.7373107620996631,0.5319020744124415,-0.24045024793525013,0.6715857041502927,-1.1665289624575053,-1.0448535859288643,0.07421681357373884,-1.1396242482525414,0.1210971592968739,0.06792775988374988,0.8827010405497847,0.014212260392850055,0.17696320968409862,0.5051934570310019,0.22992488203866693,0.11333407717146109,0.11999030316256622,0.17395975632396313,0.11172838430207929,0.10260210627661162,0.14197220693438756,0.2111302425505971,0.15858765002857542,0.2741170617305503,0.23027292958218573,0.3515257467626584,0.3581446365857577,0.2726606381767081,0.26720871965404164,0.3406449144280157,0.3291753722354797,0.3717062883052592,0.4017215264717593,0.3111922407422935,0.35944490743081026,0.33067201711471006,0.4064171758617083,0.415014256421734,0.36101284749567814,0.37407725652305074,0.4062377535983842,0.4106023294027244,0.41878834874663656,-0.3583277641823712,-0.48045164036546517,-0.656642095293528,-0.8845900343163515,1.9976278920393835,1.326029100585172,0.6800241203683796,0.22621081541473712,1.6307959467070314,1.1383312173036126,1.4437643527361181,1.8449949654428237,0.06868783368968664,-0.13583202776901626,1.1793565322848374,1.0562056554817638,1.3102103824705766,0.6707818755741224,1.0775988520637654,0.1716958252079465,2.717199981443725,0.621903886252024,1.0645086572378215,0.44688241416632424,0.7193466192446333,0.386600111758298,-0.34330473747987195,-0.4581263240423058,-0.6114556478364332,-0.6356892856597561,0.38641283649164115,0.0022516070247350006,0.9981359445237027,1.4213811364577702,-0.49247742559989394,0.2121597859646378,1.328325560614078,0.637174666579886,0.8765672149914727,0.5324527637925379,1.621572664362707,1.0146404041136396,1.4564415636625592,0.8035673001710002,2.5391688907203998,1.4655848185750318,0.943493847524569,0.4189971114229262,1.4281517301919995,1.0075747111646416,-0.8089290481496999,-0.8994348768648438,-0.34459870942715737,-0.4629844511980867,1.4990325602825263,1.4888594222430966,0.7110270327613442,0.1795501819558034,1.4126084332033344,1.582653885180288,1.018206747956139,1.2232950529946989,2.0405465583587974,1.215492081733134,0.8531096713058417,0.4508552072360051,0.7361540411434649,0.7741174029978486,3.0209140306323645,2.054941847893557,0.8581262207491952,0.05303771609475033,1.166322854199004,0.9640023585327352
-1.8320960546540006,-1.7081041696868018,-1.2004039511742153,-1.7878209527463265,0.5448371441107188,0.7055520547066346,-0.9323885846822458,0.7541286136935931,-1.10489640888543,-2.0356415784517345,0.37854010854322934,-1.135750141215567,-2.080426253256567,-1.0317912310265638,-0.8169265211196959,-0.7938052356666391,-0.6974838616035751,-0.6459023156100206,-0.6426833935647621,-0.28868824015837974,-0.23192489293875065,-1.9294682694610943,-1.8556538966820786,-1.794213516531932,-1.7088338659828153,-1.6470912781680607,-1.5940608916773746,-1.568959095800192,-1.5212861963539286,-1.4938831332336584,-1.4737880399678427,-1.4471937015147582,-1.406227602868033,-1.391930416946255,-1.3523601043672284,-1.311415994991706,-1.2860516235623944,-1.2560439021424161,-1.2292627426516685,-1.185072812616972,-1.1720632643261866,-1.1688637113934741,-1.1609398009922343,-0.3583277641823712,-0.48045164036546517,-0.656642095293528,-0.8845900343163515,-1.405586023022571,-1.3776446911547526,-1.2542948976997552,-1.255027264169307,-1.5621194996072534,-1.4610132847953616,-0.6249129287962303,-0.7782206252341769,-1.2914672888783636,-1.1691887955813527,-1.6108733313316344,-1.561653929125087,-1.3037674792901803,-1.2418607905460992,-1.1050507334485595,-1.1424890877940534,-0.9517480503803688,-0.9322082826409973,-1.2827555836795992,-1.200610356953765,-1.1589110991819702,-1.1199834831244224,-0.34330473747987195,-0.4581263240423058,-0.6114556478364332,-0.6356892856597561,-0.6894465690535315,-0.6732305003957796,-1.1873139511149213,-1.315333446373075,-1.1847533850530834,-1.2510111517225193,-0.8672538784174562,-1.0368474459452661,-1.1120568273527447,-1.1178528321206234,-1.5376483206389977,-1.5497352716932256,-0.9854194299036112,-0.9791665881728715,-1.5220981059682677,-1.4223836508964627,-0.725879152834858,-1.0189338715346854,-1.6197694722448892,-1.5989638948988605,-0.8089290481496999,-0.8994348768648438,-0.34459870942715737,-0.4629844511980867,-1.2083082321634708,-1.1814619607163674,-0.8187785569029137,-0.8714752733952406,-0.6126366323211593,-0.8663269816364053,-0.7718895037248367,-0.8297875534299703,-1.6991709902400762,-1.626691929862352,-0.5834316810652657,-0.6978204799894856,-1.5861662872775724,-1.6951566097544593,-0.8156747633973614,-1.0140441103793345,-1.0694737937696546,-1.0529620508099962,-1.2554895849117174,-1.3533110033248013
0.7373107620996631,1.207880290087361,0.9746772985884716,0.6715857041502927,-0.821567731552392,-0.43100251110451293,0.5706031827134677,-0.7892345684648637,0.1210971592968739,0.9444149841902016,0.5703924885235723,0.46840844612008553,0.9831737321629077,0.6645080518408466,0.6728747133623452,0.5464858069349912,0.5912046927975612,0.7275935539768009,0.6577788139961741,0.6803462419524378,0.6636890904783014,0.555446797099915,0.46907891984103606,0.4171399208657219,0.5543457530301024,0.5865348246161145,0.5588672300449629,0.5327367074787894,0.7012903145684692,0.5925763907505891,0.6780430260893209,0.6427877875697329,0.6991492673564225,0.6803100791006482,0.6398895582998506,0.5786353345321917,0.6733708698885189,0.7118011481250544,0.7167096678760836,0.8219723797580518,0.8113406295971668,0.7754177959836451,0.8095544364193847,-0.17110960068227526,-0.36078747090955854,0.25933641601392166,0.29290085994834275,0.8827819543466744,1.1212053284836627,0.3946327898337367,0.805825716121537,1.2712333964464138,1.8091297984904444,5.581118915800815,2.719400162335157,0.10269171175388789,0.40803995529010817,1.1018501471843798,1.3834381035576202,0.9420444864479348,1.187712325876885,1.1001003941824492,0.9504720699498724,0.9744496663272803,0.621903886252024,0.383437167645202,0.685335315249495,0.4584774916853828,0.7094394535188809,-0.34330473747987195,-0.4581263240423058,-0.17625589848665868,-0.020754063739798538,-0.33082676720514065,0.0022516070247350006,1.3396124907172378,2.2423955113070235,0.2767180849036499,0.9437452548082164,-0.3967725700535559,0.21866913844859798,0.8765672149914727,0.6699782301186347,1.3884494873524031,1.7868671701236616,2.3560745612922007,1.3383874666741618,1.716121426275188,1.9863660179879243,0.5857710617332632,0.8983074390754635,1.122404148756324,1.614127720122815,0.9227233485010338,0.713901225134876,0.011575667241739127,1.0867542975821196,0.9953412500600153,1.1783569358524613,-0.3531855513529221,-0.3459625457197186,1.9189196995844577,1.582653885180288,-0.5570779535231195,-0.14542668462174735,1.105617171209079,1.5822255025841645,0.0695416609216013,-0.31492858424765535,1.3812430212604199,1.3502813393067203,1.2624775000354067,1.03194652846926,0.6515976477650327,0.7065830329021006,0.7626874476805505,1.5047088096328272
0.7373107620996631,0.6379378729496838,-0.049842005343293694,0.6715857041502927,-0.516926644519305,-0.7676905248718087,0.8895738914002134,-0.5463122905357963,0.1210971592968739,0.9444149841902016,-2.218845958882946,0.08545872089908328,0.9831737321629077,0.8627916842300777,0.8032323213795238,0.6544091335427394,0.6273361475938547,0.7079289655355799,0.7827956228998221,0.8668000311932725,0.8040557758127354,0.7877145745755565,0.7965060770978127,1.022236632591448,0.9732951596584946,0.9400883045726413,0.8879707716049794,0.8610952969065137,0.9513055642470737,0.8795253695735975,0.8635291340611979,0.8987038882739563,0.9133346530878308,0.9134371349059248,0.8839128259391456,0.9229297249032273,0.8865814109924401,0.9755150137734594,1.010245878869622,0.9110424326741031,0.882928455917118,0.8493895956590393,0.8028889168002333,0.10971764456786874,0.23753337636997476,0.03034178818705923,0.29290085994834275,-0.29074008532986173,-0.06677254970509218,-0.14443972339836644,-0.35340408529206274,-0.6272568689296475,-0.594565117429037,-0.2801333818741722,0.09618457165815668,-0.37336258114492965,-0.13583202776901626,-0.6549612484259912,-0.4792696777972544,-0.6165244733812489,-0.388925547546541,-0.407502927769363,-0.07167175127390538,-0.6765769479935617,-0.3105634150837888,-0.5773601123158147,-0.3335088984695075,-0.2719560654805186,0.17137388391790936,1.2770126075578716,2.570808049791121,-0.4663890647198417,-0.32822167469977737,0.29675788602954345,-0.22290909544876988,-0.7092467864439723,-0.6311548006653638,1.4305113506589657,0.7608488875973217,-0.7104267756294894,-0.6183419178139781,0.0040076862077855,0.16571818692294654,-0.6935816452568628,-0.36953964816847507,-0.47134343125810163,-0.44434642166970995,-0.901439362288272,-0.7832430879806401,0.019376650897029023,0.4189971114229262,-0.8554005186557008,-0.8120843157098787,0.5516549777901623,-0.09276682586498394,-0.34459870942715737,-0.4629844511980867,-0.515732680607518,-0.6225574852132238,-0.3531855513529221,0.1795501819558034,-0.1063253659400359,0.35816345177194137,0.6601874976199439,0.5389341841864758,-0.43575289949721346,-0.1597582464582301,0.2001363293189747,0.8337471029778354,-0.9410773071606177,-0.5428287371367155,-0.495959030561551,-0.502546450667186,-0.7252595054627172,-0.4496894506801345,-0.33813638827886827,-0.11741054366744849
-1.910714900229217,-1.6683407452353358,1.0411075017799472,-2.0114033761005645,1.0667590064541692,1.1389681166280705,-0.5992375369531354,1.498547982352507,-1.126513423941541,-1.6850466887291538,-0.4110704479141509,-0.840745265681946,-1.5966999397692814,-0.8518459692629263,-0.5455698676961812,-0.36648719923325745,-0.2036873127208967,-0.054452001724065564,0.21519057098096042,-2.2346355335028667,-2.0902307447999293,-1.9294682694610943,-1.8556538966820786,-1.794213516531932,-1.7088338659828153,-1.6470912781680607,-1.5940608916773746,-1.568959095800192,-1.5212861963539286,-1.4938831332336584,-1.4737880399678427,-1.4471937015147582,-1.406227602868033,-1.391930416946255,-1.3523601043672284,-1.311415994991706,-1.2860516235623944,-1.2560439021424161,-1.2292627426516685,-1.185072812616972,-1.1720632643261866,-1.1688637113934741,-1.1609398009922343,-0.3583277641823712,-0.48045164036546517,-0.656642095293528,-0.8845900343163515,-1.5816143289740514,-1.4595741999953564,-1.2225847498625726,-1.255027264169307,-1.6627970136802264,-1.4610132847953616,-0.6249129287962303,-0.7782206252341769,-1.2234595327499609,-1.0604143989695278,-1.6625442547319393,-1.561653929125087,-1.3037674792901803,-1.1384747004855469,-1.082549191329876,-1.0451420572013128,-0.9517480503803688,-0.9322082826409973,-1.3314035472219292,-1.2656429663400843,-1.1589110991819702,-1.1199834831244224,-0.34330473747987195,-0.4581263240423058,-0.6114556478364332,-0.6356892856597561,-0.6894465690535315,-0.6732305003957796,-1.2556092603536284,-1.1784977172315327,-1.2616729361034378,-1.4339075189334138,-0.8672538784174562,-1.0368474459452661,-1.051180581158534,-1.0261691879032255,-1.6662680045067515,-1.5497352716932256,-0.5356029310887903,-0.8008931993384844,-1.50860552458392,-1.3987117781958767,-0.725879152834858,-1.0189338715346854,-1.7153155914435376,-1.5497839211995492,-0.685239591246076,-0.6305455265315572,-0.34459870942715737,-0.4629844511980867,-1.4916345941636333,-1.2435624579944946,-0.8187785569029137,-0.8714752733952406,-0.6126366323211593,-0.8663269816364053,-0.9867010539265537,-1.0008777706320262,-1.471755733906361,-1.351641864224079,-0.4528370126678923,-0.6978204799894856,-1.1991128992073996,-1.3659200747208182,-0.8156747633973614,-1.0140441103793345,-1.0694737937696546,-0.9524166174550193,-1.4022660963729732,-1.2760672245962168
0.7373107620996631,-0.1573306160796333,-1.479403824782966,-1.117073682683612,1.6402010526340978,1.6151677383099916,-0.49202466583473153,1.644331200290913,2.3798546508742024,0.593820094467621,-1.09884287575446,0.8895259180408556,0.6606895231713841,-1.1326522694673287,-0.9619161055469659,-0.8477668989705132,-0.6749017023558916,-0.42051587886064135,-0.24607834462905123,-0.20333967466081448,-0.02820687174541289,0.005707484582190505,0.06487573950336001,0.1299940267558773,0.29743275812566844,0.2912136825347803,0.33878560472928615,-1.568959095800192,-1.5212861963539286,-1.4938831332336584,-1.4737880399678427,-1.4471937015147582,-1.406227602868033,-1.391930416946255,-1.3523601043672284,-1.311415994991706,-1.2860516235623944,-1.2560439021424161,-1.2292627426516685,-1.185072812616972,-1.1720632643261866,-1.1688637113934741,-1.1609398009922343,0.5777630533181087,0.23753337636997476,-0.4276474674666656,-0.2958445871840044,2.114980096007037,0.05612171355581348,2.550922842762149,0.3550141266829149,1.256850894435989,-0.09146618153891285,-0.6249129287962303,-0.7782206252341769,0.6467537607811079,0.6255887485137579,0.37845721958010936,-0.5044414045723202,1.6415596888909543,0.41231665042274107,3.2377468954574065,1.680574799395428,1.203758918316286,0.5182964083258226,1.4901783382332088,0.5986251694010692,3.067168767277888,1.2475050231198526,0.4668539350389998,1.0563408628744078,-0.6114556478364332,-0.6356892856597561,-0.15151686628094518,0.45257301197174477,1.2713171814785307,0.4635310324669743,-0.6463165277006028,-0.88521841730073,-0.23994546726558916,0.21866913844859798,2.9260675035299006,1.3576055617491185,0.1424462998835374,-0.45696154620734547,0.9423655650170496,0.2687471336678387,-0.09188447922740808,-0.5938681063759519,0.28766874024050837,0.25922700220541384,0.3007075236479466,-0.2219246313181424,1.2937917192119053,0.713901225134876,-0.34459870942715737,-0.4629844511980867,0.39720781917078335,-0.06365300971008017,1.8417529033827518,0.8802338188564993,0.3999859004410875,0.35816345177194137,3.0947183999060703,1.052204835792643,0.8276651912456492,-0.34312495688374534,-0.1916476758731455,0.06796331149417485,0.1340709930343071,-0.4605196033783053,0.14347243511006993,0.5204488687571113,1.9366643241109327,1.360128349709451,1.166322854199004,0.03707701378972062
0.09406566193880152,-0.15070337867105565,-0.5544158410756298,0.22442085744181653,-0.0689250459412359,-0.05153093757673208,0.6411361852895406,-0.0973068152105394,-0.08794650278420102,0.41852264960633057,-1.9353712331283415,-0.26358042936943343,0.33820531417986044,0.381409455308245,0.3695937477713583,0.4123108603415745,0.34581189563940085,0.3222004999577831,0.49683763471791453,0.5910585118934465,0.6438141615813904,0.6955077684420103,0.7739248938387248,0.7911997062961709,0.7600893547585494,0.7976270494136878,0.8258180903815707,0.8530620592446733,0.895199779870379,0.8610439099205902,0.8010597194592703,0.743258553031391,0.8048389991802178,0.7200896957658343,0.7509747771505745,0.7311595333753188,0.7773330345590259,0.7474852025527263,0.7754169100747913,-1.185072812616972,-1.1720632643261866,-1.1688637113934741,-1.1609398009922343,0.3749433761930047,-0.48045164036546517,-0.19865283963980318,-0.2958445871840044,-0.818825003184303,-0.9270323925314319,-0.5566716452817394,-0.9330189859988626,-0.9724369171798404,-0.9579143489052376,-0.2801333818741722,0.09618457165815668,-0.6453936056585396,-0.7340912091340531,-0.2674293229237035,-0.22755241004659565,-0.825151814460746,-0.8541629528190273,-0.5200106383627817,-0.6557539348303498,-0.6765769479935617,-0.6213858488623931,-0.5408741396590673,-0.7670596277116362,-0.6893466695753193,-0.4743047996032565,-0.34330473747987195,-0.4581263240423058,-0.6114556478364332,-0.6356892856597561,0.38641283649164115,0.45257301197174477,-0.7775420956826793,-0.767990529806906,-0.10787967034812201,-0.3365293156680461,0.7010171494622113,1.474185722842462,-0.21920521650432054,-0.5677509668162363,-0.7900464081576782,-0.7192272403239567,-0.6641219307501677,-0.6226198105040971,-0.9419171064413152,-0.7832430879806401,-0.21910520629717484,-0.060313216229611,-1.0082743093735385,-0.7792976665770045,-0.685239591246076,-0.6305455265315572,0.18966285557618737,0.3118849231920165,-1.019423990830029,-0.8088589770476051,0.0458941676899277,-0.17079163649454457,-0.6126366323211593,-0.8663269816364053,0.2305643972165097,-0.8297875534299703,-0.6378997940160714,-0.5723333449156394,-0.5834316810652657,-0.6978204799894856,-1.1991128992073996,-1.283610940962408,0.6230460343637857,0.5204488687571113,-0.3810452171557797,-0.5502348840351114,-0.4115246440094962,-0.4263856585817867
-1.4318546589983534,-1.1911796518177455,0.6711731765597633,-0.6699088359751358,0.766597935406863,0.88970737715394,-0.9631416258628557,0.5783118359507164,-1.0606329971038693,-0.8085594644227019,0.6496832607996574,-0.8259022530764807,-0.6292473127947105,-1.142967602944225,-1.1880466500665614,-1.2400827754230035,-1.1476215692740654,-0.9892762830067261,-0.8194312958078507,-0.7128049579385884,-0.6592358642223373,-0.4880074393986958,-0.4002966356338538,-0.30017472648913895,-0.3315243663291697,-0.32854477056548426,-0.3632340241711826,-0.2615496663356751,-0.11470433891012595,-0.039684071062819175,-0.03410830037265242,-1.4471937015147582,-1.406227602868033,-1.391930416946255,-1.3523601043672284,-1.311415994991706,-1.2860516235623944,-1.2560439021424161,-1.2292627426516685,-1.185072812616972,-1.1720632643261866,-1.1688637113934741,-1.1609398009922343,-0.3583277641823712,-0.48045164036546517,-0.19865283963980318,0.29290085994834275,-1.0926468124421613,-0.9270323925314319,-1.1274543063510252,-0.8686173303647737,-0.9149069091381415,-0.8740645262568836,-0.6249129287962303,-0.7782206252341769,-1.0194362643647534,-0.7884784074399656,-0.8874804037273639,-0.8568455794232425,-1.217862103551564,-1.0609351329401324,-1.060047649211192,-0.9964685419049424,-0.9517480503803688,-0.9322082826409973,-1.1732976657093568,-1.0271900652569135,-1.1589110991819702,-1.1199834831244224,-0.34330473747987195,-0.4581263240423058,-0.4663890647198417,-0.32822167469977737,-0.6894465690535315,-0.6732305003957796,-1.3239045695923353,-1.315333446373075,-0.2617187724488308,-0.15363294845715147,-0.7104267756294894,-0.6183419178139781,-1.1120568273527447,-1.0720110100119244,-1.0553245061349206,-0.8940710364016975,-0.9854194299036112,-0.9791665881728715,-1.2792316410500086,-1.0909774330882585,-0.6662586885363071,-0.8591637623171731,-0.9987196974536736,-0.8776576139756272,-0.685239591246076,-0.6305455265315572,-0.34459870942715737,-0.4629844511980867,-0.7990590426076805,-0.746758479769478,-0.4862121243672054,-0.3459625457197186,-0.6126366323211593,-0.8663269816364053,-0.7002856536575975,-0.8297875534299703,-1.3454139248320747,-1.2141168314049426,-0.5834316810652657,-0.6978204799894856,-0.8980713751528207,-0.7897561384119464,-0.8156747633973614,-1.0140441103793345,-1.046526174549192,-1.0026893341325078,-0.9619365619892056,-0.9670921096818785
0.7373107620996631,0.06136821840342891,-1.086274324437056,0.0008384340875784246,2.8520453767877747,2.621511470067489,-0.16134817064053458,2.1345516651963607,0.6152003605794146,0.41852264960633057,-0.8726884070458234,0.027570971737768932,0.49944741867562226,-1.1991288629851056,-1.185386290719272,-0.7544278056881363,-0.5815621107987999,-0.4295918427565895,-0.28775061426360055,-0.3280798857726406,-0.12385496706179709,-0.16586720531187638,-0.09432160247321074,0.0331785528797611,0.07356666298072606,0.2995325879455221,0.3673147043072442,0.3580137883337618,0.36662423232151825,0.283255118663414,0.29649906305908685,0.4816554278670737,0.5925242281713545,0.6590326097215952,0.744601035085369,0.7472147122009112,0.8108123757241045,-1.2560439021424161,-1.2292627426516685,-1.185072812616972,-1.1720632643261866,-1.1688637113934741,-1.1609398009922343,-0.3583277641823712,-0.48045164036546517,-0.4276474674666656,-0.2958445871840044,0.9218993556692255,-0.10773730412539408,1.7581691468325857,0.290612471048826,0.5808732999460279,-0.20326594507005152,-0.6249129287962303,-0.7782206252341769,-0.16933931275972214,-0.2989936226867536,0.02967848662805038,-0.30306759037179326,1.187488417129696,0.3089305603621885,0.8750849729956116,0.22036934050431684,0.6075548631448708,-0.2069559371575874,0.23749327701821213,0.035009221386301935,1.4497801764105347,0.6018263395986866,-0.34330473747987195,-0.4581263240423058,0.2589438508631159,-0.020754063739798538,1.1933073906505207,0.9028944169187545,-0.2311796217730233,0.05302384504234753,-0.33863832349918516,0.2121597859646378,1.6419797661900115,1.8926912509737501,0.592478066085156,0.2574018311403444,0.3112596349599644,-0.19469585209073426,3.2557075589218427,0.625293911336613,0.1509819856908511,-0.26246188856774766,0.019376650897029023,-0.22008332544712342,-0.2630145796240798,-0.5333977980804477,-0.3141712205352045,-0.09276682586498394,3.2171450572618077,2.636493046362326,-0.32684843927407636,-0.6225574852132238,-0.4862121243672054,-0.17079163649454457,-0.1063253659400359,0.35816345177194137,0.1589605471492707,-0.14542668462174735,0.5749815730970766,-0.0680748912454725,-0.5834316810652657,-0.6978204799894856,-0.08095866700467784,-0.8720652721703566,-0.33610116414364577,-0.502546450667186,1.1793928898356703,0.30440129948219274,0.2489696575661551,-0.04016676493886393
0.7373107620996631,0.578292736272485,-0.15705914180126893,0.6715857041502927,-0.9134080592608962,-1.3108557183527498,0.9642752221172586,-0.9226496204066903,0.1210971592968739,0.593820094467621,-2.046537792247794,0.04538258686432712,0.49944741867562226,1.2433128747111455,1.2860875429125425,1.081727169976121,0.9329480360791708,0.7775113554045158,0.8776359606887965,0.9836619131822465,0.9605708408759095,1.018815177290014,1.032479442155283,0.980429950690398,0.963700898437997,1.0295165377381157,0.8961219429129674,0.9313861264476168,0.9414624441809869,0.9476149577688877,0.8596848623933869,0.9811657429453171,0.8693752071080222,0.875507732969352,0.8830022913584019,0.9113343179736328,0.8768900227604438,0.9102393044545473,0.8496643046202158,0.8194275211033075,0.7313307060631037,0.7997948663312182,0.8362165148959901,-0.09310203255723526,0.23753337636997476,-0.19865283963980318,-0.2958445871840044,-0.4863270919426177,-0.5583496027487148,-0.4615412017701918,0.0330058485124705,-0.555344358877524,-0.594565117429037,0.754205258892002,0.9705897685504902,-0.06732767856711838,-0.08144482946310382,0.09426714087843167,0.4017407593300512,-0.13790880855181456,-0.18215336742543597,0.29004487790983374,0.2690428558006872,-0.4472676960045559,-0.2069559371575874,-0.5651981214302323,-0.311831362007401,0.6149989682209331,0.2789869978381037,-0.34330473747987195,-0.4581263240423058,-0.32132248160325017,-0.020754063739798538,-0.24117181674304292,-0.44806979792227475,0.0420016151818047,0.1898595741838898,-0.33863832349918516,0.029263418753743168,-0.08311836447762241,-0.6183419178139781,0.14605226066094387,0.0740345427055487,-0.5649619613891089,-0.22383648477035772,0.3640300665408514,-0.08779964400093564,-0.4561841766047969,-0.23879001586716161,-0.18929497414789936,0.09945689298790142,-0.4063337584220526,-0.15635133305239393,0.3042760639829146,-0.36165617619827056,-0.34459870942715737,-0.4629844511980867,-0.5472133874964249,-0.3741554961007155,0.0458941676899277,0.1795501819558034,-0.6126366323211593,-0.8663269816364053,-0.41387025338864153,0.025663532580308426,-0.18306928134864092,0.06945014157366391,0.5919203345110949,-0.6978204799894856,-0.5970298510982417,-0.5428287371367155,0.4631881679458804,0.5204488687571113,0.37622621711948273,0.4049467328371697,-0.7050776669320079,-0.5808732160389558
-0.295454982047498,-0.3163843138854967,-0.15505421165658886,0.6715857041502927,-0.8932479873248831,-1.5433750648771254,-0.3049520419408388,-0.8061533332480743,-0.5928819665563972,0.41852264960633057,0.3610557689556949,-0.5557594236570139,0.49944741867562226,0.3561941956980538,0.1926798511766159,0.00249390389863856,-0.13142440312830964,-0.06352796562001373,-0.23601952092416,-0.28080991103552755,-0.21204996404183965,-0.022304709686228576,-0.007384046925721751,0.10689033412634956,0.1044815046912181,0.13523420608337144,0.14315749333757352,0.09592940961622042,0.08117375040500123,-0.032875112243290164,-0.03218616453874695,0.051337243719972135,0.06594618377492255,0.11599458687358971,0.15093248844051727,0.21025817592276758,0.11391345831417984,0.058173712145014406,0.057116534937661854,0.01101075511286046,0.044087573391572356,0.012163317514806298,0.08717874769385671,0.01610856281782074,0.7161900541936014,-0.656642095293528,-0.8845900343163515,-0.5450031939264445,-0.6812438660096205,-0.5883817931189219,-0.35340408529206274,-0.09510429454393333,-0.2871157677184055,-0.2801333818741722,0.09618457165815668,-0.2713509469523259,-0.35338082099266604,-0.4999484782250762,-0.353411043921925,0.046174139459506366,-0.3630790250314029,-0.6100168068375168,-0.7531009654230906,-0.768300648789164,-0.6213858488623931,-0.40709223991765986,-0.6153168724768912,1.3454325253868344,0.17137388391790936,0.06177459877956396,1.0563408628744078,0.11387726774652436,-0.32822167469977737,-0.4204817176672384,-0.22290909544876988,0.7249547075688747,-0.08381188409919473,0.12287898280294114,0.5779525203864271,-0.5535996728415227,-0.6183419178139781,0.06488393240199623,-0.7511182552510319,-0.018328304951154936,-0.18012553575092252,-0.47134343125810163,-0.44434642166970995,0.029548753231721504,-0.025743161561887433,-0.24891543844645034,-0.37985343466463584,0.4153628666863248,0.2862684302414083,-0.43786067743882834,-0.36165617619827056,-0.34459870942715737,-0.4629844511980867,0.11388145717062086,0.37105047123680934,-0.8187785569029137,-0.8714752733952406,-0.6126366323211593,-0.8663269816364053,2.020660648897485,-0.3165169018238031,-0.28414272860806994,-0.34312495688374534,-0.4528370126678923,-0.31492858424765535,-0.2959883270436628,-0.04897393458625401,1.1026196336175014,1.03194652846926,-0.8170499823445672,-0.8015984674225538,-0.9619365619892056,-0.6581169947675404
0.7373107620996631,0.6710740599925721,0.009723070466692428,0.6715857041502927,-0.3556460690312001,-0.35101585590012774,0.3011519066895503,-0.20592279958826554,0.1210971592968739,0.7691175393289112,-0.99115027160749,0.10772323980728102,0.8219316276671459,0.5808392358615757,0.3855559038550944,0.24896744709741497,0.1350450759943552,0.2269028790503274,0.21519057098096042,0.1984551106046464,0.25004213281134113,0.2157989415953336,0.14503894007312257,0.21580774223698027,0.2846404098316717,0.284974503476724,0.44780752097362597,0.524703469816949,0.46111818495595147,0.42916137908189284,0.34263032307281793,0.3972978983756815,0.45596935342556577,0.5026894651537708,0.5142357861572286,0.5830951064281895,0.5068551993569439,0.7257266327797557,0.7486533143665569,0.8016135105200972,0.7557547879840283,0.7686930869222457,0.7845587378475671,-0.3583277641823712,-0.48045164036546517,-0.19865283963980318,0.29290085994834275,1.9585104907168325,0.7525225387009457,0.10924145929909385,0.09740750414655937,1.3287634044881127,0.35573287258564185,0.754205258892002,0.09618457165815668,-0.06732767856711838,0.1904911620664584,-0.6032903250256862,-0.4289262242471226,0.8438669141752304,0.5932423080287079,1.707642031386911,0.7071044934680205,1.8916866742833036,0.31108145247341973,0.07938739550563975,0.3818498047800049,0.9802157468038838,1.0322787952794639,0.06177459877956396,1.0563408628744078,0.6941436002128905,0.594181158180159,1.462272242036814,1.803537226812774,-0.3677702402504373,-0.22064761324073698,0.5843962891050675,0.5779525203864271,0.23053584109831107,1.474185722842462,1.4041613486746323,0.8991873406621294,0.2228336023008836,0.11128079104531216,0.1712515670487853,-0.08779964400093564,0.4343261947621535,0.09261620194104267,-0.4873972956406542,-0.37985343466463584,-0.48277065378097145,-0.23831795588457955,0.9227233485010338,0.713901225134876,-0.34459870942715737,-0.4629844511980867,-0.23240631860735553,-0.1878540042663343,-0.4862121243672054,0.004379272730629412,-0.1063253659400359,0.35816345177194137,0.37377209735098776,0.19675374978236418,-0.05672747227435465,-0.022233213639093693,0.2001363293189747,0.06796331149417485,-0.2529823950358658,-0.21359220210307453,0.7829039007816909,1.5434441881814085,0.7433881246468828,0.25412858280470424,0.10219314610489925,0.5005396861612279
-1.574798014589656,-1.2243158388606339,1.741081274010295,0.22442085744181653,0.2245160011273994,0.3930460529778739,-1.151283121819435,-0.2903434023483989,-1.419174550855046,-1.860344133590444,0.2283804862032282,-1.0959309054759054,-1.757942044265043,-1.1807904923595118,-1.1827259313719827,-1.0825730555089925,-1.0151395683543225,-1.0407067450837657,-1.007674996570815,-0.9018848568870407,-0.7996025495567711,-0.6607493040539468,-0.6622383614392752,-0.6104243132285113,-0.6246823480665943,-0.5105208264254613,-0.4508591157320539,-0.5326714374227869,-0.5586290538906403,-0.5571649413470241,-0.4627445913335702,-0.44059037207814616,-0.3736482760231645,-0.39929021504521617,-0.34804046180699616,-0.3133190446673824,-0.2111885651046093,-0.1916146688486893,-0.19497926979796532,-1.185072812616972,-1.1720632643261866,-1.1688637113934741,-1.1609398009922343,-0.3583277641823712,-0.48045164036546517,-0.656642095293528,-0.8845900343163515,-1.3273512203774684,-1.213785673473545,-1.2542948976997552,-1.190625608535218,-1.3176169654300334,-1.0417641715535917,-0.6249129287962303,-0.7782206252341769,-1.2574634108141622,-1.1691887955813527,-1.4816960228308718,-1.335108388149494,-1.2669508896879162,-1.190167745515823,-1.2400599861606623,-1.1424890877940534,-0.9517480503803688,-0.9322082826409973,-1.3314035472219292,-1.0705451381811264,-1.1067372736701202,-1.012370369204228,-0.34330473747987195,-0.4581263240423058,-0.6114556478364332,-0.6356892856597561,-0.6894465690535315,-0.6732305003957796,-1.3239045695923353,-1.315333446373075,-1.1078338340027292,-1.0681147845116246,-0.8672538784174562,-1.0368474459452661,-1.1729330735469554,-1.0720110100119244,-1.4009899065295093,-1.2437586285571791,-0.9854194299036112,-0.9791665881728715,-0.8474690367508811,-0.4991806155736078,-0.725879152834858,-1.0189338715346854,-1.3713495623284029,-1.107164157905747,-0.8089290481496999,-0.8994348768648438,-0.34459870942715737,-0.4629844511980867,-1.3027503528301916,-1.0572609661601133,-0.8187785569029137,-0.8714752733952406,-0.6126366323211593,-0.8663269816364053,-0.9867010539265537,-1.0008777706320262,-1.269608839387503,-1.1682751537985638,-0.5834316810652657,-0.6978204799894856,-0.9410773071606177,-0.5428287371367155,-0.33610116414364577,0.008951209044962638,-1.1153690322105796,-1.0529620508099962,-1.4022660963729732,-1.3533110033248013
0.7373107620996631,0.3065760025208017,-0.645492763443157,0.6715857041502927,-0.5572467883913312,-0.2803299745567176,-0.9557575847503109,-0.8363238221677677,0.1210971592968739,0.24322520474504025,0.6780850926705417,-0.137186468182895,0.17696320968409862,-0.4243327040537749,-0.5522207660644046,-0.7077582590469479,-0.7863070213111301,-0.8879280195019716,-0.8783472632222136,-0.7023005191081189,-0.603337626699775,-0.5241898569954038,-0.4973957236479324,-0.5620165762904532,-0.48716460390612965,-0.5074012368964331,-0.4182544305001018,-0.4754346190821744,-0.4080293168795124,-0.3402509675248856,-0.4050805163164064,-0.3979376886274423,-0.38393665699716234,-0.4520213348106954,-0.3808197067137671,-0.34007767604336964,-0.3001731297802128,-0.3021482032953805,-0.24159972683811554,-0.11623217762435575,-0.07634841677022787,-0.03070670275161527,0.08551236778906887,0.0005070491928127422,-0.36078747090955854,-0.656642095293528,-0.8845900343163515,-0.7014727992166493,-0.5993143571690167,-0.8103528279791997,-0.5466090521943293,0.5521082959251784,0.4116327543512112,-0.6249129287962303,-0.7782206252341769,-0.23734706888812465,-0.6253168125222283,1.4893820726866676,0.6534580270807099,-0.6042522768471609,-0.6215442501827841,-0.06997979598910649,-0.2176922971630165,-0.9058861999825676,-0.8286008047147959,-0.20033839486275754,-0.4202190443179332,-0.532825193039769,-0.25907857176286786,0.8719332712984358,2.570808049791121,-0.6114556478364332,-0.6356892856597561,0.5657227374158367,0.0022516070247350006,0.3834781613753397,-0.22064761324073698,-0.2617187724488308,-0.5194256828789408,1.4851526634020449,0.21866913844859798,0.02429976827252241,0.0740345427055487,1.4688367897697494,0.7669450263368403,-0.7283814305808564,-0.8008931993384844,1.2978514033604083,0.7080848921562792,-0.6662586885363071,-0.8591637623171731,1.131958760676189,0.46659500047221664,0.18058660707929078,-0.09276682586498394,-0.34459870942715737,-0.4629844511980867,0.5231306467264111,0.43315096851493645,-0.22015897833863887,-0.5211334549448926,-0.1063253659400359,-0.8663269816364053,0.4453759474182268,0.36784396698441996,1.206690618468508,0.527866917637452,-0.5834316810652657,-0.6978204799894856,1.5102608172838108,0.6918082692394383,-0.6558168969794562,-0.502546450667186,-0.9547356976673421,-0.9524166174550193,-0.4115246440094962,-0.4263856585817867
0.7373107620996631,0.10113164285489477,-1.0147962334650724,0.6715857041502927,-0.516926644519305,-0.26544873637915756,0.46714382640787877,-0.3771506751206563,0.1210971592968739,0.593820094467621,-1.6373058964893088,-0.27522648541372147,0.6606895231713841,0.5762546432051773,0.5771017768599283,0.5319015736096199,0.3126913954094651,0.30404857216588677,0.4063082213738936,0.4190483260445073,0.35686987563223777,0.4258903986084767,0.40133537006377196,0.3907357007176902,0.3635265576446514,0.30681163017992125,0.40399497519319033,0.4483877120294657,0.5634866336432541,0.5809038899171108,0.624223222739968,0.6835447962004055,0.7412380986136862,0.7311909841375142,0.7054480481133926,0.6490997304889581,0.6980398581154188,0.7048384057977037,0.7132563006879243,0.7498680512069626,0.7717567726908409,0.8250125253114662,0.8195527158481117,0.2501312671929407,1.553839240384948,6.213196739512345,3.8253735427424256,0.5111666417824379,-0.10773730412539408,0.6483139725311969,0.3550141266829149,-0.6560218729504969,-0.762264762725745,-0.6249129287962303,-0.7782206252341769,1.598862346578743,1.0606863349610576,-0.11241655272278846,-0.4792696777972544,0.3038902666753557,-0.02707423233460718,0.5600633833340389,0.2690428558006872,0.8827259655316779,0.621903886252024,0.9185647666108316,0.5769476329389629,1.554127827434235,0.4942132256784923,-0.34330473747987195,-0.4581263240423058,-0.32132248160325017,-0.020754063739798538,0.5657227374158367,0.45257301197174477,-0.0945890032956093,-0.22064761324073698,-0.6463165277006028,-0.5194256828789408,-0.23994546726558916,0.21866913844859798,1.48532967693358,0.8075036964447315,-0.6453492638064551,-0.6026647096054628,-0.15004593210465816,-0.2660730328353228,-0.44269159522044915,-0.8069149606812261,-0.01043358125224646,0.25922700220541384,-0.16746846042543126,-0.48421782438113636,0.05689715017566696,0.9827905754681625,0.723924420579532,0.3118849231920165,-0.10648349105172775,-0.746758479769478,1.9747794763970352,1.7560883649823693,-0.1063253659400359,0.35816345177194137,0.1589605471492707,0.5389341841864758,-0.23360600497835543,-0.6181750225220182,-0.3222423442705189,0.06796331149417485,-0.9410773071606177,-0.7897561384119464,-0.8156747633973614,-1.0140441103793345,1.1105500321742827,0.5557648828696351,0.46913442475803885,-0.19465432239603303
-0.4455455054183657,0.2137946788007147,1.869779092391503,0.6715857041502927,-1.0186884349267424,-0.6225984526405983,1.4342379822533518,-0.9236787020506656,-0.6966436388257309,0.7691175393289112,0.03291684134486814,-0.19952712112584892,0.8219316276671459,1.379704506238998,1.482954134611955,1.4696677764309998,1.473414380740395,1.358373044745198,1.3475267251887149,1.288290639265864,1.350616320477788,1.2440799061985508,1.2063545532502609,1.2378710971337068,1.1257373101619552,1.138702171254102,1.2588490661184346,1.2326325387666297,1.2406932941900255,1.2228914357584177,1.1633823241504497,1.1470372896980545,1.1621264111863228,1.2427753565990933,1.2390213124291642,1.2770356134454581,1.1720368461894257,1.1713421417301957,1.2001810742183823,1.2630812132470681,1.272029347209088,1.2495097848123071,1.2436464016166167,-0.18671111430728324,-0.24112330145365188,0.03034178818705923,0.8816463070806899,-0.3885335886362397,0.21998073123702105,0.14095160713627639,1.1278339942919813,-0.5409618568670992,0.07623346375779516,-0.2801333818741722,0.09618457165815668,0.1706994678822904,0.40803995529010817,-0.17700520697316974,0.6031145735305782,-0.15018100508590262,0.43816317293787915,-0.024976711751738965,0.6097574628752798,-0.4472676960045559,-0.2069559371575874,0.1401973499335522,0.7503679246358144,0.14543453861428224,0.7094394535188809,-0.34330473747987195,-0.4581263240423058,0.11387726774652436,0.2867135472201803,-0.061861915818847465,0.22741230949823987,0.2468875428979257,1.1477096781746856,0.19979853385329555,0.9437452548082164,-0.7104267756294894,-0.6183419178139781,0.02429976827252241,0.8533455185534304,-0.33183878437880504,0.4172574341813586,-0.08578643227396945,0.8035673001710002,-0.2537954558395809,0.3766786743480749,0.16842781164340645,0.7385373298579511,0.05228761373146038,0.8272481409338333,0.3042760639829146,0.9827905754681625,-0.34459870942715737,-0.4629844511980867,-0.16944490482954164,0.3089499739586823,0.11240745419706934,1.2305756373068473,-0.1063253659400359,0.35816345177194137,0.37377209735098776,0.7100244013885315,-0.3094110904229272,0.29865852960555794,-0.4528370126678923,-0.31492858424765535,-0.6830417151138357,-0.13128306834466427,-0.33610116414364577,0.5204488687571113,0.4680166940013327,0.857401182934566,-0.3748305161441822,-0.11741054366744849
0.7373107620996631,0.41923903846662164,-0.44297150568920357,0.6715857041502927,-0.516926644519305,-1.7963561138956459,-0.11233783946696774,-0.4731106950347747,0.1210971592968739,1.119712429051492,-0.18345574050521649,-0.06148710389502248,0.8219316276671459,0.5109241978515,0.41082931765434333,0.2431337537672664,0.31419687269264396,0.08925075996178031,0.08011493837242117,0.15381124557515075,0.113401996645078,0.219300465878886,0.24326708725015558,0.07828576229931523,0.06930254688272716,-0.020745270368037427,0.12176066865410494,0.23651106869842653,0.21011862327073821,0.31049095394153003,0.39645012642217087,0.3233665803944615,0.24552519713924748,0.2251572558617748,0.24471755025711195,0.1745800007547846,0.12272381125235841,0.09037639540901105,0.12532053690380757,0.043245631406288565,0.0575629289341514,0.09285982625159983,0.08634555774146278,0.06291310369284474,0.3571975458258814,0.03034178818705923,-0.8845900343163515,1.7629234841040764,0.8754168019618512,0.42634293767091924,-0.22460077402388498,1.1993208863942904,0.774981985827412,3.1676620873464083,0.09618457165815668,1.0888041756157243,0.13610396376054595,1.1276856088845324,0.7793166609560392,0.9543166829820229,0.5415492629984316,0.357549504265885,-0.022998235977535007,-0.2179584440155501,0.2074739745472183,0.8942407848396666,0.2517845860073663,1.501954001922385,0.7094394535188809,0.06177459877956396,1.0563408628744078,-0.32132248160325017,-0.6356892856597561,1.1933073906505207,0.45257301197174477,0.1785922336592187,0.6003667616085165,-0.8001556298013115,-0.5194256828789408,0.23053584109831107,1.055680194711174,0.3286809992435761,-0.33854185627274164,0.6730024958380222,0.40268711784154687,1.0066250648477384,0.4470205225022259,1.4057920544351903,0.6133974013539352,0.2280482759419574,0.09945689298790142,1.256168715634432,0.6469215707030249,-0.685239591246076,-0.6305455265315572,-0.1665115210927091,0.3118849231920165,2.7582608358388043,1.613060416799351,-0.552725410874347,-0.3459625457197186,-0.1063253659400359,0.35816345177194137,1.66264139856129,-0.3165169018238031,-0.18306928134864092,0.20697517439280033,0.9837043397032151,0.8337471029778354,1.1232074292136378,1.26797220554831,0.14347243511006993,1.03194652846926,0.4450690747808702,0.05303771609475033,2.4873114573503066,0.7322710223469816
-0.056024861432066184,-0.2169757527568321,-0.4244218281013184,-1.6760297410692073,0.1281956574331145,0.35956326707836384,-1.2442649848113112,0.35190020795753435,2.9045451931885196,-0.6332620195614115,0.5828013595204371,2.150121774319294,-0.6292473127947105,-1.160159825405719,-1.2133200638658104,-1.0227776988749697,-0.9368547496290197,-0.9756623371628038,-0.9501960039714366,-0.7758315909214059,-0.701470088128273,-0.5311929055625085,-1.8556538966820786,-1.794213516531932,-1.7088338659828153,-1.6470912781680607,-1.5940608916773746,-1.568959095800192,-1.5212861963539286,-1.4938831332336584,-1.4737880399678427,-1.4471937015147582,-1.406227602868033,-1.391930416946255,-1.3523601043672284,-1.311415994991706,-1.2860516235623944,-1.2560439021424161,-1.2292627426516685,-1.185072812616972,-1.1720632643261866,-1.1688637113934741,-1.1609398009922343,-0.18671111430728324,0.1178692069140681,-0.656642095293528,-0.8845900343163515,-0.7601489012004761,-1.0908914102126395,-1.1591644541882076,-1.126223952901129,-0.454666844804551,-0.4548154130151136,-0.6249129287962303,-0.7782206252341769,-1.0194362643647534,-1.0604143989695278,-0.9779045196778977,-1.2092497542741647,-1.217862103551564,-1.190167745515823,-1.1950569019232946,-1.1424890877940534,-0.9517480503803688,-0.9322082826409973,-1.076001738624697,-1.0705451381811264,-1.1589110991819702,-1.1199834831244224,0.4668539350389998,1.0563408628744078,-0.6114556478364332,-0.6356892856597561,-0.6894465690535315,-0.6732305003957796,-0.7775420956826793,-0.767990529806906,-0.7232360787509571,-1.0681147845116246,0.07370873831034433,-0.19983638968269005,-1.1526409914822184,-1.1178528321206234,-0.3479162448622743,-0.6755162913045215,-0.08578643227396945,-0.44434642166970995,2.134391449189968,1.65495980017972,-0.6662586885363071,-0.8591637623171731,0.13827912101024406,-0.3858578769825136,-0.685239591246076,-0.8994348768648438,-0.34459870942715737,-0.4629844511980867,0.17684287094843473,-0.8088589770476051,-0.752265270395772,-0.6963043641700666,-0.6126366323211593,-0.8663269816364053,-0.9150972038593147,-0.8297875534299703,0.4739081258376477,0.06945014157366391,-0.5834316810652657,-0.6978204799894856,0.6501421771278709,0.9387356705146691,-0.8156747633973614,-1.0140441103793345,-1.046526174549192,-1.0026893341325078,-0.8885483062585777,-1.1215796671390477
0.14766942028553998,0.26681257806933584,0.2952602212786581,-1.8996121644234454,0.24691608105630283,0.424668684105189,-1.3006977910077622,0.7114462542691702,4.868017200189852,-0.8085594644227019,0.8297875090633994,4.620423157943147,-0.6292473127947105,-1.1991288629851056,-1.2079993451712316,-1.152577375470775,-1.0121286137879646,-0.8864153588526469,-0.7461455802436433,-0.6602827637862406,-2.0902307447999293,-1.9294682694610943,-1.8556538966820786,-1.794213516531932,-1.7088338659828153,-1.6470912781680607,-1.5940608916773746,-1.568959095800192,-1.5212861963539286,-1.4938831332336584,-1.4737880399678427,-1.4471937015147582,-1.406227602868033,-1.391930416946255,-1.3523601043672284,-1.311415994991706,-1.2860516235623944,-1.2560439021424161,-1.2292627426516685,-1.185072812616972,-1.1720632643261866,-1.1688637113934741,-1.1609398009922343,-0.24911716880731524,-0.12145913199774522,-0.19865283963980318,-0.2958445871840044,-0.5058857926038933,-0.4764200939081111,0.7751545638799271,0.4194157823170037,1.357528408508962,1.3898806852486747,-0.2801333818741722,0.09618457165815668,-0.815412995979546,-0.6797040108281407,0.4817990663807194,0.4772559396552488,-0.825151814460746,-0.802469907788751,-1.172555359804611,-1.0451420572013128,-0.9517480503803688,-0.9322082826409973,-0.7476279847139696,-0.6153168724768912,-1.00238962264642,-0.9047572552840337,-0.34330473747987195,-0.4581263240423058,-0.32132248160325017,-0.32822167469977737,-0.6894465690535315,-0.6732305003957796,0.9298406352849957,0.7372024907500588,-0.4155578745495396,0.2121597859646378,-0.7104267756294894,-0.6183419178139781,-1.1729330735469554,-1.0720110100119244,0.8739707518813876,0.8397966080358988,-0.9854194299036112,-0.9791665881728715,1.4597623799725812,1.560272309377376,-0.725879152834858,-1.0189338715346854,0.5682366574041625,0.40102170220646816,0.05689715017566696,-0.36165617619827056,-0.34459870942715737,-0.4629844511980867,0.3657271122818764,-0.0015525124319530886,-0.752265270395772,-0.6963043641700666,-0.6126366323211593,-0.8663269816364053,-0.9867010539265537,-1.0008777706320262,0.7771284676159347,0.757075305669346,-0.5834316810652657,-0.6978204799894856,0.9941896331902469,1.4325904730651307,-0.8156747633973614,-1.0140441103793345,-1.1153690322105796,-1.0529620508099962,-0.11797162108698452,0.03707701378972062
0.7373107620996631,1.26752542676456,1.0818944350464468,0.6715857041502927,-0.9559682111258128,-1.3666603615186,1.5028300950992557,-0.9489844844910921,0.1210971592968739,0.593820094467621,0.48423840520599637,0.5084845801548417,0.6606895231713841,1.7155259183201812,1.6917923433741697,1.7073907796345535,1.7353674280135232,1.8378864705811258,1.6349216881856068,1.4419180571614814,1.3655225171504712,1.4016484989584082,1.327163883686382,1.457906265033971,1.3965086823848856,1.3581133014624172,1.1263925323636292,1.2115452899042989,1.211163933991765,1.2423456038142149,1.1816426145725516,1.119550004807601,1.1144257357614238,1.0633045279236026,1.2098842058453678,1.2761436590662587,1.2019920461792328,1.1878786547576534,1.2148578847680591,1.0925756833791982,1.1381180015047088,1.1545232693200398,1.1544950767104674,-0.3583277641823712,-0.48045164036546517,5.297218228204895,0.8816463070806899,0.4720492404598867,0.7934872931212475,1.3776473727863954,1.3854406168283369,0.4370482798417808,1.3339808034831053,1.09898480581406,1.8449949654428237,1.5648584685145417,2.257204697691131,1.2051919939849898,1.7861857319586742,0.7211449488343498,1.0843262358163324,0.740075720283509,1.5345542535063168,0.05721265837125689,0.10386649662101688,1.8307140830295183,1.7908896748169234,1.032389572315734,1.6779574788006297,-0.34330473747987195,-0.4581263240423058,2.4349425976119887,3.3613896568199686,-0.24117181674304292,0.0022516070247350006,1.1347265630011167,1.5582168655993123,0.19979853385329555,0.9437452548082164,0.07370873831034433,0.637174666579886,1.241824692156737,1.586814672292613,1.3241396454185261,1.655734323065356,0.235511066879474,1.5166608555085488,0.9065665432143242,1.4419129458744457,-0.18929497414789936,0.25922700220541384,1.4854794017111885,1.8600275886193718,0.18058660707929078,0.9827905754681625,-0.34459870942715737,-0.4629844511980867,0.9323798362822013,1.799361908633732,3.5710983525684346,1.9312592742075434,0.3999859004410875,1.582653885180288,0.3021682472837487,1.2232950529946989,1.8889363874696539,1.5363838249777857,0.3307309977163481,0.8337471029778354,-0.03795273499688086,0.3625717342057973,-0.33610116414364577,0.008951209044962638,0.9269690784105827,1.9131282331618242,0.7626874476805505,0.4232959074326434
-1.410413155659658,-1.2707065007206773,-0.06283257966567259,0.0008384340875784246,0.6321974558334422,0.6627684949461495,-0.6107854487827319,0.14415491560446694,-1.240774789238129,-0.9838569092839923,2.16159130245993,-1.0912211033991712,-0.9517315217862341,-1.0031375269240737,-0.8275679585088533,-0.7631783456833592,-0.5213430194716441,-0.4779969835349797,-0.4027085994623574,-0.33989737945691884,-0.23813580821903535,-0.24173356478884472,-0.24335741198319186,-0.2539673412300835,-0.22492146387919712,-0.21104023163875626,-0.12073667775853883,-0.06875196245150673,-0.009382954202997262,0.01284218268783321,0.025477910478416875,0.00204969839915874,0.00047466848584574724,-0.0014940483933552533,-0.04392191183862118,0.012244303740462122,0.03373924657675489,-1.2560439021424161,-1.2292627426516685,-1.185072812616972,-1.1720632643261866,-1.1688637113934741,-1.1609398009922343,-0.3583277641823712,-0.48045164036546517,-0.4276474674666656,-0.2958445871840044,-0.9557359078132321,-0.88606763811113,-1.06403401067666,-0.9330189859988626,-1.331999467440458,-1.2374137577330844,-0.6249129287962303,-0.7782206252341769,-0.9174246301721497,-1.0604143989695278,-0.7712208260766776,-0.6303000384476496,-1.0705957451425072,-1.0350886104249943,-1.1050507334485595,-0.9964685419049424,-0.9517480503803688,-0.9322082826409973,-1.0881637295102793,-1.04886760171902,-1.1067372736701202,-1.012370369204228,-0.34330473747987195,-0.4581263240423058,-0.6114556478364332,-0.6356892856597561,-0.6894465690535315,-0.6732305003957796,-0.6409514772052654,-0.35748334238227925,-0.03096011929776763,-0.7023220500898354,-0.5535996728415227,-1.0368474459452661,-1.1526409914822184,-1.1178528321206234,-0.7498527569490051,-0.9086413527415093,-0.9211599300729225,-0.8008931993384844,-1.1712909899752266,-1.0199618149865004,-0.725879152834858,-1.0189338715346854,-0.7694090113769171,-1.0415908596399985,-0.8089290481496999,-0.8994348768648438,-0.34459870942715737,-0.4629844511980867,-1.019423990830029,-0.9951604688819863,-0.8187785569029137,-0.8714752733952406,-0.1063253659400359,0.35816345177194137,-0.9150972038593147,-0.8297875534299703,-0.8147783267200722,-0.893225088160291,-0.5834316810652657,-0.6978204799894856,-1.4141425592463845,-1.283610940962408,-0.8156747633973614,-1.0140441103793345,-1.0006309361082673,-0.9021439007775308,-1.3288778406423452,-1.1988234458676321
0.7373107620996631,0.6710740599925721,0.009723070466692428,0.6715857041502927,-0.07340506192701658,-0.11663635460355722,0.5818779181341919,-0.31844228258797475,0.1210971592968739,0.7691175393289112,-1.055765834095672,0.10772323980728102,0.8219316276671459,0.42381693737993026,0.23923613975417968,0.39189293368605455,0.44517339632920805,0.5006944565780969,0.4379216673035517,0.5949976764548726,0.5195958559756966,0.5811246418459658,0.5424677654330723,0.551361373284883,0.6556185103575762,0.6759630577815889,0.6352844610573506,0.6974180795465166,0.6953844425288171,0.7209738999188505,0.7337849652725793,0.8001287976323295,0.735626254446051,0.7126888368513811,0.7910382987032945,0.8613848727384567,0.7544261169197617,0.7457445169708887,0.7132563006879243,0.7871926448098794,0.7490171102127388,0.727504243921174,0.775393648371234,-0.3271247369323552,-0.24112330145365188,-0.656642095293528,-0.8845900343163515,0.23734483252457952,0.5067340121791343,0.5531835290196494,0.4838174379510926,0.624020805977302,0.5793323996479193,0.754205258892002,1.8449949654428237,0.13669558981808916,0.24487836037237085,0.15885579512881295,0.2003669451295242,0.9175000933797588,0.7483214431195367,0.9200880572329792,1.0964926158389836,0.928587815929479,1.1399412758830312,1.052346666352239,0.6203027058631757,0.3019560151498325,0.6018263395986866,-0.34330473747987195,-0.4581263240423058,0.6941436002128905,0.594181158180159,0.745032638340032,-0.44806979792227475,0.6566593983301677,0.4635310324669743,1.5074309017093201,1.4924343564409004,-0.7104267756294894,-0.6183419178139781,0.5316018198909452,0.6699782301186347,0.0942139184331297,0.25698395444342953,0.5568085660329175,1.1601140778397745,0.6232223341430218,0.40035054704866097,-0.15948474199862386,0.25922700220541384,0.48224515012537883,0.40102170220646816,-0.685239591246076,-0.6305455265315572,-0.1665115210927091,0.3118849231920165,0.7434955949487597,0.4952514657930635,-0.4196988378600638,-0.17079163649454457,-0.1063253659400359,0.35816345177194137,0.2305643972165097,0.5389341841864758,0.5244448494673621,0.25281685199917914,-0.061053007475772095,0.4508552072360051,-0.38200019105925676,0.03333519917215625,2.061766832124933,1.5434441881814085,0.7204405054264202,0.6060375995471237,0.17558140183552717,0.11432079251830517
0.7373107620996631,0.3728483766065781,-0.5263626118231842,0.6715857041502927,-0.8305277635239534,-0.5221500949420681,-0.7495838987087845,-0.793647019955053,0.1210971592968739,0.593820094467621,-1.464997729854157,-0.09265743036649932,0.0157211051883368,-0.27189499822852786,-0.48837214172946003,-0.6187944357621824,-0.7245824527007952,-0.8455735213208802,-0.8539186913674778,-0.6051344599262753,-0.5288066433363587,-0.5428646531743498,-0.4341684105224859,-0.41239266211827363,-0.3176659890106733,-0.33374408644719794,-0.31636478915025146,-0.31577402055309745,-0.3410961004301222,-0.3023153398160811,-0.2820638229464569,-0.1913091332440323,-0.1398214357050331,-0.13285929412490002,-0.13770697365521584,-0.08587067797149103,-0.04467289457303436,-0.07934044882016045,-0.016267517810722765,0.07208736282672425,0.0407187345059276,0.0920192376189249,0.08801193764625062,0.4373494306930367,0.23753337636997476,0.25933641601392166,-0.8845900343163515,-0.4276509899587909,-0.7631733748502243,0.5531835290196494,-0.35340408529206274,-0.39713683676285216,-0.2312158859528362,-0.6249129287962303,-0.7782206252341769,-0.6453936056585396,-0.842865605745878,-0.17700520697316974,-0.2527241368216615,-0.9356015832675386,-0.8541629528190273,-1.2175584440419784,-1.0938155724976832,-0.8600243495847664,-0.7249933267885945,-0.857085902684212,-0.8971248464842748,-1.05456344815827,-1.012370369204228,0.06177459877956396,-0.4581263240423058,-0.031189315370067156,-0.6356892856597561,-0.6894465690535315,-0.6732305003957796,-0.2311796217730233,-0.35748334238227925,-0.1847992213984764,0.5779525203864271,-0.08311836447762241,-0.19983638968269005,-1.1323489094174815,-0.9803273657945266,-0.2675289424449281,-0.18012553575092252,0.2997705667101627,-0.6226198105040971,0.8256110549082377,0.7317567648568652,-0.15948474199862386,-0.22008332544712342,0.11916989717051436,0.07315521087772574,-0.1904817636315807,-0.6305455265315572,-0.34459870942715737,-0.4629844511980867,-0.20092561171844858,-0.06365300971008017,-0.6192386973814887,-0.3459625457197186,9.513588695301308,0.35816345177194137,-0.8434933537920757,-0.6586973362279146,-0.5620947085714997,-0.48064998970288175,-0.061053007475772095,0.06796331149417485,1.6822845453149986,1.514899606823541,2.061766832124933,-1.0140441103793345,-0.9088404592264172,-0.9021439007775308,-0.33813638827886827,-0.34914187985320216
0.7373107620996631,0.5385293118210192,-0.22853723277325258,0.6715857041502927,-0.879807939367541,-0.5258704044864582,-0.7107431802109591,-0.9276624498104487,0.1210971592968739,0.41852264960633057,-0.49576429253142895,0.01866516417448984,0.49944741867562226,-0.2696027019003287,-0.5282775319388004,-0.6552550190756109,-0.7185605435680796,-0.7411999365174764,-0.6872296128292804,-0.4908986876449189,-0.45303347691688556,-0.34211059425067974,-0.33481120418249843,-0.38378809029123934,-0.21639323168319932,-0.10185459812277005,-0.18187046256844902,-0.20933362153371285,-0.17573168331986405,-0.18072678946734871,-0.17634635208165653,-0.17993508432384456,-0.1800396522397517,-0.25034792939184497,-0.25152379624817056,-0.15633507392825738,-0.12484710631045932,-0.04887845113800147,-0.03871440453375806,-0.07466615293019846,-0.026658043206967637,0.04998980598517827,0.08801193764625062,-0.21791414155729924,-0.0017949625418385616,-0.19865283963980318,0.29290085994834275,0.8827819543466744,1.3669938550054739,0.36292264199655416,0.290612471048826,0.48019578587305495,0.4954825769995652,-0.6249129287962303,-0.7782206252341769,0.34071885820329667,0.08171676545463352,0.714318221682092,0.6031145735305782,0.6843283592320856,0.7483214431195367,1.2126081047758681,0.6097574628752798,0.14893635916685924,0.5182964083258226,0.9307267574964141,0.4252048777042178,1.9193446060171857,0.9246656813592695,-0.34330473747987195,-0.4581263240423058,-0.32132248160325017,-0.020754063739798538,0.5657227374158367,0.6777337144452497,-0.5043608587278513,-0.08381188409919473,-0.49247742559989394,-0.15363294845715147,-0.23994546726558916,0.21866913844859798,0.6330622302146297,0.3032436532490433,0.592615193420676,0.5629605975794759,-0.3428244315967242,0.2687471336678387,0.029548753231721504,0.21097556544397278,-0.07005404555079743,0.7385373298579511,0.4440267024459194,0.2534817811085341,-0.1904817636315807,0.4450118748015893,-0.34459870942715737,-0.4629844511980867,0.49164993983750416,0.37105047123680934,0.7775403192684858,0.5298920004061514,0.3999859004410875,0.35816345177194137,0.3021682472837487,0.19675374978236418,-0.05672747227435465,0.06945014157366391,-0.5834316810652657,-0.6978204799894856,0.1340709930343071,0.3625717342057973,1.9019089657070276,4.100932486742152,0.5598071708831828,0.10331043277223882,1.4231817492562018,1.5819525883614116
-1.9142884841189995,-1.721358644503957,-0.17595564860995463,-2.234985799454803,0.3051562888714518,0.5065154940817691,-1.0039111353687786,1.0902496466503422,-0.7806411830437628,-2.912128802758186,1.1322507991248318,-0.7182904116868579,-2.5641525667438523,-0.9091533774679064,-0.7570684358056853,-0.37669616256101746,-0.3211145408088507,-2.6305130875240184,-2.494943930079731,-2.2346355335028667,-2.0902307447999293,-1.9294682694610943,-1.8556538966820786,-1.794213516531932,-1.7088338659828153,-1.6470912781680607,-1.5940608916773746,-1.568959095800192,-1.5212861963539286,-1.4938831332336584,-1.4737880399678427,-1.4471937015147582,-1.406227602868033,-1.391930416946255,-1.3523601043672284,-1.311415994991706,-1.2860516235623944,-1.2560439021424161,-1.2292627426516685,-1.185072812616972,-1.1720632643261866,-1.1688637113934741,-1.1609398009922343,-0.3583277641823712,-0.48045164036546517,-0.656642095293528,-0.8845900343163515,-1.1904403157485393,-1.1728209190532433,-1.3177151933741202,-1.190625608535218,-1.5908845036281027,-1.516913166560931,-0.6249129287962303,-0.7782206252341769,-1.2914672888783636,-1.1691887955813527,-1.597955600481558,-1.561653929125087,-1.3405840688924446,-1.2418607905460992,-1.2625615282793459,-1.1911626030904239,-0.9517480503803688,-0.9322082826409973,-1.4408614651921716,-1.2873205028021908,-1.1589110991819702,-1.1199834831244224,-0.34330473747987195,-0.4581263240423058,-0.6114556478364332,-0.6356892856597561,-0.6894465690535315,-0.6732305003957796,-1.3921998788310423,-1.4521691755146173,-1.2616729361034378,-1.4339075189334138,-0.8672538784174562,-1.0368474459452661,-1.2135172376764292,-1.1636946542293223,-1.5858807020894055,-1.5643055880330372,-0.8569004302422337,-0.6226198105040971,-1.710994245349136,-1.5407430143993928,-0.725879152834858,-1.0189338715346854,-1.6770971437640783,-1.5497839211995492,-0.8089290481496999,-0.8994348768648438,-0.34459870942715737,-0.4629844511980867,-1.4601538872747264,-1.3677634525507487,-0.8187785569029137,-0.8714752733952406,-0.6126366323211593,-0.8663269816364053,-0.9867010539265537,-1.0008777706320262,-1.6991709902400762,-1.626691929862352,-0.5834316810652657,-0.6978204799894856,-1.3711366272385874,-1.283610940962408,-0.8156747633973614,-1.0140441103793345,-1.1153690322105796,-1.0529620508099962,-1.1821013291810893,-1.1988234458676321
0.7373107620996631,0.16077677953209354,-0.9075790970070972,0.6715857041502927,-0.9492481871471417,-0.9704473950410641,-0.6515880705806392,-1.0281794235147392,0.1210971592968739,-0.4579645747001212,0.8827010405497847,-0.23515035137896528,-0.30676310380318683,0.0008882648271772955,-0.14784614527642206,-0.39273881921892595,-0.5604854288342954,-0.703383420284359,-0.6168178468950419,-0.46069842600731886,-0.47911932109408123,-0.37479148756383535,-0.40932910893748903,-0.4597002232168304,-0.33792054047616804,-0.22663817928389715,-0.13500122754751787,-0.044652249465985686,-0.09206516275812632,-0.11166449286926873,-0.1321372279018309,-0.19036129583401662,-0.13514489889867048,-0.11898268366030021,-0.13042269700926676,-0.15990289144505568,-0.0948919063206522,-0.14200512976631607,-0.03871440453375806,0.01949361729534154,-0.003076171007454304,-0.01557610736346648,0.08551236778906887,-0.3271247369323552,-0.36078747090955854,-0.656642095293528,-0.8845900343163515,1.3326320695560132,0.30191024007762485,0.014111015787546238,-0.1601991183897961,0.8829058421649467,0.35573287258564185,-0.6249129287962303,-0.7782206252341769,0.1706994678822904,-0.4621552176044909,1.6185593811874301,0.7793166609560392,0.46342882161850046,-0.1304603223951597,0.47005721485930385,-0.022998235977535007,0.10307450876905806,-0.4141708930099902,0.383437167645202,-0.3335088984695075,-0.3763037165042188,-0.15146545784267357,-0.34330473747987195,-0.4581263240423058,-0.6114556478364332,-0.6356892856597561,-0.6894465690535315,-0.6732305003957796,0.3834781613753397,1.0108739490331433,-0.1847992213984764,-0.3365293156680461,-0.7104267756294894,-0.6183419178139781,0.02429976827252241,-0.24685821205534378,1.621572664362707,0.5775309139192877,-0.40708393142741295,-0.08779964400093564,1.770091751812579,0.542381783252177,-0.6960689206855826,-0.8591637623171731,1.8294454308263233,0.5649549478708393,-0.8089290481496999,-0.8994348768648438,-0.34459870942715737,-0.4629844511980867,0.33424640539296946,-0.12575350698820725,-0.8187785569029137,-0.8714752733952406,2.931542232346705,1.582653885180288,1.0898105980233779,-0.48760711902585885,1.5857160456913668,0.757075305669346,-0.5834316810652657,-0.6978204799894856,1.4672548852760137,0.9387356705146691,0.7829039007816909,1.5434441881814085,-0.3810452171557797,-0.4496894506801345,1.459875877121516,0.5005396861612279
-0.7993303105068396,-0.6742551339486894,0.15267925241065974,-1.117073682683612,0.8293181592077927,0.9417917107754001,-0.9528768153476589,0.5875543090967659,0.10345061639392582,-0.4579645747001212,-0.39331078804566316,0.14525485739538577,-0.30676310380318683,-1.175059751539014,-1.1268583850789062,-1.0009013488869127,-0.8570644536205382,-0.7548138823613986,-0.5967001994852594,-0.5368556075282233,-0.5213535450000172,-0.4681654684585656,-0.4499752388038475,-0.3342801775136799,-0.3475148016966656,-0.2692725695139489,-0.06775406425661666,-1.568959095800192,-1.5212861963539286,-1.4938831332336584,-1.4737880399678427,-1.4471937015147582,-1.406227602868033,-1.391930416946255,-1.3523601043672284,-1.311415994991706,-1.2860516235623944,-1.2560439021424161,-1.2292627426516685,-1.185072812616972,-1.1720632643261866,-1.1688637113934741,-1.1609398009922343,-0.3583277641823712,-0.48045164036546517,-0.19865283963980318,-0.2958445871840044,-0.7405902005392005,-0.6402791115893186,-0.7786426801420172,-0.7398140190965959,-0.6416393709400722,-0.4827653538978982,-0.6249129287962303,-0.7782206252341769,-0.951428508236351,-0.7340912091340531,-0.6291257867258387,-0.6806434919977814,-0.6901576525857773,-0.7507768627584749,-0.407502927769363,-0.6070804195339795,-0.9517480503803688,-0.9322082826409973,-0.954381829768872,-0.8320922370979555,-0.7936943205990196,-0.9047572552840337,0.4668539350389998,1.0563408628744078,-0.32132248160325017,-0.32822167469977737,-0.6894465690535315,-0.6732305003957796,-1.3239045695923353,-1.315333446373075,-0.10787967034812201,0.029263418753743168,0.5441900466742445,0.637174666579886,-0.7062151860580064,-0.6135927889249352,-0.6855429150151282,-0.6609459749647097,-0.47134343125810163,-0.2660730328353228,-0.24030287445523316,-0.26246188856774766,-0.725879152834858,-1.0189338715346854,-0.6643082802584037,-0.7301176928776931,-0.5615501343424522,-0.6305455265315572,-0.34459870942715737,-0.4629844511980867,-0.8620204563854944,-0.9330599716038592,-0.752265270395772,-0.6963043641700666,-0.6126366323211593,-0.8663269816364053,0.01575284701479263,0.19675374978236418,-0.43575289949721346,-0.6181750225220182,-0.5834316810652657,-0.6978204799894856,0.1770769250421041,0.03333519917215625,-0.8156747633973614,-1.0140441103793345,-0.6564166478013297,-0.8015984674225538,-0.5216070276054381,-0.19465432239603303
0.7373107620996631,0.3132032399293793,-0.63357974828116,0.6715857041502927,-1.126208818585479,-1.1620433365771494,-0.4099014513857302,-1.198338159133894,0.1210971592968739,0.41852264960633057,0.8288547384762991,-0.13273356440125547,0.49944741867562226,0.12123382205763546,-0.03744123236391367,-0.2921076092738634,-0.3286419272247452,-0.34942082834238075,-0.2978094379684918,-0.17970468729225797,-0.21577651321001048,-0.13668783628227316,-0.15754891559865727,-0.049334635082837926,-0.10126209703722895,0.026048572567385235,-0.021903725649184018,0.03266766302922767,0.04573851816708878,-0.02509344502097129,-0.012003738282739613,-0.0017416512409038289,0.00047466848584574724,0.0012812736995647064,-0.0930907791987776,-0.026109734565119565,0.05400305833456559,0.09298742378176754,0.10287365018077227,0.13231568432233992,0.1257819163684578,0.1609475054982694,0.08717874769385671,-0.3583277641823712,-0.48045164036546517,0.9463202994945089,-0.2958445871840044,1.2152798655883597,0.5476987665994362,0.5214733811824668,0.22621081541473712,0.7103158180398502,0.5234325178823499,-0.6249129287962303,-0.7782206252341769,-0.033323800502917125,-0.4077680192985785,2.626142387493378,1.836529185508806,0.586150786959381,0.10215838024108348,0.8750849729956116,0.025675279318835363,0.7451404143382744,-0.2069559371575874,0.8091068486405892,0.07836429431051481,0.24978218963798243,-0.043852343922479255,-0.34330473747987195,-0.4581263240423058,0.11387726774652436,-0.32822167469977737,0.02779303464325026,-0.22290909544876988,1.5444984184333588,0.7372024907500588,0.6613158401554219,0.39505615317553244,0.23053584109831107,0.637174666579886,1.3027009383509478,0.34908547535774226,1.581379013154034,0.9417888224145811,1.3921820638318705,0.2687471336678387,1.4867475427412766,0.542381783252177,0.6453915260318142,0.7385373298579511,0.6160097170034868,0.46659500047221664,0.05689715017566696,-0.09276682586498394,-0.34459870942715737,-0.4629844511980867,0.9953412500600153,0.43315096851493645,-0.15364569183149723,-0.3459625457197186,4.956787297871198,1.582653885180288,2.7366991495698754,1.2232950529946989,0.37283467857821867,0.48202524003107317,0.8531096713058417,0.06796331149417485,1.4242489532682168,0.28026260044738704,3.9800612291397957,0.5204488687571113,-0.03683092884884224,-0.24859858397018056,0.46913442475803885,0.3460521287040588
-1.5462093434713955,-1.3237243999892985,0.5374474439782735,0.6715857041502927,0.215555969155838,0.432109303193969,-1.206285185905083,-0.2537322795249461,-1.4575625688008433,-1.860344133590444,1.3140065756675865,-1.2326007984662275,-1.757942044265043,-1.2048596038056036,-1.2651970711379528,-1.2605007020785233,-1.2153680470171158,-1.1087764743033768,-0.9990531476809082,-0.9150154054251276,-0.8840709973686429,-0.9186949262756392,-0.8485331233267516,-0.7754506891537094,-0.6833139444140792,-0.6290652285285321,-0.6199959203728054,-0.5567711504083079,-0.5271310696791626,-0.5600830665553937,-0.5165643946829231,-0.47092116919864674,-0.4204136440867908,-0.3844884972163097,-0.3088874748350197,-0.3106431815297837,-0.3045783062493021,-0.2708158628223027,-0.27440671512562864,-0.21717823759588062,-0.19173114860356094,-0.17108500440832902,-0.16277823802431907,-0.3271247369323552,-0.48045164036546517,-0.656642095293528,-0.8845900343163515,-1.307792519716193,-1.254750427893847,-1.1908746020253902,-1.255027264169307,-1.188174447336211,-1.1256139942019456,-0.6249129287962303,-0.7782206252341769,-1.2234595327499609,-1.1148015972754401,-1.3137655217798805,-1.2092497542741647,-1.3283118723583565,-1.164321223000685,-1.2625615282793459,-1.1911626030904239,-0.9517480503803688,-0.9322082826409973,-1.2462696110228517,-1.1355777475674456,-1.1589110991819702,-1.1199834831244224,-0.34330473747987195,-0.4581263240423058,-0.6114556478364332,-0.6356892856597561,-0.6894465690535315,-0.6732305003957796,-1.3239045695923353,-1.315333446373075,-0.5693969766502484,-0.5194256828789408,-0.8672538784174562,-1.0368474459452661,-1.1932251556116922,-1.1178528321206234,-1.087479427101859,-1.0689148324794384,-0.9854194299036112,-0.9791665881728715,-1.009380013363054,-0.8542587060823982,-0.725879152834858,-1.0189338715346854,-1.428677233847592,-1.2383107544372438,-0.8089290481496999,-0.8994348768648438,-0.34459870942715737,-0.4629844511980867,-1.5231153010525402,-1.3056629552726218,-0.6192386973814887,-0.6963043641700666,-0.6126366323211593,-0.8663269816364053,-0.9867010539265537,-1.0008777706320262,-0.890583412164644,-0.893225088160291,-0.5834316810652657,-0.6978204799894856,-0.7260476471216326,-0.707447004653536,-0.33610116414364577,0.008951209044962638,-1.1153690322105796,-1.0529620508099962,-1.0720189455851474,-1.2760672245962168
-1.6426961084955247,-1.3568605870321866,1.2195164310969822,-0.5581176242980168,1.0958791103617438,1.1631501286666055,-0.35622816883105585,0.6545934619097611,-1.3326064697396534,-0.2826671298388308,0.9881433514757731,-1.0434695694250102,-0.46800520829894865,-0.8724766362167191,-0.8102756227514725,-0.49774529916159993,-0.2744447450303049,-0.2284079763964053,-0.05064976979116467,0.008062156802385523,-0.055534898978665516,0.06640057216376519,-0.049159235955034644,-0.06913780019386169,0.030925502000737033,0.13107475337800054,0.1472330789915675,0.0768504701693496,0.15598146290726086,0.09454968852218136,0.2551731426301195,0.3356884667246648,-1.406227602868033,-1.391930416946255,-1.3523601043672284,-1.311415994991706,-1.2860516235623944,-1.2560439021424161,-1.2292627426516685,-1.185072812616972,-1.1720632643261866,-1.1688637113934741,-1.1609398009922343,-0.3583277641823712,-0.48045164036546517,-0.656642095293528,-0.8845900343163515,-1.405586023022571,-1.0908914102126395,-1.1591644541882076,-1.126223952901129,-1.231321953367485,-0.9020144671396683,-0.2801333818741722,0.09618457165815668,-1.2234595327499609,-1.1148015972754401,-1.1975059441291942,-1.1085628471739013,-1.046051352074331,-1.009242087909856,-0.9475399386177733,-0.8504479960158313,-0.9517480503803688,-0.9322082826409973,-1.2219456292516868,-1.04886760171902,-1.00238962264642,-0.9047572552840337,-0.34330473747987195,-0.4581263240423058,-0.6114556478364332,-0.6356892856597561,-0.5997916185914338,-0.44806979792227475,-0.9141327141600933,-0.9048262589484483,-1.1847533850530834,-1.2510111517225193,-0.3967725700535559,-0.19983638968269005,-0.9700122528995863,-0.8428018994684298,-1.256292762178286,-1.08348514881925,-0.9211599300729225,-0.9791665881728715,-1.1308132458221836,-1.0436336876870864,-0.5768279920884807,-0.6993936530996606,-1.2184757716105652,-1.0907708333393098,-0.685239591246076,-0.6305455265315572,-0.34459870942715737,-0.4629844511980867,-1.2712696459412847,-0.9951604688819863,-0.752265270395772,-0.8714752733952406,-0.6126366323211593,-0.8663269816364053,-0.9150972038593147,-0.8297875534299703,-1.3201455630172174,-1.2599585090113214,-0.5834316810652657,-0.6978204799894856,-1.3711366272385874,-1.2013018072039976,-0.6558168969794562,-0.502546450667186,-0.9317880784468797,-0.8518711841000424,-0.7417717947973218,-0.889848330953294
0.7373107620996631,1.300661613807448,1.141459510856433,0.6715857041502927,-0.575166852334454,-0.5500524165249931,1.624319094390408,-0.7090838414052438,0.1210971592968739,0.593820094467621,-0.7757650633135507,0.5307490990630397,0.6606895231713841,1.5986188055820219,1.6891319840268804,1.6650965029909763,1.8031139057565735,1.6548545320128378,1.4121905918630155,1.3854566984477075,1.3009289982355103,1.156541799109741,1.1724827783616287,1.3401874502073297,1.4785929172713645,1.429863860630065,1.4616094524046368,1.4234219332353382,1.4818497358091518,1.3357256104820414,1.283515813769541,1.3621963817716054,1.372570567472641,1.2511013228778531,1.2517687965595752,1.3011183816838467,1.3191697402570077,1.271431562685861,1.2709751015756474,1.3071920965959696,1.356250319350207,1.3596268956927233,1.435280090667218,-0.3583277641823712,-0.48045164036546517,0.25933641601392166,1.470391754213037,0.8632232536853988,0.7115577842806438,0.5848936768568319,1.0634323386578926,0.3651357697896573,0.8867817493585506,-0.6249129287962303,-0.7782206252341769,0.918784785294718,1.3870095247965322,0.5722231823312532,1.6854988248584108,0.9420444864479348,1.2394053709071613,0.8300818887582441,1.4372072229135762,0.4699693119514674,1.2435487538092325,0.9672127301531616,1.3573389455747946,0.24978218963798243,1.0322787952794639,-0.34330473747987195,-0.4581263240423058,0.6941436002128905,0.9016487691401379,0.9243425392642275,0.0022516070247350006,0.6566593983301677,1.9687240530239392,0.3536376359540043,0.9437452548082164,-0.23994546726558916,0.637174666579886,1.3838692666098953,1.632656494401312,0.383608207135576,1.1312029348321335,1.070884564678427,1.3383874666741618,0.1509819856908511,0.6844130194556932,-0.15948474199862386,1.0580775482929758,0.5300182097247031,1.18790128139545,1.2937917192119053,2.058347976801309,0.18966285557618737,0.3118849231920165,-0.043522077273913856,0.867854449461826,0.6445137462542024,1.7560883649823693,-0.1063253659400359,0.35816345177194137,0.7317913476871829,1.3943852701967545,0.44863976402279043,1.0779670489139976,0.9837043397032151,0.4508552072360051,0.22008285704990108,0.3625717342057973,0.4631881679458804,2.054941847893557,0.4680166940013327,1.4606737830644279,-0.08127749322167055,0.655027243618397
0.7373107620996631,0.08787716803773948,-1.038622263789067,0.6715857041502927,-0.4878065406117305,-0.1519792952752623,1.9507897372116443,-0.3950939140910922,0.1210971592968739,1.119712429051492,-1.034227313266278,-0.28413229297700054,1.1444158366586694,1.6799953252330937,1.8035274359603228,1.8765678862088615,1.795586519340679,1.936209412787231,1.6579132852253582,1.6966506988003682,1.6624042675480792,1.5405422955393193,1.537168887995901,1.4832103093425013,1.5340264265453503,1.4049071443978398,1.4809684842611084,1.5730409846871145,1.6481984649260186,1.5468033338874407,1.6093178376165167,1.5318592781644054,1.5474730440306033,1.5573118604633553,1.5567978811086938,1.5731644673397167,1.5773130813456397,1.584754967416639,1.6171751621886148,1.6185131386930254,1.6324951079730774,1.6260934922506771,1.672739227099485,0.09411613094286074,1.0751825625613212,-0.4276474674666656,-0.2958445871840044,-0.3885335886362397,0.09708646797611538,0.14095160713627639,-0.03139580712161837,0.1637807416437114,-0.03556629977334352,0.06464616504788588,0.9705897685504902,-0.3393587030807284,0.027329567148721073,0.13302033342866043,0.02416485770406308,0.6475117696298214,1.0067866682709181,-0.11498288022647402,0.4637369169861687,0.2865219103602627,0.31108145247341973,-0.005746540693437685,0.2517845860073663,-0.2719560654805186,0.06376076999771506,0.06177459877956396,1.0563408628744078,-0.17625589848665868,0.2867135472201803,0.02779303464325026,0.22741230949823987,-0.5726561679665583,-0.08381188409919473,-0.4155578745495396,-0.15363294845715147,1.328325560614078,1.474185722842462,3.940671606766746,0.0740345427055487,-0.3479162448622743,-0.1655552194111108,1.4564415636625592,0.625293911336613,-0.901439362288272,-0.6175399790765379,5.444838902065167,-0.060313216229611,-0.511434489540566,-0.32028457871676513,0.05689715017566696,0.713901225134876,6.600801635616324,4.961101169532636,-0.45277126682970414,0.2468494766805552,0.178920740704211,0.5298920004061514,-0.1063253659400359,0.35816345177194137,0.7317913476871829,0.36784396698441996,-0.6126314322012142,-0.48064998970288175,2.5508403604716956,1.5995308944614957,-0.12396459901247484,-0.6251378708951258,-0.6558168969794562,-0.502546450667186,0.3532785978990202,0.4049467328371697,-0.19135987681761243,0.3460521287040588
0.7373107620996631,0.9759269807871436,0.5577217679185666,0.6715857041502927,-0.5281266844837568,-0.458904832687438,1.5221511174722149,-0.5486569679056932,0.1210971592968739,0.7691175393289112,-0.21576352174930769,0.3125568137627009,0.6606895231713841,1.4198196919824841,1.6053306645872656,1.4827935864238342,1.3183502205729685,1.3765249725370943,1.4078796674180623,1.3618217110791508,1.2586947743295744,1.1985600905123697,1.1623212458950392,1.2576742622447306,1.3304148828659026,1.3009208267635672,1.3464741576793058,1.3209981530468737,1.1973835658992436,1.1810649744384538,1.1826036824895043,1.1631505256683206,1.2313391559204896,1.24092514187048,1.3200588901153478,1.3296609218182331,1.3561732225973577,1.347151385495799,1.3184589004128375,1.3691169905280816,1.3326684471506938,1.4184680999799686,1.3461287657610688,-0.3583277641823712,-0.48045164036546517,0.03034178818705923,0.8816463070806899,0.21778613186330392,0.5476987665994362,1.1556763379261175,0.9346290273897147,0.9835833562379197,1.026531453772474,2.1333234465802344,0.9705897685504902,0.8847809072305167,0.9519119383492326,0.8305777993327784,0.8800035680563028,0.7334171453684378,0.8517075331800893,1.3026142732506032,1.3398601923208353,1.0203115167250814,0.621903886252024,0.8699168030685016,0.9454657527947723,1.084563397827584,1.2475050231198526,-0.34330473747987195,-0.4581263240423058,0.549077017096299,-0.020754063739798538,0.02779303464325026,0.22741230949823987,0.8615453260462888,1.1477096781746856,1.661270003810029,2.041123458073584,-0.3967725700535559,-0.6183419178139781,0.6939384764088405,0.8533455185534304,0.4479180490694529,0.8106559753562754,0.6210680658636062,1.1601140778397745,0.5962371713743263,0.7791005102580373,-0.39796659919282773,-0.22008332544712342,1.2275048798748374,1.1715079568290128,1.0464128054046578,1.251679925801449,0.18966285557618737,-0.4629844511980867,0.6805341811709459,1.1162564385743343,0.3784606002256359,1.0554047280816734,0.3999859004410875,0.35816345177194137,0.5169797974854657,0.8811146185905873,0.9540070003199355,1.3530171145522705,-0.3222423442705189,0.06796331149417485,0.564130313112277,1.1033539380314896,0.9427617671995961,0.5204488687571113,1.317078605158445,1.2595829163544738,0.0654990182395853,0.5005396861612279
0.7373107620996631,0.04811374358627363,-1.1101003547610506,0.6715857041502927,-0.7610875157443526,-0.8086139298600987,-0.9677773467406865,-0.9184859412103472,0.1210971592968739,-0.2826671298388308,0.49500766562069315,-0.31084971566683783,-0.30676310380318683,-0.4392326301870697,-0.6267108277885067,-0.7690120390135077,-0.9353492723458409,-0.9605357306695569,-0.7906917995081615,-0.6944221899852667,-0.7909072681643726,-0.5907188183828991,-0.484976072855434,-0.3386808808716852,-0.3794956724316573,-0.40029532973313237,-0.37240409189266915,-0.4523390608043834,-0.4493704211570769,-0.47643014391546584,-0.5761506055339924,-0.4159465994177395,-0.38393665699716234,-0.3021539417930176,-0.27883983367047965,-0.2080684279218327,-0.25259722391404854,-0.2786489479405721,-0.2562765373877925,-0.14422562282654333,-0.07129515844176072,-0.12485262961120773,-0.16194504807192517,-0.3583277641823712,-0.48045164036546517,-0.19865283963980318,-0.8845900343163515,0.7849884510402964,-0.06677254970509218,0.2995023463221891,-0.22460077402388498,1.1705558823734408,0.3277829317028572,0.40942571196994393,0.09618457165815668,-0.033323800502917125,-0.13583202776901626,0.5980586440314057,-0.0010068690710027923,0.10753512212994668,-0.28553945748598847,0.3125464200285175,-0.3637128430521276,-0.9058861999825676,-0.8286008047147959,0.45640911295869696,-0.2901538255452946,1.3454325253868344,-0.15146545784267357,-0.34330473747987195,-0.4581263240423058,-0.6114556478364332,-0.6356892856597561,-0.6894465690535315,-0.6732305003957796,-0.0945890032956093,-0.35748334238227925,-0.8770751808516659,-0.7023220500898354,-0.8672538784174562,-1.0368474459452661,0.795398886732525,-0.20101638994664486,1.3321783756602608,0.3881168015017351,-0.40708393142741295,-0.08779964400093564,1.6621511007377971,0.5897255286533492,-0.4277768313421032,-0.6993936530996606,0.8548750150001081,0.43380835133934237,-0.685239591246076,-0.6305455265315572,-0.34459870942715737,-0.4629844511980867,0.23980428472624862,0.4952514657930635,-0.8187785569029137,-0.8714752733952406,2.931542232346705,2.8071443185886347,1.0898105980233779,-0.3165169018238031,1.4341058748022233,0.39034188481831555,-0.5834316810652657,-0.6978204799894856,2.0693379333851714,1.1856630717899,1.5821932328712172,1.03194652846926,-0.7252595054627172,-0.7513257507450654,0.6526050640846087,0.11432079251830517
-1.2531754645092252,-1.052007666237615,0.40760797192665105,-1.8996121644234454,-1.1038087386565756,-1.4950110408000552,-0.7976984241259849,-0.9401050300419896,0.7175503094165122,-0.8085594644227019,-0.224183931127054,0.822732361316262,-0.6292473127947105,-0.01630395763431673,-0.2702226752517326,-0.5925428157765139,-0.6854400433381439,-0.8546494852168284,-0.7403976809837054,-0.6602827637862406,-2.0902307447999293,-1.9294682694610943,-1.8556538966820786,-1.794213516531932,-1.7088338659828153,-1.6470912781680607,-1.5940608916773746,-1.568959095800192,-1.5212861963539286,-1.4938831332336584,-1.4737880399678427,-1.4471937015147582,-1.406227602868033,-1.391930416946255,-1.3523601043672284,-1.311415994991706,-1.2860516235623944,-1.2560439021424161,-1.2292627426516685,-1.185072812616972,-1.1720632643261866,-1.1688637113934741,-1.1609398009922343,-0.3583277641823712,-0.48045164036546517,-0.656642095293528,-0.8845900343163515,-1.05352941111961,-0.88606763811113,-1.1591644541882076,-0.9974206416329514,-1.3176169654300334,-1.0417641715535917,-0.6249129287962303,-0.7782206252341769,-0.47537421533753343,-0.1902192260749287,-1.2750123292296516,-1.158906300724033,-1.0828679416765954,-0.9317025203644418,-0.880035312261722,-0.8991215113122016,-0.9058861999825676,-0.8286008047147959,-0.930057847997707,-0.6586719454011041,-0.9502157971345698,-0.9047572552840337,-0.34330473747987195,-0.4581263240423058,-0.6114556478364332,-0.6356892856597561,-0.33082676720514065,-0.44806979792227475,-1.1873139511149213,-1.1784977172315327,-0.9539947319020203,-1.2510111517225193,-0.7104267756294894,-0.6183419178139781,-0.8685518425759017,-0.9344855436858277,-1.1839441900026746,-1.0980554651590617,-0.9211599300729225,-0.8008931993384844,-1.1173206644378357,-0.9489461968847422,-0.040243813401521944,-0.22008332544712342,-0.970055861694079,-0.8940509385420644,-0.8089290481496999,-0.8994348768648438,-0.34459870942715737,-0.4629844511980867,-0.32684843927407636,-0.31205499882258847,-0.8187785569029137,-0.8714752733952406,-0.6126366323211593,-0.8663269816364053,-0.41387025338864153,-0.6586973362279146,-1.0421935830537876,-1.0765917985858062,-0.5834316810652657,-0.6978204799894856,-1.0270891711762116,-1.1189926734455873,-0.8156747633973614,-1.0140441103793345,-0.8399976015650297,-0.8015984674225538,-0.7050776669320079,-0.8126045522247095
-0.8350661494046652,-0.34952050092838494,1.582241071850332,0.22442085744181653,0.34771644073636837,0.430249148421774,-1.3221807549502371,-0.23480445498800953,-0.8291013047080119,-1.5097492438678632,0.37056287860641707,-0.41771940642618743,-1.2742157307777577,-1.2025673074774044,-1.2798290475480443,-1.3217544820450833,-1.2650487973620195,-1.2434032720932746,-1.1125741580646806,-0.9937986966536494,-0.9089146584897817,-0.853333139649328,-0.8688561882599308,-0.7567476998821869,-0.741945540761564,-0.6945766086381238,-0.7167910796551632,-0.5939248745943195,-0.6737935586638558,-0.7011257849599233,-0.6020994392917162,-0.6121489432909775,-0.5335858348007665,-0.5565584669773472,-0.5037418751141581,-0.2812086870161978,-0.27726621214094854,-0.1602823283756115,-0.1941159280009255,-1.185072812616972,-1.1720632643261866,-1.1688637113934741,-1.1609398009922343,-0.3583277641823712,-0.48045164036546517,-0.656642095293528,-0.8845900343163515,-1.4642621250063979,-1.3366799367344508,-0.6835122366304696,-0.1601991183897961,-0.9724369171798404,-0.5107152947806829,-0.6249129287962303,-0.7782206252341769,-1.0534401424289548,-1.0060272006636153,-0.9262335962775927,-0.6051283116725837,-1.1810455139492997,-1.0867816554552705,-1.2400599861606623,-1.1424890877940534,-0.9517480503803688,-0.9322082826409973,-1.3800515107642592,-1.1355777475674456,-1.1589110991819702,-1.1199834831244224,-0.34330473747987195,-0.4581263240423058,-0.6114556478364332,-0.6356892856597561,-0.5997916185914338,-0.44806979792227475,-1.1873139511149213,-1.1784977172315327,-0.9539947319020203,-1.0681147845116246,-0.7104267756294894,-0.6183419178139781,-1.1932251556116922,-1.1178528321206234,-0.773968947674209,-0.44239122986753376,-0.792640930411545,-0.6226198105040971,0.5287742644525876,0.8737880010603813,-0.725879152834858,-1.0189338715346854,-0.7216359517775928,-0.435037850681825,-0.8089290481496999,-0.8994348768648438,-0.34459870942715737,-0.4629844511980867,-1.050904697718936,-0.9330599716038592,-0.8187785569029137,-0.8714752733952406,-0.6126366323211593,-0.8663269816364053,-0.9867010539265537,-1.0008777706320262,-0.8147783267200722,-0.7098583777347758,-0.5834316810652657,-0.6978204799894856,0.52112438110448,1.0210448042730793,-0.8156747633973614,-1.0140441103793345,-1.092421412990117,-1.0026893341325078,-1.0720189455851474,-0.9670921096818785
-1.4926055851246571,-1.3833695366664973,-0.38882143677103426,-2.1231945877776837,0.9144384629376259,1.0124775921188103,-0.5958600831707158,1.6906327875779656,0.753549256938526,0.24322520474504025,1.5660595650460105,0.463955542338446,0.0157211051883368,-0.7670310051195558,-0.6413428041985981,-0.09667888271388686,-0.01851360688989234,0.23144086099830147,-2.494943930079731,-2.2346355335028667,-2.0902307447999293,-1.9294682694610943,-1.8556538966820786,-1.794213516531932,-1.7088338659828153,-1.6470912781680607,-1.5940608916773746,-1.568959095800192,-1.5212861963539286,-1.4938831332336584,-1.4737880399678427,-1.4471937015147582,-1.406227602868033,-1.391930416946255,-1.3523601043672284,-1.311415994991706,-1.2860516235623944,-1.2560439021424161,-1.2292627426516685,-1.185072812616972,-1.1720632643261866,-1.1688637113934741,-1.1609398009922343,-0.3115232233073472,-0.48045164036546517,-0.656642095293528,-0.8845900343163515,-1.1904403157485393,-1.1318561646329413,-1.0957441585138425,-0.8686173303647737,-1.634032009659377,-1.4051134030297923,-0.6249129287962303,-0.7782206252341769,-1.0534401424289548,-0.9516400023577029,-1.6108733313316344,-1.4609670220248234,-0.05200343281319813,-0.15630684491029784,-0.5650137226001493,-0.5584069042376091,-0.03451104242434543,-0.3105634150837888,-0.7841139573707171,-0.7020270183253169,-0.5849990185516192,-0.4743047996032565,-0.34330473747987195,-0.4581263240423058,-0.6114556478364332,-0.6356892856597561,0.11744798510534799,-0.22290909544876988,-1.1873139511149213,-1.0416619880899904,0.7382353912057763,-0.15363294845715147,-0.3967725700535559,-0.19983638968269005,-0.6656310219285326,-0.6594346110336341,-1.3366800645956323,-1.3311805265960495,-0.27856493176603553,-0.8008931993384844,-1.5760684315056588,-1.5170711416988067,-0.6364484563870316,-1.0189338715346854,-1.5911056364852945,-1.516997272066675,0.6753444346937861,0.713901225134876,-0.34459870942715737,-0.4629844511980867,-1.2083082321634708,-1.2435624579944946,-0.752265270395772,-0.6963043641700666,-0.1063253659400359,0.35816345177194137,0.5169797974854657,0.19675374978236418,-1.5222924575360754,-1.351641864224079,2.4202456920743223,2.7482065816869863,-0.38200019105925676,-0.8720652721703566,-0.33610116414364577,-0.502546450667186,-0.4957833132580922,-0.29887130064766904,-1.0720189455851474,-1.1988234458676321
0.7373107620996631,1.0488265922814977,0.688764934700537,0.6715857041502927,-1.0119684109480713,-0.7137460364781535,0.6838968897384547,-0.9912660120718142,0.1210971592968739,0.9444149841902016,0.13962207193569273,0.36153875536073615,0.9831737321629077,0.7859997572354044,0.7500251344337366,0.8410873201074932,0.7447633756818086,0.8213785142349319,0.8474594895741228,0.6961029001981421,0.7456731721780593,0.746863457934112,0.7208591131798678,0.750493200234622,0.7515611225625516,0.6437272993149644,0.7157772777237323,0.7104720907470071,0.711133434634556,0.7676639032527638,0.7289796256878156,0.6607966983600301,0.5672709294169963,0.5850240205770629,0.6134840554582852,0.6624790461769516,0.7826192463219331,0.7614106872074277,0.7659201503073533,0.768530348008421,0.8382913406823249,0.8056789867599428,0.7712276986092644,0.9990039211933247,0.9555183931054148,0.25933641601392166,1.470391754213037,2.349684503942344,2.227253697831814,1.06054589441457,1.5142439280965145,1.5876484406757574,1.8650296802560138,2.8228825404243505,1.8449949654428237,0.9867925414231205,1.3870095247965322,1.2439451865352187,1.3330946500074885,1.1629440240615199,1.420331028513128,0.6725710939274577,1.1938396464317242,1.0203115167250814,0.9327263200306283,0.5415430491577744,0.9888208257189851,0.6149989682209331,1.0322787952794639,0.4668539350389998,1.0563408628744078,0.8392101833294819,1.2091163801001168,0.8346875888021298,0.45257301197174477,1.7493843461494798,1.5582168655993123,0.9689940443568394,1.8582270908626894,1.0146713550381448,1.474185722842462,0.9171513791209466,1.2200800954230218,1.0669002776830185,1.655734323065356,0.49254906620222877,1.1601140778397745,1.0954626825951923,1.3235535823715157,1.0329245439723955,1.3776177667280005,0.9981941937980809,1.4829811235913182,3.149133572766263,1.251679925801449,-0.34459870942715737,-0.4629844511980867,0.9323798362822013,1.5509599195212238,0.11240745419706934,0.8802338188564993,0.3999859004410875,1.582653885180288,0.5169797974854657,0.8811146185905873,0.8529335530605064,1.1238087265203764,-0.3222423442705189,0.06796331149417485,0.43511251708888604,1.1033539380314896,2.5413404313786487,3.589434827030003,0.37622621711948273,0.9076738996120545,1.0562404706030621,2.045415260732919
-1.9929073296942161,-1.7677493063640004,0.6821465929438718,-2.4585682228090406,-0.7050873159220941,-0.3324143081781777,-1.2046957958898266,0.04222129300678833,-0.521237002370429,-1.860344133590444,-0.4191828851380282,-0.28413229297700054,-1.5966999397692814,-0.7326465601965677,-0.48039106368759193,-2.402446171455103,-2.573308556444481,-2.6305130875240184,-2.494943930079731,-2.2346355335028667,-2.0902307447999293,-1.9294682694610943,-1.8556538966820786,-1.794213516531932,-1.7088338659828153,-1.6470912781680607,-1.5940608916773746,-1.568959095800192,-1.5212861963539286,-1.4938831332336584,-1.4737880399678427,-1.4471937015147582,-1.406227602868033,-1.391930416946255,-1.3523601043672284,-1.311415994991706,-1.2860516235623944,-1.2560439021424161,-1.2292627426516685,-1.185072812616972,-1.1720632643261866,-1.1688637113934741,-1.1609398009922343,-0.13990657343225926,0.3571975458258814,-0.656642095293528,-0.8845900343163515,-1.4251447236838466,-1.3366799367344508,-1.2860050455369378,-1.190625608535218,-1.7059445197115004,-1.600762989209285,-0.6249129287962303,-0.7782206252341769,-1.2234595327499609,-1.1148015972754401,-1.7012974472821683,-1.5868256559001528,-1.3405840688924446,-1.2418607905460992,-1.2175584440419784,-1.1424890877940534,-0.9517480503803688,-0.9322082826409973,-1.428699474306589,-1.2439654298779779,-1.1589110991819702,-1.1199834831244224,-0.34330473747987195,-0.4581263240423058,-0.6114556478364332,-0.6356892856597561,-0.6894465690535315,-0.6732305003957796,-1.3921998788310423,-1.4521691755146173,-1.2616729361034378,-1.4339075189334138,-0.8672538784174562,-1.0368474459452661,-1.1729330735469554,-1.1178528321206234,-1.7386165766823631,-1.637157169732096,-0.9854194299036112,-0.9791665881728715,-1.764964570886527,-1.5880867598005648,-0.6066382242377562,-0.8591637623171731,-1.829970934481916,-1.680930517731046,-0.8089290481496999,-0.8994348768648438,-0.34459870942715737,-0.4629844511980867,-1.5231153010525402,-1.4298639498288759,-0.8187785569029137,-0.8714752733952406,-0.6126366323211593,-0.8663269816364053,-0.8434933537920757,-0.8297875534299703,-1.6991709902400762,-1.626691929862352,-0.5834316810652657,-0.6978204799894856,-1.4571484912541814,-1.4482292084792283,-0.8156747633973614,-1.0140441103793345,-1.0694737937696546,-1.0026893341325078,-1.4022660963729732,-1.3533110033248013
0.7373107620996631,-1.608695608558137,-4.088354145260367,0.6715857041502927,0.3835565686226139,0.2572547546076386,1.0795556666613162,0.6161439854952321,0.1210971592968739,-0.4579645747001212,4.091940644129484,-1.4240756610767287,-0.30676310380318683,0.7825613127431056,0.889694000166428,0.6733686368657222,0.5038870103731851,0.48859317138349934,0.3876275487790956,0.8234692210175856,0.7792121146915966,0.8460733126347629,0.852959035245533,0.8077023438886907,0.8656262281840222,0.8631384295232796,0.9103864927019465,0.9635190770949781,0.9768976764188994,1.1411839299240696,1.2085525162472281,1.2058032091190243,1.0975902032585185,1.1225113992392284,1.1197412823517476,1.1673252248039105,1.1676316697203364,1.1861379691758158,1.2381681132881344,1.2800469376120303,1.254342943059453,1.187306225994362,1.2036532839017084,11.030777182073468,1.9128317487526678,-0.19865283963980318,0.29290085994834275,-1.5620556283127758,-1.4595741999953564,-1.06403401067666,-0.9974206416329514,-1.7059445197115004,-1.5448631074437156,1.7885438996581762,0.09618457165815668,-1.1214478985573573,-1.0060272006636153,-1.5075314845310244,-1.4357952952497577,-1.1196845312788595,-1.190167745515823,-0.8350322280243545,-0.9964685419049424,-0.9058861999825676,-0.8286008047147959,-1.003029793311202,-0.9621574558705941,-1.1067372736701202,-1.012370369204228,-0.34330473747987195,-0.4581263240423058,0.11387726774652436,0.594181158180159,-0.5997916185914338,-0.44806979792227475,-1.3921998788310423,-1.4521691755146173,-0.6463165277006028,-1.0681147845116246,-0.7104267756294894,-0.6183419178139781,-0.9903043349643231,-0.9803273657945266,-1.6019581625728747,-1.6080165370524726,-0.9854194299036112,-0.9791665881728715,-1.5895610128900064,-1.4460555235970487,-0.45758706349137873,-0.37985343466463584,-1.6770971437640783,-1.5661772457659864,-0.685239591246076,-0.6305455265315572,-0.34459870942715737,-0.4629844511980867,-1.3657117666080054,-1.3677634525507487,-0.8187785569029137,-0.8714752733952406,-0.6126366323211593,-0.8663269816364053,-0.34226640332140246,-0.6586973362279146,-1.57282918116579,-1.5350085746495943,-0.5834316810652657,-0.6978204799894856,-1.6291722192853695,-1.612847475996049,-0.8156747633973614,-1.0140441103793345,-0.9317880784468797,-0.8015984674225538,-1.512348479968915,-1.5077985607819704
0.7373107620996631,0.9295363189271001,0.47433066178458544,0.6715857041502927,0.3566764727079298,0.4823334820432341,1.1128831885437216,0.13813519648651038,0.1210971592968739,1.119712429051492,-0.8511498862164294,0.28138648729122384,1.1444158366586694,0.8639378323941773,0.7739683685593408,0.9358848367224072,1.0021999911054,0.7699480521578923,0.7641149503050241,0.9009394573922986,0.9841723189409913,0.9662923130367281,0.9715102473557452,0.9419237963078517,0.8954750408700145,0.8319425342329978,0.8360070545165558,0.9675356959258983,0.925713452075248,0.9515057913800471,1.0240274761923038,1.0787929961769283,1.1443555713221447,1.1326875802466017,0.983161095240202,1.0478033379911678,1.1552971756068864,1.1556759714936569,1.1785975292923867,1.177404305204009,1.2433942166811074,1.2722056778945303,1.363625754761341,-0.3427262505573632,-0.36078747090955854,-0.4276474674666656,-0.2958445871840044,0.33513833583095753,0.62962827544004,0.9971255987402049,1.321038961194248,0.33637076576880787,0.7470320449446273,2.4781029935022922,0.09618457165815668,2.0749166394775607,2.474753490914781,1.0372614929339985,1.5344684642080155,1.3102103824705766,1.7046427761796477,1.977660536811116,1.3885337076172057,0.928587815929479,1.5543711875878368,1.7334181559448585,1.9209548935895622,0.19760836412613234,1.1398919091996582,0.06177459877956396,1.0563408628744078,1.129343349562665,2.131519212980053,0.20710293556744572,0.6777337144452497,0.9298406352849957,1.284545407316228,-0.5693969766502484,-0.15363294845715147,0.3873629438862778,0.637174666579886,2.1752604671346347,2.0452328933796022,0.07009772770792586,0.34440585248229993,0.6210680658636062,1.3383874666741618,0.04304133461606924,0.32933492894690286,0.5559608295839877,2.1764683128155626,0.663782776602811,0.8764281146331446,0.6753444346937861,1.7894586264680223,-0.1665115210927091,0.3118849231920165,0.46016923294859724,0.8057539521836989,2.4403724819470267,2.1064301834327175,-0.1063253659400359,0.35816345177194137,0.5885836475527048,1.5654754873988104,-0.5368263467566424,0.02360846396728511,2.0284616868822023,2.7482065816869863,-0.2099764630280688,0.03333519917215625,0.14347243511006993,0.5204488687571113,2.0284548009927827,2.1644918165492664,-0.6683835390666939,0.03707701378972062
-0.7314322166009708,-0.5085741987342484,0.5324257511478477,-0.22274398926665967,1.4834004931317737,1.0757228543734405,0.01545453613468961,0.850857904492567,-0.5448192006134592,0.593820094467621,0.17264964950570205,-0.34485370818117644,0.49944741867562226,-0.8048538945348426,-0.4737401653193685,-0.15209896935029812,-0.08174365278340603,0.03328231593676665,0.1720813265314266,0.24835119504937686,0.31712001783841576,0.3967110295788735,0.40133537006377196,0.4699483611617853,0.5042423888786153,0.5501396134441191,0.460034277935608,0.5206868509860288,0.4335574487709084,0.3143817875526895,0.30130440264385056,0.22100014011277208,0.21185413213343657,0.3269190659355066,0.37128185698047755,-1.311415994991706,-1.2860516235623944,-1.2560439021424161,-1.2292627426516685,-1.185072812616972,-1.1720632643261866,-1.1688637113934741,-1.1609398009922343,0.07851461731785274,-0.48045164036546517,-0.19865283963980318,0.29290085994834275,-0.0560356773945545,-0.025807795284790297,0.10924145929909385,0.16180915978064825,0.01995572153946432,0.10418340464057983,1.09898480581406,0.09618457165815668,0.40872661433169916,-0.02705763115719137,-0.7324676335264488,-0.353411043921925,-0.22381418429043098,-0.07876727736488344,-0.2499921329385766,0.025675279318835363,0.6534167135426721,0.31108145247341973,-0.3827682581464949,-0.160088606772656,0.24978218963798243,-0.15146545784267357,-0.34330473747987195,-0.4581263240423058,0.11387726774652436,0.2867135472201803,-0.33082676720514065,0.0022516070247350006,0.0420016151818047,0.1898595741838898,-0.03096011929776763,0.5779525203864271,-0.08311836447762241,0.21866913844859798,-0.46271020128116347,-0.20101638994664486,-0.4202648170378858,-0.06356300503242865,-0.792640930411545,-0.6226198105040971,-0.15934738614914676,-0.16777439776540357,-0.4277768313421032,-0.37985343466463584,-0.6547536683385389,-0.48421782438113636,0.7990338915974099,0.713901225134876,-0.34459870942715737,-0.4629844511980867,-0.2638870254962625,-0.43625599337884263,-0.4196988378600638,0.004379272730629412,0.3999859004410875,0.35816345177194137,-0.48547410345588055,-0.3165169018238031,-0.38521617586749896,-0.11391656885185131,-0.5834316810652657,-0.6978204799894856,-0.9410773071606177,-0.6251378708951258,-0.495959030561551,0.008951209044962638,-0.3810452171557797,-0.1480531506152036,-0.4482187718748102,-0.19465432239603303
0.7373107620996631,0.8235005203898579,0.2837224191926301,0.6715857041502927,-0.8596478674315279,-0.7360678937444936,-0.6363895285597508,-0.7767533565901648,0.1210971592968739,0.06792775988374988,0.47346914479129915,0.21014002678499083,-0.30676310380318683,-0.1400879593570737,-0.4245235173945154,-0.5983765091066625,-0.596616883630589,-0.7079214022323331,-0.6699859150494669,-0.6602827637862406,-0.5213535450000172,-0.40747238087699095,-0.36303768325635855,-0.3848882661307406,-0.3645712660886612,-0.32230559150742794,-0.18594604822244304,-0.12900124491530934,-0.13635920305551688,-0.12528241050832675,-0.11772120914753997,-0.10031674188253062,-0.014490249294514665,0.023483850442924385,0.05350528830094804,0.027407528186854883,0.04871684657165845,-0.0253791957831931,-0.04303111351895716,-0.03818984554552981,0.09630457611906616,0.07436687633275131,0.08801193764625062,-0.3583277641823712,-0.48045164036546517,-0.4276474674666656,-0.8845900343163515,0.5502840431049891,0.5067340121791343,-0.8103528279791997,-0.8686173303647737,1.156173380363016,1.0824313355380433,-0.2801333818741722,0.09618457165815668,0.23870722401069291,-0.24460642438084115,0.9855905695336935,0.8800035680563028,-0.39562493576766383,-0.388925547546541,-0.970041480736457,-0.6557539348303498,-0.8141624991869653,-0.8286008047147959,-0.3341202946041649,-0.3985415078558268,-0.7936943205990196,-0.5819179135234508,-0.34330473747987195,-0.4581263240423058,-0.4663890647198417,-0.6356892856597561,-0.6894465690535315,-0.6732305003957796,0.2468875428979257,0.32669530332543206,1.661270003810029,1.4924343564409004,-0.08311836447762241,0.21866913844859798,-0.807675596381691,-0.43022550049013947,1.3161009151767915,1.0729216694728867,-0.9211599300729225,-0.8008931993384844,1.675643682122145,1.8206629090838222,-0.09986427770007292,-0.5396235438821483,1.3326056109933508,1.1223279831297015,-0.5615501343424522,-0.36165617619827056,-0.34459870942715737,-0.4629844511980867,0.6490534742820389,0.5573519630711906,-0.3531855513529221,-0.8714752733952406,-0.6126366323211593,-0.8663269816364053,-0.5570779535231195,-0.48760711902585885,1.7373262165805103,1.2613337593395129,-0.5834316810652657,-0.6978204799894856,0.478118449096683,1.1033539380314896,-0.17624329772574054,0.008951209044962638,-1.046526174549192,-0.9524166174550193,1.239711109929632,0.9640023585327352
0.7373107620996631,0.6777012974011497,0.02163608562868997,0.6715857041502927,-1.029888474891194,-0.8811599659757039,0.07357112388004089,-0.9792724492419318,0.1210971592968739,0.593820094467621,0.8180854780616024,0.11217614358892057,0.6606895231713841,0.39860167776973904,0.2631793738797839,0.2620932570902492,0.26602159963091926,0.19362434476518414,0.08873678726232793,0.15118513586753335,0.22271410557808852,0.3231790196242734,0.30084910456083014,0.41493956918671926,0.4317524152126339,0.37648246299488386,0.4029760787796918,0.3660470259956021,0.29476945583908465,0.2122474052597543,0.20423654303162475,0.31199253147427375,0.2548782707519727,0.3139675628352135,0.23105953154595738,0.2744788912251369,0.29100155237156905,0.28098146662023443,0.3592861639015985,0.3800152600507875,0.37086494529911423,0.44338528607704675,0.41462239898466696,-0.046297491682211256,-0.0017949625418385616,-0.19865283963980318,0.29290085994834275,0.6676362470726427,0.7934872931212475,0.236082050647824,0.0330058485124705,1.0986433723213174,0.8308818675929812,-0.2801333818741722,0.09618457165815668,-0.37336258114492965,-0.2989936226867536,2.1869395385907855,1.7358422784085425,0.16889610480038697,0.4898562179681554,-0.5650137226001493,-0.3637128430521276,0.14893635916685924,-0.10334845923138597,0.2739792496749596,0.2951396589315792,-0.21978223996866847,-0.3666916856830622,2.4922506163361793,1.0563408628744078,-0.6114556478364332,-0.6356892856597561,-0.15151686628094518,0.22741230949823987,2.159156201581722,1.4213811364577702,-0.10787967034812201,0.029263418753743168,0.7010171494622113,0.637174666579886,-0.036576477921688326,-0.20101638994664486,1.5733402829122993,1.43717957796818,-0.40708393142741295,-0.44434642166970995,1.1089552639795401,0.8027723829586233,0.9733040796738445,1.3776177667280005,1.0268580295576755,0.8764281146331446,-0.5615501343424522,-0.36165617619827056,-0.34459870942715737,-0.4629844511980867,1.121264077615643,0.7436534549055718,-0.3531855513529221,-0.3459625457197186,4.450476031490075,1.582653885180288,-0.27066255325416344,0.025663532580308426,1.408837512987366,1.5822255025841645,-0.5834316810652657,-0.6978204799894856,1.0371955651980438,0.7741174029978486,0.6230460343637857,1.5434441881814085,-0.4269404555967047,-0.49996216735762294,1.4231817492562018,1.6591963670899963
0.7373107620996631,0.5252748370038639,-0.25236326309724716,0.0008384340875784246,4.216210244457995,3.7543457263342463,0.4981866001433533,3.848378810647217,0.6152003605794146,0.7691175393289112,-0.9588424903633993,0.4172000526312306,0.8219316276671459,-1.169329010718516,-1.0683304794385402,-0.9133959489346845,-0.6478031112586714,-0.2268953157470806,-0.04633884534621129,0.13411542276802033,0.25625304809162586,0.3593614372209814,0.4781113931446713,0.5084545155443315,0.7472970064645527,0.8735370612867068,0.931783317385415,0.9745647788800086,1.0526897009277678,0.9874960022832718,1.1037961132993805,1.1887421357387429,1.2247920043915819,1.2205727798557338,1.158894269323724,1.2654402065158636,1.3702697872984435,-1.2560439021424161,-1.2292627426516685,-1.185072812616972,-1.1720632643261866,-1.1688637113934741,-1.1609398009922343,-0.07750051893222726,-0.24112330145365188,-0.19865283963980318,0.29290085994834275,0.37425573715350874,0.13805122239641726,2.3606619557390536,2.0294571731692255,0.3651357697896573,0.27188304993728785,-0.2801333818741722,0.09618457165815668,1.598862346578743,1.5501711197142696,1.2310274556851424,0.5024276664303147,1.187488417129696,1.213558848392023,0.9200880572329792,0.5610839475789094,2.717199981443725,3.315698312333261,1.1861285660936465,1.2923063361884752,0.19760836412613234,0.2789869978381037,-0.34330473747987195,-0.4581263240423058,1.9997428482622142,3.05392204585999,1.6415821429610093,2.4790193342332887,1.2030218722398238,0.1898595741838898,0.04595943175258676,0.029263418753743168,0.7010171494622113,1.055680194711174,1.3229930204156846,0.9908709848795272,0.24694979302608744,0.08214015836568869,2.9344100597683993,2.764574577349259,-0.1863325489178422,-0.23879001586716161,2.5234361514361696,3.6143992957731745,0.3771444190068654,0.31905507937428257,2.530686288248144,2.596126677467882,1.2581859855828768,2.636493046362326,0.39720781917078335,0.4952514657930635,1.1766200383113354,1.5809174557571952,-0.6126366323211593,-0.8663269816364053,-0.27066255325416344,-0.14542668462174735,-0.3599478140526417,0.06945014157366391,0.2001363293189747,0.06796331149417485,-0.33899425905145975,-0.5428287371367155,-0.01638543130783529,0.008951209044962638,0.8122309823082702,0.6563103162246121,1.3130993656602599,0.8867585798041507
0.7373107620996631,1.3205433260331811,1.177198556342425,0.6715857041502927,-0.7991676516234886,-1.2401698370093397,0.19431509660154211,-0.9929108619316745,0.1210971592968739,0.41852264960633057,1.033470686355542,0.5441078104079581,0.49944741867562226,0.617515977112763,0.40816895830705396,0.5421105369373798,0.6619621251069693,0.4386753699557845,0.35314015321946857,0.3744044610150116,0.3742604384170349,0.3476896896091401,0.29633286790901253,0.30162145771808324,0.3123571644686646,0.31928998829603394,0.3469367760372742,0.2776814117153583,0.28886358379943256,0.34356303963638524,0.4214378922629418,0.4323678825462603,0.4213629810584823,0.39630211825850564,0.47235119544302134,0.4359226338602598,0.45311204643405467,0.3871632871123315,0.42749016586774424,0.37407725652305074,0.374233784184759,0.3248622888698813,0.4129560190798791,-0.3583277641823712,-0.48045164036546517,2.778277322109408,3.2366280956100786,1.5673364774913203,2.6778659964551346,0.9971255987402049,1.256637305560159,1.8609159788738265,2.2283789117322144,-0.6249129287962303,-0.7782206252341769,1.3608352001293342,1.876494309549744,1.4247934184362863,1.5596401909830813,1.3224825790046648,1.9372614788158908,2.0451651631671672,2.4106775288409836,1.3413444695096894,1.7615861434402393,1.3199104658350538,1.7041795289684978,1.3976063508986847,2.1084099344814073,-0.34330473747987195,-0.4581263240423058,-0.17625589848665868,0.2867135472201803,0.29675788602954345,1.1280551193922594,0.1102969244205117,0.6003667616085165,0.4305571870043587,1.4924343564409004,0.3873629438862778,1.8926912509737501,1.059195953574105,1.4034473838578174,1.7341148877469919,2.180265711298578,0.49254906620222877,1.8732076331773233,1.8645398215030131,1.7733191636826502,0.46653013313616126,1.6971579851630254,1.2848325513940266,1.876420913185809,0.5516549777901623,0.713901225134876,-0.34459870942715737,-0.4629844511980867,1.0268219569489223,1.8614624059118592,0.24543402721135263,0.5298920004061514,1.4126084332033344,2.8071443185886347,1.0898105980233779,1.3943852701967545,1.9647414729142256,1.8114338906160585,0.2001363293189747,0.06796331149417485,0.30609472106549507,0.5271900017226178,2.221624698542838,4.100932486742152,1.477711939701683,1.8125827998068471,1.276405237794946,2.6633654905615955
0.7373107620996631,0.8632639448413237,0.3552005101646132,0.6715857041502927,-0.5662068203628926,-0.6877038696674235,0.7393268665205174,-0.2946432604946623,0.1210971592968739,0.7691175393289112,-0.5603798550196109,0.23685744947482837,0.8219316276671459,0.8559147952454801,0.6875066897724367,0.5741958502531969,0.5415239424526574,0.4492639945010573,0.5859300732469511,0.524092714349203,0.573009727386145,0.5951307389801753,0.516499404685121,0.493052053791313,0.621505581573585,0.7269163534223825,0.7606087199176664,0.7968293956117909,0.8784664757580315,0.8182447401978364,0.8721787453137725,0.8759557904335808,0.9245583414231011,0.9032609538985517,0.8638810651627855,0.8943871847688409,0.9271090345080616,0.8171126258262327,0.8375775194616583,0.8559038284879761,0.8947193920168747,0.9401731679879319,0.8337169450388083,1.7166735479436928,5.742085171341681,-0.19865283963980318,0.29290085994834275,0.8241058523628475,0.9163815563821531,-0.3664107582586442,0.22621081541473712,0.5377257939147537,0.6911321631790579,-0.6249129287962303,-0.7782206252341769,0.3747227362674979,0.8975247400433202,0.8951664535831597,0.5527711199804465,0.021629746391330244,0.4898562179681554,0.47005721485930385,0.901798554653502,0.1947982095646604,0.2074739745472183,0.6874869397847643,0.7070128517116014,0.3541298406616826,0.7094394535188809,8.163361323968282,1.0563408628744078,-0.4663890647198417,-0.32822167469977737,-0.6894465690535315,-0.6732305003957796,0.2468875428979257,0.7372024907500588,0.12287898280294114,0.029263418753743168,-0.3967725700535559,0.21866913844859798,0.572185984020419,0.6699782301186347,0.5443828119702683,1.000070087773828,0.042732567387407924,0.8035673001710002,1.4732549613569288,1.0631629826650695,0.8242529189274671,1.2178476575104884,0.49179976204524367,0.6633148952694621,-0.3141712205352045,0.17612252446830268,0.011575667241739127,1.0867542975821196,-0.012041370385006914,0.7436534549055718,1.7087263303684685,0.004379272730629412,0.3999859004410875,1.582653885180288,0.5169797974854657,0.36784396698441996,1.9900098347290829,0.8946003384884824,0.2001363293189747,0.06796331149417485,1.5102608172838108,1.4325904730651307,-0.01638543130783529,1.03194652846926,1.3859214628198326,0.957946616289543,0.5792168083539807,0.03707701378972062
0.7373107620996631,1.1482351534101622,0.8674601621304954,0.6715857041502927,-0.7364474278225589,-0.5463321069806032,1.4350823456989565,-0.8904061576082375,0.1210971592968739,0.7691175393289112,0.031929467788722826,0.42833231208532957,0.6606895231713841,1.465665618546468,1.4643316191809295,1.6665549263235135,1.7624660191107433,1.589810124091876,1.5271485770617723,1.5679713231271162,1.2711166048901439,1.300104294735389,1.310227996242066,1.224668987059691,1.2557928511509218,1.18757574054221,1.217074313164996,1.2125494446120288,1.2436462302098514,1.201491850897041,1.0961075699637586,1.1555678263881952,1.1630617185475953,1.1225113992392284,1.0869620374449767,1.009449299685586,1.0310711991785686,1.0494941510015598,1.1293870468611171,1.232542909390136,1.1869661653465577,1.2873362732826792,1.3402964360943113,-0.3583277641823712,-0.48045164036546517,0.03034178818705923,0.8816463070806899,0.45249053979861115,0.9983110652227569,1.5679082598094904,2.0938588288033144,0.8109933321128232,0.9706315720069046,1.09898480581406,1.8449949654428237,1.190815809808328,1.9852687061615688,0.9855905695336935,1.4589532838828179,0.9665888795161109,0.8258610106649511,2.292682126472689,2.2159834676555024,0.6534167135426721,0.8291188421044269,1.1618045843224813,1.379016482036901,1.1889110488512842,1.6779574788006297,-0.34330473747987195,-0.4581263240423058,1.709609682029031,2.746454434900011,-0.15151686628094518,0.22741230949823987,0.3151828521366327,1.4213811364577702,0.19979853385329555,1.126641622019111,-0.3967725700535559,-0.19983638968269005,1.3635771845451585,2.0910747154883014,0.9865129752656723,1.2040545165311922,0.10699206721809662,1.5166608555085488,0.38035586922476256,0.49503803785100503,-0.21910520629717484,0.5787672206404386,1.1797318202755132,1.6469143692556893,2.40699683134452,2.058347976801309,-0.1665115210927091,-0.4629844511980867,0.6805341811709459,1.3646584276868425,1.3761598978327605,1.9312592742075434,-0.1063253659400359,0.35816345177194137,1.376225998292334,1.052204835792643,1.00454372394965,1.3071754369458917,0.0695416609216013,0.4508552072360051,-0.03795273499688086,0.1156443329305665,0.4631881679458804,1.03194652846926,1.1105500321742827,1.6617646497743817,0.359052041162097,0.5777834648898125
-1.3568093973129196,-1.3568605870321866,-0.9606866505797391,-1.2288648943607312,0.25811612102075454,0.4674522438656741,-1.1664128921569707,0.3921433277719473,-0.6352608180510154,-1.1591543541452827,1.2627452211656331,-0.7773770195586137,-0.9517315217862341,-1.2254902707593964,-1.2332727589704806,-1.172995302126295,-1.1476215692740654,-1.0134788533959211,-0.9343892810066076,-0.7009874642543102,-0.6194860064285153,-0.5510348765026387,-0.5132025519292941,-0.4949058500808727,-0.4349291817056431,-0.40029532973313237,-1.5940608916773746,-1.568959095800192,-1.5212861963539286,-1.4938831332336584,-1.4737880399678427,-1.4471937015147582,-1.406227602868033,-1.391930416946255,-1.3523601043672284,-1.311415994991706,-1.2860516235623944,-1.2560439021424161,-1.2292627426516685,-1.185072812616972,-1.1720632643261866,-1.1688637113934741,-1.1609398009922343,-0.26471868243232327,-0.24112330145365188,-0.656642095293528,-0.8845900343163515,-0.9752946084745078,-1.0908914102126395,-0.7469325323048347,-1.255027264169307,-0.9149069091381415,-1.097664053319161,-0.6249129287962303,-0.7782206252341769,-0.6113897275943384,-0.9516400023577029,-0.990822250527974,-1.158906300724033,-1.1074123347447715,-1.1126281779704086,-0.9925430228551408,-1.0938155724976832,-0.9517480503803688,-0.9322082826409973,-1.1003257203958619,-1.0705451381811264,-0.3763037165042188,-0.5819179135234508,-0.34330473747987195,-0.4581263240423058,-0.6114556478364332,-0.6356892856597561,-0.6894465690535315,-0.6732305003957796,-1.3239045695923353,-1.315333446373075,-0.33863832349918516,-0.88521841730073,-0.5535996728415227,-0.19983638968269005,-0.8685518425759017,-1.0261691879032255,-0.8463175198498206,-1.1126257814988736,-0.9854194299036112,-0.9791665881728715,-0.901439362288272,-1.0909774330882585,-0.725879152834858,-1.0189338715346854,-1.0847112047324572,-1.1727374561714954,-0.3141712205352045,-0.36165617619827056,-0.34459870942715737,-0.4629844511980867,-1.082385404607843,-1.0572609661601133,-0.4862121243672054,-0.6963043641700666,-0.6126366323211593,-0.8663269816364053,-0.9867010539265537,-1.0008777706320262,-1.0674619448686449,-1.1682751537985638,-0.5834316810652657,-0.6978204799894856,-1.1131010351918056,-1.1189926734455873,-0.8156747633973614,-1.0140441103793345,-1.092421412990117,-1.0026893341325078,-0.9252424341238916,-1.1988234458676321
0.7373107620996631,0.23367639102644763,-0.7765359302251268,0.6715857041502927,0.02067527377437793,0.17354778985886343,0.7995250133483494,0.2032705230247546,0.1210971592968739,0.7691175393289112,-1.6049981152452182,-0.18616840978093027,0.6606895231713841,0.7859997572354044,0.6675539946677664,0.6062811635690138,0.5550732380012676,0.5551502399537859,0.46235023915828755,0.5779279633553595,0.6748687379828138,0.5391063504433372,0.5458549429219355,0.5766654175934134,0.6470902781615785,0.6406077097859362,0.5690561941799479,0.7235261019474977,0.8085803232888152,0.8406170334620032,0.8721787453137725,0.8920690264038468,0.8413159862698464,0.7728208155313135,0.8984813792310438,0.9398768581080192,0.9720418344927723,0.9676819286551899,1.0016124608992238,1.066278810613507,1.0985341445983827,1.177219162402263,1.1686593059011638,1.2018235983184287,-0.36078747090955854,0.03034178818705923,0.29290085994834275,0.7849884510402964,0.30191024007762485,0.2677921984850065,0.3550141266829149,0.4226657778313561,0.29983299082007253,6.270678009644931,2.719400162335157,-0.23734706888812465,0.08171676545463352,-0.03491016762233091,0.049336584479128955,0.14435171173221087,0.33477708287732666,-0.3174967592946279,-0.022998235977535007,0.3323837607580639,0.7255113641782254,-0.29763432194741746,0.013331684924195501,1.1367372233394342,0.6018263395986866,-0.34330473747987195,-0.4581263240423058,-0.32132248160325017,-0.32822167469977737,-0.6894465690535315,-0.6732305003957796,0.1102969244205117,0.05302384504234753,-0.8770751808516659,-0.7023220500898354,-0.7104267756294894,-0.6183419178139781,0.30838891717883915,0.11987636481424761,-0.2353740214779896,-0.26754743378979295,1.1994035643398044,0.2687471336678387,-0.09188447922740808,-0.07308690696305947,0.28766874024050837,0.5787672206404386,-0.014594669707593598,-0.0415980610873341,0.18058660707929078,0.4450118748015893,0.18966285557618737,1.0867542975821196,0.46016923294859724,0.06054798484617399,-0.4862121243672054,-0.3459625457197186,-0.1063253659400359,0.35816345177194137,-0.6286818035903585,-0.3165169018238031,-0.6631681558309287,-0.2514416016709877,-0.4528370126678923,-0.6978204799894856,-0.2959883270436628,-0.707447004653536,-0.495959030561551,-0.502546450667186,-0.15156902495115473,0.10331043277223882,-0.6683835390666939,-0.5808732160389558
-1.910714900229217,-1.7081041696868018,0.07191304792254291,-1.7878209527463265,0.9211584869162969,0.9715541871305202,-0.900724955472062,1.292494135066159,-1.308713979414478,-1.6850466887291538,1.1951921224135342,-1.135750141215567,-2.2416683577523284,-1.1956904184928068,-0.928661613705849,-0.7179672223747079,-0.5379032695866119,-0.5974971748316305,-0.40127162464737287,-0.2374791008598406,-0.23192489293875065,-1.9294682694610943,-1.8556538966820786,-1.794213516531932,-1.7088338659828153,-1.6470912781680607,-1.5940608916773746,-1.568959095800192,-1.5212861963539286,-1.4938831332336584,-1.4737880399678427,-1.4471937015147582,-1.406227602868033,-1.391930416946255,-1.3523601043672284,-1.311415994991706,-1.2860516235623944,-1.2560439021424161,-1.2292627426516685,-1.185072812616972,-1.1720632643261866,-1.1688637113934741,-1.1609398009922343,-0.3583277641823712,-0.48045164036546517,-0.656642095293528,-0.8845900343163515,-1.5424969276515001,-1.4186094455750546,-1.4128456368856679,-1.3194289198033957,-1.677179515690651,-1.4889632256781464,-0.6249129287962303,-0.7782206252341769,-1.2914672888783636,-1.1691887955813527,-1.3396009834800329,-1.36028011492456,-1.3283118723583565,-1.2160142680309611,-1.2400599861606623,-1.1911626030904239,-0.9058861999825676,-0.9322082826409973,-1.4530234560777542,-1.2873205028021908,-1.1589110991819702,-1.1199834831244224,-0.34330473747987195,-0.4581263240423058,-0.6114556478364332,-0.6356892856597561,-0.6894465690535315,-0.6732305003957796,-1.1190186418762142,-1.0416619880899904,-1.1847533850530834,-1.2510111517225193,-0.7104267756294894,-0.6183419178139781,-1.1932251556116922,-1.1636946542293223,-1.6501905440232822,-1.5497352716932256,-0.9854194299036112,-0.9791665881728715,-1.562575850121311,-1.4933992689982207,-0.725879152834858,-1.0189338715346854,-1.6006602484051593,-1.516997272066675,-0.8089290481496999,-0.8994348768648438,-0.34459870942715737,-0.4629844511980867,-1.5231153010525402,-1.4298639498288759,-0.8187785569029137,-0.8714752733952406,-0.6126366323211593,-0.8663269816364053,-0.9150972038593147,-1.0008777706320262,-1.6486342666103617,-1.5350085746495943,-0.5834316810652657,-0.6978204799894856,-1.4571484912541814,-1.3659200747208182,-0.8156747633973614,-1.0140441103793345,-1.092421412990117,-1.0529620508099962,-1.438960224238287,-1.3533110033248013
0.7373107620996631,-0.17721232830536623,-1.5151428702689576,0.6715857041502927,-0.7409274438083395,-0.7732709891883937,-0.8688874867289597,-0.7026831281152508,0.1210971592968739,-0.10736968497754047,0.04269872820342005,-0.46224844424258316,0.0157211051883368,-0.46215559346906177,-0.6892292724498066,-0.7033829890493365,-0.7878124985943089,-1.0346561024864669,-1.0723388632451156,-0.8966326374718059,-0.602095443643718,-0.5311929055625085,-0.4025547539597626,-0.3474822875876957,-0.4519856460976387,-0.48036479431152224,-0.44474573725106287,-0.3438903523695387,-0.277115820000558,-0.17975408106455887,-0.28014168711255144,-0.3126323217260345,-0.2913412282311823,-0.22351981582695202,-0.13770697365521584,-0.11173735496827868,-0.10105915337737718,-0.048008108347082634,-0.08274483618278883,-0.04412784907326657,-0.05697759317777049,-0.09291026156956028,-0.16277823802431907,-0.23351565518230724,-0.12145913199774522,-0.656642095293528,-0.8845900343163515,2.3888019052648954,0.30191024007762485,-0.8737731236535647,-0.9974206416329514,0.9260533481962209,-0.2312158859528362,-0.6249129287962303,-0.7782206252341769,-0.30535482501652716,-0.5709296142163158,0.5593054514811769,-0.3785827706969909,1.2243050067319603,0.2830840378470504,0.5825649254527226,0.07434879461520573,0.01135080797345573,-0.3105634150837888,0.2983032314461246,-0.37686397139372035,1.032389572315734,0.17137388391790936,-0.34330473747987195,-0.4581263240423058,-0.6114556478364332,-0.6356892856597561,-0.6894465690535315,-0.6732305003957796,1.0664312537624097,-0.35748334238227925,-0.2617187724488308,-0.5194256828789408,-0.5535996728415227,-0.6183419178139781,0.592478066085156,0.0740345427055487,0.9945517055074069,-0.019852056012993446,-0.02152693244328077,-0.08779964400093564,0.6906852410647604,-0.19144627046598958,0.0491868830463045,-0.37985343466463584,0.03317838989173067,-0.3858578769825136,-0.1904817636315807,-0.6305455265315572,-0.34459870942715737,-0.4629844511980867,0.8064570087265736,-0.2499545015444614,-0.6192386973814887,-0.6963043641700666,-0.6126366323211593,-0.8663269816364053,0.5885836475527048,0.19675374978236418,0.7013233821713629,0.25281685199917914,0.7225150029084683,0.06796331149417485,1.5532667492916077,0.3625717342057973,-0.6558168969794562,-0.502546450667186,0.12380240569439525,-0.19832586729269208,2.0469819229665394,0.655027243618397
0.7373107620996631,1.1681168656358953,0.9031992076164874,0.6715857041502927,-1.0343684908769748,-0.8532576443927788,0.11628598054005368,-0.9639543238129448,0.1210971592968739,0.593820094467621,-0.1942250009199137,0.44169102343024824,0.6606895231713841,0.3722402699954482,0.2565284755115605,0.24459217709980355,0.08837528021580937,0.09983938450705315,0.0255098954030117,0.12098487422993336,0.15439403749495695,0.26832180584861937,0.3889157192712735,0.38303446984118095,0.373120818865149,0.3244893041777476,0.40603276802018734,0.35901794304149187,0.39812221653299595,0.35815366567823315,0.40413866975779267,0.4636465170767765,0.4204276736972098,0.3657735752363861,0.36217651117304117,0.450193903927453,0.3121463994231976,0.32972066291168883,0.3722362908571958,0.4122501363442156,0.36075842864217994,0.44254469744437186,0.4079568793655156,-0.3427262505573632,-0.36078747090955854,1.4043095551482339,2.6478826484777316,0.9805754576530523,1.5718176271069835,1.1556763379261175,1.0634323386578926,1.3287634044881127,1.529630389662598,0.40942571196994393,0.9705897685504902,1.4288429562577367,1.4413967231024445,1.0243437620839222,1.3834381035576202,0.6720561626979975,1.1360192808466087,0.6050664675714065,1.1938396464317242,1.708239272692099,0.9327263200306283,0.979374721038744,1.2272737268021559,1.084563397827584,1.462731250960241,-0.34330473747987195,-0.4581263240423058,0.11387726774652436,0.2867135472201803,0.8346875888021298,0.6777337144452497,0.9298406352849957,1.0108739490331433,-0.10787967034812201,0.5779525203864271,2.4261152801298453,2.7297023072363262,0.40984932750252373,1.3576055617491185,0.8176996401892453,1.43717957796818,0.2997705667101627,0.4470205225022259,0.7446555666021514,1.2051942188685856,0.46653013313616126,0.5787672206404386,0.6828920004425407,1.1223279831297015,0.42796552088653844,1.5205692761347356,-0.34459870942715737,-0.4629844511980867,0.9008991293932944,1.1162564385743343,0.0458941676899277,0.5298920004061514,0.906297166822211,1.582653885180288,-0.05585100305244639,0.19675374978236418,0.32229795494850416,1.0779670489139976,-0.5834316810652657,-0.6978204799894856,0.30609472106549507,0.6094991354810281,0.3033303015279752,0.5204488687571113,0.30738335945809525,0.8071284662570776,1.276405237794946,1.5047088096328272
0.7373107620996631,0.6843285348097273,0.03354910079068698,0.6715857041502927,-0.7319674118367782,-0.8569779539371688,1.973935229308814,-0.7001477105954075,0.1210971592968739,0.9444149841902016,-1.1634584382426418,0.11662904737056011,0.9831737321629077,1.8748405131300259,1.947186840713948,2.0311607594577983,1.885915156331413,1.8560383983730222,1.8921401800678253,1.8082603613741075,1.7978022206582855,1.601235383120894,1.4581347465890926,1.4083983522564116,1.5692053843538412,1.5796041580234177,1.5400644762440214,1.5700285205639244,1.6068573606484542,1.7121637623617167,1.6785147276371133,1.6190603198858444,1.6522274684931262,1.587840403485475,1.5076290137485373,1.4777253487653623,1.4107974108140648,1.5255716576341587,1.4928539434148809,1.6227545697842658,1.6181775427090872,1.5369910971871341,1.4986025270491559,1.8882901978187807,1.6735034098408545,-0.4276474674666656,-0.2958445871840044,-0.29074008532986173,-0.025807795284790297,0.5531835290196494,0.6126207492192703,0.2500757537062596,0.07623346375779516,0.06464616504788588,0.9705897685504902,1.1568119317441268,1.2238479298787948,1.360204764185905,0.7793166609560392,0.46342882161850046,0.33477708287732666,0.40255258850325254,0.6097574628752798,0.5158311623492685,0.621903886252024,0.8455928212973367,0.9021106798705594,0.24978218963798243,0.2789869978381037,0.8719332712984358,2.570808049791121,0.11387726774652436,0.9016487691401379,0.02779303464325026,0.22741230949823987,0.3151828521366327,1.1477096781746856,1.892028656961092,2.4069161924953733,1.1714984578261116,1.8926912509737501,0.3895572454377868,0.8075036964447315,-0.1871416400275819,0.03842920934625349,0.9423655650170496,1.1601140778397745,-0.1863325489178422,-0.38082125207067774,0.6155812938825387,2.1764683128155626,0.3484805832472709,0.41741502677290526,0.3042760639829146,0.713901225134876,1.6143603622517733,1.8616236719722228,0.17684287094843473,0.43315096851493645,1.5756997573541853,1.9312592742075434,-0.6126366323211593,-0.8663269816364053,0.08735669708203166,0.7100244013885315,0.2970295931336469,0.5737085952438308,-0.1916476758731455,0.06796331149417485,1.2952311572448258,-0.4605196033783053,0.14347243511006993,0.008951209044962638,0.6057024093241077,0.6060375995471237,-0.08127749322167055,-0.11741054366744849
-1.3925452362107453,-1.2309430762692115,0.10596154589302358,-1.8996121644234454,1.3467600055654625,1.371487463152446,-0.5537554387487031,1.7681470089570601,0.30462120548753174,-0.8085594644227019,1.340500189158864,0.3074677808693986,-0.6292473127947105,-0.9859453044625797,-0.5907959766001003,-0.38107143255862885,-0.272939267747126,-0.05747732302271495,0.11029140948709484,0.25229035961080293,-2.0902307447999293,-1.9294682694610943,-1.8556538966820786,-1.794213516531932,-1.7088338659828153,-1.6470912781680607,-1.5940608916773746,-1.568959095800192,-1.5212861963539286,-1.4938831332336584,-1.4737880399678427,-1.4471937015147582,-1.406227602868033,-1.391930416946255,-1.3523601043672284,-1.311415994991706,-1.2860516235623944,-1.2560439021424161,-1.2292627426516685,-1.185072812616972,-1.1720632643261866,-1.1688637113934741,-1.1609398009922343,-0.3583277641823712,-0.48045164036546517,-0.656642095293528,-0.8845900343163515,-0.6819140985553738,-0.6402791115893186,-0.39812090609582673,-0.6754123634625071,-0.6847868769713463,-0.8740645262568836,-0.6249129287962303,-0.7782206252341769,-0.815412995979546,-0.8972528040517904,-1.391271906880338,-1.2595932078242964,-0.9478737798016266,-0.8800094753341655,-0.4300044698880467,-0.6557539348303498,-0.7224387983913629,-0.6213858488623931,-0.5530361305446497,-0.8104147006358491,-0.6371728440634693,-0.6895310274436451,-0.34330473747987195,-0.4581263240423058,-0.6114556478364332,-0.6356892856597561,-0.6894465690535315,-0.6732305003957796,-1.2556092603536284,-1.1784977172315327,-0.49247742559989394,-1.0681147845116246,-0.8672538784174562,-1.0368474459452661,-0.7670914322522171,-0.9803273657945266,-0.878472440816759,-0.8649304037220741,-0.27856493176603553,-0.44434642166970995,-1.1308132458221836,-1.1146493057888445,-0.6960689206855826,-0.8591637623171731,-1.1420388762516465,-1.0907708333393098,-0.8089290481496999,-0.8994348768648438,-0.34459870942715737,-0.4629844511980867,-1.5545960079414471,-1.3677634525507487,-0.8187785569029137,-0.8714752733952406,-0.6126366323211593,-0.8663269816364053,0.2305643972165097,-0.48760711902585885,-1.2443404775726457,-1.0765917985858062,0.0695416609216013,-0.31492858424765535,-0.5110179870826477,-0.7897561384119464,-0.33610116414364577,-0.502546450667186,-0.7941023631241046,-0.8015984674225538,-0.9252424341238916,-0.8126045522247095
0.7373107620996631,1.062081067098653,0.712590965024531,0.6715857041502927,0.8225981352291216,0.899008151014915,0.7848231557072285,0.8733468865335237,0.1210971592968739,0.41852264960633057,-2.8219245421059767,0.37044456292401523,0.49944741867562226,0.32524819526736454,0.24854739746969243,0.4866904503009685,0.5671170562666987,0.5763274890443315,0.5083334332377902,0.6987290099057595,0.5941268393391129,0.48891783571241965,0.40133537006377196,0.41493956918671926,0.361394499595652,0.5667774242656027,0.6903048673862697,0.7064554719160869,0.7800352750971635,0.8162993233922567,0.8942833074036852,0.9043909127340501,0.9694530947641824,0.9356397116492845,0.9613082653023547,1.0058814821687876,1.0266660227094795,1.1556759714936569,1.191547656247984,1.153652291093062,1.0867432084986262,1.1469579716259655,1.1586610264724369,-0.3583277641823712,-0.48045164036546517,0.03034178818705923,0.8816463070806899,-1.0730881117808857,-0.6812438660096205,-0.8103528279791997,-0.28900242965797385,-1.3607644714613074,-0.929964408022453,0.06464616504788588,0.09618457165815668,-0.8834207521079485,-0.7340912091340531,-1.0683286356284316,-0.756158672322979,-0.9356015832675386,-0.6473907726979223,-0.7450260595496194,-0.3637128430521276,-0.6307150975957606,-0.4141708930099902,-0.8205999300274646,-0.5286067266284654,-0.5849990185516192,-0.15146545784267357,0.4668539350389998,1.0563408628744078,-0.4663890647198417,-0.32822167469977737,-0.24117181674304292,-0.44806979792227475,-0.5043608587278513,-0.35748334238227925,-0.5693969766502484,-0.5194256828789408,-0.8672538784174562,-1.0368474459452661,-0.5032943654106373,-0.017649101511849157,-1.1437505387940015,-0.7775085056832036,-0.21430543193534685,-0.08779964400093564,-1.2522464782813132,-1.0199618149865004,-0.39796659919282773,0.09945689298790142,-1.2853580550496193,-0.9596242368078128,-0.3141712205352045,-0.09276682586498394,-0.34459870942715737,-0.4629844511980867,-1.2083082321634708,-1.0572609661601133,-0.752265270395772,-0.6963043641700666,-0.6126366323211593,-0.8663269816364053,-0.48547410345588055,-0.14542668462174735,-0.991656859424073,-0.7557000553411546,0.3307309977163481,0.4508552072360051,-0.8980713751528207,-0.8720652721703566,-0.6558168969794562,-0.502546450667186,-0.4269404555967047,-0.19832586729269208,-1.2187954570464032,-0.9670921096818785
0.7373107620996631,0.969299743378566,0.5458087527565696,0.6715857041502927,-1.119488794606808,-0.957426311635699,0.8844083738506304,-1.0487517155268749,0.1210971592968739,0.7691175393289112,0.29039171774145056,0.30810390998106135,0.6606895231713841,0.9831372414605358,0.9907876553634236,1.1167293299570125,0.9946726046895056,0.9620559546221283,0.8100981443845269,0.916696115638003,0.8835554914003794,0.9721281868426488,0.9365094133041587,0.8649114875427593,0.8912109247720157,0.9078525461060167,0.9063109070479525,0.7978335503195209,0.7770823390773375,0.7705820284611333,0.709758267348761,0.7309366667011876,0.8319629126571211,0.8570055856832189,0.9176026054266602,0.919361907386429,0.9112503992193401,0.8832586779360636,0.8574343807935741,0.8414829627777582,0.7970230643331766,0.8418242979649648,0.8053884866574151,1.5294553844435967,2.870145104399921,0.9463202994945089,0.8816463070806899,0.4329318391373355,0.9163815563821531,1.3142270771120304,1.256637305560159,1.055495866290043,1.0544813946552587,-0.2801333818741722,0.09618457165815668,1.7688817368997494,0.8975247400433202,0.9468373769834647,1.3582663767825545,0.6106951800275572,0.6449353530589842,0.9200880572329792,0.8044515240607613,0.9744496663272803,0.31108145247341973,1.028022684581074,0.6203027058631757,0.6671727937327833,0.6018263395986866,2.4922506163361793,5.599742423624548,-0.031189315370067156,-0.6356892856597561,-0.6894465690535315,-0.6732305003957796,0.3834781613753397,1.284545407316228,0.2767180849036499,1.675330723651795,-0.8672538784174562,-1.0368474459452661,0.7142305584735774,0.8075036964447315,0.8900482123648569,1.320617047249686,0.49254906620222877,0.09047374483345154,1.6351659379691017,1.512928563976204,-0.2787256705957258,0.25922700220541384,1.6765716401084856,1.4501944744584438,-0.06679230672795687,-0.09276682586498394,-0.1665115210927091,0.3118849231920165,0.6490534742820389,1.4888594222430966,0.6445137462542024,0.3547210911809774,0.3999859004410875,1.582653885180288,0.2305643972165097,-0.48760711902585885,1.7878629402102248,1.6280671801905433,-0.1916476758731455,0.4508552072360051,0.43511251708888604,1.0210448042730793,0.3033303015279752,1.03194652846926,0.5827547901036452,0.6563103162246121,0.5058285526233528,0.8095148010755662
-1.5247678401327,-1.4695236229780066,-0.9030849655387985,-0.893491259329374,0.22675600912028973,0.441410077054944,-1.3933737746540396,-0.16036320282492134,-1.081735321325311,-2.0356415784517345,0.8734149716892077,-1.0773057790815477,-2.080426253256567,-1.2105903446261015,-1.2612065321170187,-1.2459164687531519,-1.254510456379767,-1.3281122684554574,-1.1944817225187947,-1.0883386461278755,-1.0082893029743367,-0.9023544796190613,-0.9727296312517358,-0.9151730207703771,-0.6651914509975838,-0.6134672808833912,-0.5374653108794266,-0.5467296033310075,-0.3420804124367309,-1.4938831332336584,-1.4737880399678427,-1.4471937015147582,-1.406227602868033,-1.391930416946255,-1.3523601043672284,-1.311415994991706,-1.2860516235623944,-1.2560439021424161,-1.2292627426516685,-1.185072812616972,-1.1720632643261866,-1.1688637113934741,-1.1609398009922343,-0.3583277641823712,-0.48045164036546517,-0.656642095293528,-0.8845900343163515,-1.307792519716193,-1.1318561646329413,-1.3494253412113029,-1.3838305754374847,-1.0587319292423887,-1.2374137577330844,-0.6249129287962303,-0.7782206252341769,-1.1894556546857598,-1.1691887955813527,-1.3783541760302618,-1.335108388149494,-1.2669508896879162,-1.2418607905460992,-1.2400599861606623,-1.1424890877940534,-0.9517480503803688,-0.9322082826409973,-1.4408614651921716,-1.2439654298779779,-1.1067372736701202,-1.012370369204228,-0.34330473747987195,-0.4581263240423058,-0.6114556478364332,-0.6356892856597561,-0.6894465690535315,-0.6732305003957796,-1.1190186418762142,-0.9048262589484483,-1.1847533850530834,-1.2510111517225193,-0.8672538784174562,-1.0368474459452661,-1.1932251556116922,-1.1178528321206234,-1.1276730783105322,-1.2291883122173675,-0.9854194299036112,-0.9791665881728715,-1.0903355016691403,-1.0909774330882585,-0.725879152834858,-1.0189338715346854,-1.2566942192900246,-1.2874907281365553,-0.8089290481496999,-0.8994348768648438,-0.34459870942715737,-0.4629844511980867,-1.019423990830029,-1.0572609661601133,-0.8187785569029137,-0.8714752733952406,-0.6126366323211593,-0.8663269816364053,-0.9867010539265537,-1.0008777706320262,-0.9158517739795012,-1.3058001866177003,-0.5834316810652657,-0.6978204799894856,-1.1561069671996025,-1.2013018072039976,-0.8156747633973614,-1.0140441103793345,-1.1153690322105796,-1.0529620508099962,-1.2554895849117174,-1.1988234458676321
0.7373107620996631,0.34633942697226755,-0.5740146724711733,0.6715857041502927,-0.27276577329425733,-0.16500037868062734,0.4970442260698875,-0.43140143014841065,0.1210971592968739,0.06792775988374988,-1.0234580528515813,-0.1104690454930575,0.17696320968409862,0.5361394574616912,0.4573856062319071,0.4502298669875401,0.38645978228523103,0.44018803060510914,0.37756872507420436,0.47419662990447253,0.46121325234102056,0.47141021429465774,0.5040797538926226,0.43364255845824173,0.5138366500991127,0.5335018026226355,0.5782262619014344,0.6291355594208736,0.5989218658811666,0.5274049277636687,0.5771308948092841,0.5906567300188725,0.573818080945904,0.6035261678631959,0.5433728927410251,0.6223410991129709,0.6619174110688867,0.7100604625432168,0.7598767577280746,0.7795580688456464,0.8980882309025194,0.9317672816611826,0.8353833249435962,-0.3583277641823712,-0.48045164036546517,-0.4276474674666656,-0.2958445871840044,1.1761624642658084,0.8344520475415494,0.9654154509030224,0.5482190935851815,0.034338223549889024,0.04828352287501049,-0.6249129287962303,-0.7782206252341769,0.44273049239590045,-0.02705763115719137,0.24927991107934677,0.1751952183544583,0.6597839661639094,0.2830840378470504,0.26754333579114997,-0.3150393277557572,1.0661733671228826,0.2074739745472183,1.6117982470890335,0.53359256001475,0.9280419212920338,-0.15146545784267357,-0.34330473747987195,-0.4581263240423058,-0.6114556478364332,-0.6356892856597561,0.8346875888021298,1.5783765243392691,1.0664312537624097,0.05302384504234753,-0.8001556298013115,-0.7023220500898354,1.1714984578261116,0.21866913844859798,0.5113097378262083,-0.017649101511849157,0.12636883940006818,-0.048992688692616915,-0.5356029310887903,-0.6226198105040971,0.8391036362925854,0.04527245653987063,-0.18929497414789936,-0.22008332544712342,0.17649756868970348,0.13872850914347423,-0.06679230672795687,0.17612252446830268,-0.34459870942715737,-0.4629844511980867,-0.043522077273913856,0.06054798484617399,0.11240745419706934,0.7050629096313253,0.3999859004410875,1.582653885180288,1.0898105980233779,0.7100244013885315,-0.2588743667932127,-0.20559992406460892,-0.5834316810652657,-0.6978204799894856,-0.8550654431450236,-0.707447004653536,1.1026196336175014,0.5204488687571113,0.49096431322179523,0.05303771609475033,-0.3014422604135543,0.11432079251830517
0.7373107620996631,0.598174448498218,-0.12132009631527736,0.6715857041502927,-0.5594867963842216,-0.6746827862620585,1.1409955244385668,-0.5523207100002622,0.1210971592968739,0.7691175393289112,-0.6249954175077929,0.058741298209245764,0.6606895231713841,1.2857203567828306,1.118484904033313,1.0423497399976183,1.0488697868839458,0.8985242073504912,0.9236191547682991,1.0086099554046117,1.0972109770421725,0.9289427206788361,0.9365094133041587,0.9870310057274059,1.0212664657609822,0.941128167748984,1.0448808192837489,1.0247725142665107,0.993630980531247,0.9155155804768224,0.8971665111545435,0.9906441170454736,1.033053995330714,1.01982448180119,1.0796777607990276,1.055830927403964,1.1914196226534186,1.1391394584661991,1.1526972753811922,1.089182538506206,1.13896021122612,1.114175014951643,1.1519955068532854,-0.3583277641823712,-0.48045164036546517,0.488331043840784,-0.8845900343163515,-0.4667683912813421,-0.025807795284790297,0.5531835290196494,0.4838174379510926,0.7534633240711244,0.04828352287501049,1.7885438996581762,0.9705897685504902,0.30671498013909543,0.2992655586782833,0.3009508344796518,0.5779428467555123,0.36525124934579595,0.3089305603621885,0.9650911414703467,0.7557780087643909,-0.03451104242434543,0.31108145247341973,0.6631629580135993,0.013331684924195501,0.3019560151498325,0.386600111758298,-0.34330473747987195,-0.4581263240423058,-0.32132248160325017,-0.020754063739798538,0.20710293556744572,-0.44806979792227475,0.5883640890914608,0.7372024907500588,0.9689940443568394,-0.15363294845715147,0.07370873831034433,0.21866913844859798,0.7142305584735774,0.9908709848795272,0.4961504305198606,0.40268711784154687,0.8781060651863609,0.625293911336613,-0.05140673507436489,-0.16777439776540357,-0.36815636704355226,0.09945689298790142,0.20516140444929806,0.040368561744851504,0.7990338915974099,-0.36165617619827056,-0.1665115210927091,0.3118849231920165,0.20832357783734168,-0.0015525124319530886,2.373859195439885,0.7050629096313253,1.4126084332033344,1.582653885180288,0.5169797974854657,0.7100244013885315,1.00454372394965,1.1696504041267552,-0.3222423442705189,-0.31492858424765535,0.43511251708888604,0.19795346668897676,-0.17624329772574054,0.008951209044962638,0.4450690747808702,0.7568557495795891,-0.15466574895229848,0.03707701378972062
-0.056024861432066184,-0.329638788702652,-0.7047280672071365,0.6715857041502927,0.2849962169354387,0.4674522438656741,-0.7844511421684693,-0.13558056497463394,-0.42735739412674634,-0.10736968497754047,-1.056809222647961,-0.564665231220293,0.0157211051883368,-0.8816458215295159,-0.832888677203432,-0.887144328949016,-0.8660973173196116,-0.8243962722303345,-0.7274649076488453,-0.5447339366510754,-0.6530249489420525,-0.6374058088302642,-0.5470743268179261,-0.4894049708833661,-0.5020890102491258,-0.3597406658557661,-0.2878356895722934,-0.2515081192583747,-0.21904141161064594,-0.18267220627292843,-0.14174790707135823,-0.07662080663213956,-0.06125561735814095,-0.054225168158834484,-0.07579062216464849,-0.06892354476669912,-0.15304023571263073,-0.10109901859313115,0.0035893435211930714,0.09668766315591938,0.06345839698402973,0.07100452180205159,0.08801193764625062,-0.3271247369323552,-0.36078747090955854,-0.4276474674666656,-0.2958445871840044,-0.4472096906200665,-0.4354553394878092,-1.000613715002295,-0.8686173303647737,-0.4259018407837016,-0.3430156494839749,-0.6249129287962303,-0.7782206252341769,-0.9174246301721497,-0.7884784074399656,-0.6162080558757626,-0.6051283116725837,-0.8006074213925699,-0.8541629528190273,-0.7225245174309356,-0.7044274501267203,-0.9517480503803688,-0.9322082826409973,-0.6868180302860571,-0.7453820912495298,-0.8980419716227198,-0.9047572552840337,-0.34330473747987195,-0.4581263240423058,-0.4663890647198417,-0.32822167469977737,-0.6894465690535315,-0.6732305003957796,-0.5726561679665583,-0.35748334238227925,2.3535459632632185,0.029263418753743168,-0.3967725700535559,-0.19983638968269005,-0.8482597605111648,-0.7969600773597308,-0.38810989607094737,-0.5443834442462159,-0.6641219307501677,-0.44434642166970995,-0.41570643245175365,-0.38082125207067774,0.2578585080912329,-0.8591637623171731,-0.4158883703419175,-0.4022512015489508,-0.3141712205352045,-0.6305455265315572,-0.34459870942715737,-0.4629844511980867,-0.6416555081631458,-0.31205499882258847,1.442673184339902,-0.5211334549448926,-0.6126366323211593,-0.8663269816364053,-0.9150972038593147,-0.8297875534299703,0.2464928695039324,-0.1597582464582301,-0.5834316810652657,-0.6978204799894856,-0.9410773071606177,-0.5428287371367155,-0.33610116414364577,0.5204488687571113,-0.7941023631241046,-0.8015984674225538,-0.33813638827886827,-0.6581169947675404
0.7373107620996631,-0.16395785348821093,-1.491316839944963,0.6715857041502927,0.773317959385534,0.5883623040583493,-0.2673033659544556,0.953566802569345,0.1210971592968739,0.593820094467621,-0.15114795926112576,-0.453342636679304,0.6606895231713841,-0.015157809470217127,-0.12257273147717315,-0.4510757525204115,-0.5439251787193276,-0.6156491026235268,-0.6211287713399952,-0.5933169662419971,-0.5362597416727004,-0.3852960604144925,-0.32464967171590886,-0.27707103385961124,-0.16735589655621194,-0.09249582953568551,-0.045338343159649595,-0.03561485709641529,-0.03005350634177953,0.0653684364384856,0.028361114229275067,0.2816617343537732,0.12019401072872904,0.1770516729178288,0.11633217437225904,0.06665352087163615,0.21082734063414407,0.41153288525805864,0.6131086522313053,0.6921845883660913,0.754912578262617,0.7846642709430695,0.7720608885616583,0.047311590067836744,-0.0017949625418385616,-0.4276474674666656,-0.2958445871840044,1.4695429741849424,0.30191024007762485,1.0288357465773874,0.8702273717556258,-0.2820768206794545,-0.6504649991946062,0.06464616504788588,0.09618457165815668,0.6467537607811079,0.1904911620664584,-0.189922937823246,-0.7309869455479131,2.7337851804247917,1.1101727583314707,1.4826266102000731,0.2690428558006872,3.2675421862173386,2.9012684006284553,0.9064027757252491,0.07836429431051481,3.5889070223963886,1.6779574788006297,-0.34330473747987195,-0.4581263240423058,1.5645430989124396,2.438986823940032,0.6553776878779344,0.22741230949823987,1.4079077999559448,-0.4943190715238215,-0.33863832349918516,-0.5194256828789408,2.7397694857057786,1.055680194711174,1.3229930204156846,0.34908547535774226,0.19871741157567974,-0.48610217888696894,0.49254906620222877,-0.08779964400093564,-0.4561841766047969,-0.7122274698788821,0.10880734734485548,-0.37985343466463584,-0.253459967704215,-0.5333977980804477,0.5516549777901623,1.251679925801449,-0.34459870942715737,-0.4629844511980867,-0.38980985305189025,-0.2499545015444614,-0.2866722648457805,-0.17079163649454457,-0.1063253659400359,0.35816345177194137,2.235472199099202,1.052204835792643,0.6760550203565057,-0.29728327927736653,0.9837043397032151,-0.31492858424765535,1.9403201373617807,-0.13128306834466427,-0.8156747633973614,-1.0140441103793345,2.212035754756483,0.857401182934566,1.9368995393705972,0.11432079251830517
-0.9708623372164027,-1.0056170043775716,-0.6168571307245673,-1.0052824710064932,1.0107588066319106,0.9380714012310101,-0.7283754756927084,0.9337982755755582,-0.264303337703508,-1.1591543541452827,-0.10405752862791624,-0.41771940642618743,-1.1129736262819958,-1.1716213070467152,-1.024434550208266,-0.8492253223030503,-0.7848015440279511,-0.6307757091167737,-0.5895153254103371,-0.37534986050975366,-0.2940340457415975,-0.23356334146055582,-0.16206515225047488,-0.11094448209491187,-0.02237594922424925,-0.007227049075581992,0.0147765452367621,-0.06373118891285652,-1.5212861963539286,-1.4938831332336584,-1.4737880399678427,-1.4471937015147582,-1.406227602868033,-1.391930416946255,-1.3523601043672284,-1.311415994991706,-1.2860516235623944,-1.2560439021424161,-1.2292627426516685,-1.185072812616972,-1.1720632643261866,-1.1688637113934741,-1.1609398009922343,-0.3583277641823712,-0.48045164036546517,-0.656642095293528,-0.8845900343163515,-0.9948533091357833,-0.9270323925314319,-1.1908746020253902,-0.9330189859988626,-0.4115193387732769,-0.8461145853740989,-0.6249129287962303,-0.7782206252341769,-0.23734706888812465,-0.8972528040517904,-0.7324676335264488,-0.8820173061983083,-0.7515186352562176,-0.9058559978493036,-0.3174967592946279,-0.8017744807194609,-0.9517480503803688,-0.9322082826409973,0.17668332259029967,-0.3985415078558268,-1.1067372736701202,-1.012370369204228,-0.34330473747987195,-0.4581263240423058,-0.6114556478364332,-0.6356892856597561,-0.6894465690535315,-0.6732305003957796,-0.43606554948914433,-0.9048262589484483,-0.8001556298013115,-0.5194256828789408,-0.8672538784174562,-1.0368474459452661,-0.8279676784464278,-0.9803273657945266,-0.8543562500915551,-1.0106335671201914,-0.599862430919479,-0.9791665881728715,-0.4696767579891446,-0.6648837244777099,-0.725879152834858,-1.0189338715346854,-1.1420388762516465,-1.0907708333393098,-0.5615501343424522,-0.6305455265315572,-0.34459870942715737,-0.4629844511980867,-1.2712696459412847,-1.1193614634382405,-0.8187785569029137,-0.8714752733952406,-0.6126366323211593,-0.8663269816364053,-0.7002856536575975,-0.8297875534299703,-0.9158517739795012,-0.7557000553411546,-0.5834316810652657,-0.6978204799894856,-0.33899425905145975,-0.707447004653536,-0.17624329772574054,0.008951209044962638,-0.3810452171557797,-0.8518711841000424,-0.9986306898545195,-1.1215796671390477
0.7373107620996631,1.1482351534101622,0.8674601621304954,0.6715857041502927,-0.6513271240927258,-1.2011065867932447,0.9894571201714756,-0.6934578371203612,0.1210971592968739,0.593820094467621,0.1934683740091779,0.42833231208532957,0.6606895231713841,1.1676670958805717,1.130456521096115,0.8775479034209216,0.7628291030799554,0.75633410631397,0.9394258777331282,0.8208431113099682,0.8686492947276961,0.819228293127528,0.881185514319393,0.9056179936043082,0.8528338798900256,0.9452876204543549,1.053031990591737,1.053893000790682,1.091077869185506,1.0176499627697575,1.0115335932719183,1.018131401935927,0.9563587917063671,0.9347146042849778,0.9658609382060729,0.883683732218446,0.9544211286164151,0.957237815164164,0.9558553456561135,0.8957732807456372,0.9637805891725922,0.9107525658443093,0.8303841852292327,-0.3583277641823712,-0.48045164036546517,1.4043095551482339,2.6478826484777316,1.782482184765352,2.432077469933323,1.4093575206235778,1.256637305560159,2.17733102310317,2.2283789117322144,4.54678027503464,3.5938053592274914,1.0888041756157243,1.3326223264906196,1.1018501471843798,1.2072360161321591,1.2856659894024005,1.6787962536645094,1.4601250680813895,1.5832277688026875,1.3872063199074907,1.5543711875878368,1.6604462106313636,1.7041795289684978,1.501954001922385,1.7855705927208243,-0.34330473747987195,-0.4581263240423058,-0.32132248160325017,-0.020754063739798538,-0.24117181674304292,0.22741230949823987,0.7932500168075817,1.6950525947408546,-0.10787967034812201,-0.15363294845715147,0.5441900466742445,1.055680194711174,0.6330622302146297,0.9450291627708283,1.1070939288916914,1.495460843327427,1.5849605633239365,0.625293911336613,1.365314310282147,1.607616054778548,1.2415961690173238,1.8569280943805377,1.1128495368364593,1.4338011498920067,2.1596179175372723,2.596126677467882,2.148621927255118,0.3118849231920165,1.5934746809492473,1.5509599195212238,1.243133324818477,0.1795501819558034,0.906297166822211,1.582653885180288,-0.19905870318692442,0.5389341841864758,0.37283467857821867,1.0321253713076188,-0.5834316810652657,-0.6978204799894856,0.22008285704990108,0.44488086796420756,0.7829039007816909,2.566439507605706,0.9269690784105827,1.360128349709451,2.5240055852156207,2.6633654905615955
-1.0887906055792274,-0.8465633065717082,0.6308487191205846,-2.0114033761005645,0.3230763528145746,0.5213967322593291,-1.013223967489421,0.524921500207867,1.714579983433067,-0.8085594644227019,0.10582373561690342,1.9200550789345832,-1.2742157307777577,-0.9148841182884043,-0.7025310691862534,-0.7748457323436563,-0.8721192264523272,-0.6338010304154231,-0.3409186824180256,-2.2346355335028667,-2.0902307447999293,-1.9294682694610943,-1.8556538966820786,-1.794213516531932,-1.7088338659828153,-1.6470912781680607,-1.5940608916773746,-1.568959095800192,-1.5212861963539286,-1.4938831332336584,-1.4737880399678427,-1.4471937015147582,-1.406227602868033,-1.391930416946255,-1.3523601043672284,-1.311415994991706,-1.2860516235623944,-1.2560439021424161,-1.2292627426516685,-1.185072812616972,-1.1720632643261866,-1.1688637113934741,-1.1609398009922343,-0.12430505980725125,0.3571975458258814,-0.656642095293528,-0.8845900343163515,-0.8970598058294054,-1.0908914102126395,-0.7786426801420172,-0.8042156747306848,-0.799846893054744,-0.8461145853740989,-0.6249129287962303,-0.7782206252341769,-0.7814091179153447,-0.7884784074399656,-0.8745626728772877,-0.7309869455479131,-1.0951401382106833,-1.0350886104249943,-1.0375461070925083,-1.1424890877940534,-0.9517480503803688,-0.9322082826409973,-1.0395157659679495,-1.0705451381811264,-0.9502157971345698,-1.1199834831244224,-0.34330473747987195,-0.4581263240423058,-0.6114556478364332,-0.6356892856597561,-0.6894465690535315,-0.6732305003957796,-0.8458374049213864,-1.0416619880899904,-0.9539947319020203,-0.7023220500898354,-0.7104267756294894,-1.0368474459452661,-1.030888499093797,-1.1636946542293223,-0.8141625988828821,-0.7192272403239567,-0.9854194299036112,-0.9791665881728715,-1.0363651761317494,-0.8305868333818122,-0.5768279920884807,-1.0189338715346854,-0.6834175040981334,-0.5989710963461962,-0.8089290481496999,-0.8994348768648438,-0.34459870942715737,-0.4629844511980867,-0.2638870254962625,-0.31205499882258847,-0.752265270395772,-0.6963043641700666,-0.6126366323211593,-0.8663269816364053,-0.7002856536575975,-0.8297875534299703,-0.789509964905215,-0.29728327927736653,-0.4528370126678923,-0.31492858424765535,-0.2099764630280688,-0.4605196033783053,-0.8156747633973614,-1.0140441103793345,-0.9776833168878046,-1.0026893341325078,-0.594995283336066,-0.34914187985320216
0.7373107620996631,2.1423207646968088,2.654412436430085,0.6715857041502927,-0.11148519780615246,-0.920223216191799,2.8579340884191695,-0.028482099277576934,0.1210971592968739,0.9444149841902016,-0.7219187612400655,1.0962678793312637,0.9831737321629077,2.6668288945228507,2.9461517756211024,2.7851656223794987,2.822322026468687,2.641109275372538,2.354846070492821,2.13783712968009,2.102137069392235,2.0330900447590214,2.0215352689033392,2.1356145821667845,2.091559606358707,2.190003842536598,2.233932933836502,2.292015755421826,2.2220523647788784,2.2802254695909947,2.319547028244585,2.3526864752379515,2.328454690693162,2.2946224298157585,2.121329321169749,2.114580775513858,2.0971239046981753,2.1008682424315044,2.0497094025055644,2.1164571488046646,2.024964838150692,1.991749547464273,2.0460083257719606,0.7961842440682207,7.178055204812561,3.007271949936271,3.2366280956100786,1.0196928589756036,2.554971733194229,1.06054589441457,2.5446704182419366,0.1781632436541361,1.613480212310952,3.1676620873464083,0.9705897685504902,0.8847809072305167,1.9852687061615688,0.27511537277949927,1.5596401909830813,1.592470902754602,2.8160432443305874,0.7625772624021928,1.92394237587728,0.928587815929479,1.4507637096616353,1.5388263017755386,3.0698643260812033,0.562825142709083,1.462731250960241,-0.34330473747987195,-0.4581263240423058,0.9842767664460734,1.8240516020200743,0.8346875888021298,1.803537226812774,0.6566593983301677,1.284545407316228,-0.10787967034812201,0.5779525203864271,0.07370873831034433,1.055680194711174,0.6330622302146297,1.4951310280752153,0.42380185834424905,1.6703046394051677,0.1712515670487853,1.694934244342936,0.6637000782960649,2.0337097633890964,0.3472892045390593,2.4960085312505873,0.4631359262856491,1.6797010183885634,2.0359284606336483,3.1339053781344552,0.011575667241739127,1.0867542975821196,0.7749763018376666,2.0477638977462402,0.11240745419706934,1.4057465465320214,1.4126084332033344,4.0316347519969815,0.3021682472837487,1.3943852701967545,0.06961433679993162,1.3071754369458917,-0.061053007475772095,0.8337471029778354,0.52112438110448,2.0087544093740024,-0.495959030561551,0.008951209044962638,0.8351786015287327,2.214764533226755,0.5425226804886668,1.7364401458185807
-0.5241643509935822,-0.3959111627884284,0.22730216617708565,0.3362120691189356,0.24243606507052215,0.454431160460309,-1.2591103290510313,-0.017942544734212088,-0.628292695981646,-1.334451799006573,-0.14613675978404048,-0.496882140322002,-1.4354578352735194,-1.2186133817747988,-1.2997817426527145,-1.3582150653585117,-1.4381786849275926,-1.3311375897541067,-1.2505237403031888,-1.1185389077654755,-0.9722659943486855,-0.9968956352749758,-0.8519203008156148,-0.8381607120052846,-0.734483337590066,-0.6436233129973302,-0.5975801992758384,-0.5698251616087985,-0.5950485981351614,-0.461839517873618,-0.44736750466232655,-0.40646822531758303,-0.30350022392772513,-0.3030790491573242,-0.27610822992824874,-0.26426155381140587,-0.32396108271329493,-0.26994552003138383,-0.19584261159500513,-0.16882592315573847,-1.1720632643261866,-1.1688637113934741,-1.1609398009922343,-0.26471868243232327,-0.24112330145365188,-0.656642095293528,-0.8845900343163515,-1.2295577170710905,-1.213785673473545,-1.1591644541882076,-1.0618222972670404,-0.2389293146481804,-0.3989155312495442,-0.6249129287962303,-0.7782206252341769,-1.1214478985573573,-0.9516400023577029,-0.5645371324754574,-0.4792696777972544,-1.1196845312788595,-1.1384747004855469,-1.060047649211192,-1.1424890877940534,-0.9517480503803688,-0.9322082826409973,-1.0516777568535318,-1.157255284029552,-1.1589110991819702,-1.1199834831244224,-0.34330473747987195,-0.4581263240423058,-0.6114556478364332,-0.6356892856597561,-0.6894465690535315,-0.6732305003957796,-0.3677702402504373,-0.08381188409919473,-0.8001556298013115,-0.3365293156680461,-0.5535996728415227,-0.6183419178139781,-1.0917647452880077,-1.1178528321206234,-0.33987751462053967,-0.44239122986753376,-0.5356029310887903,-0.9791665881728715,0.29940038091867616,0.32933492894690286,-0.725879152834858,-1.0189338715346854,-0.2247961319446204,-0.23831795588457955,-0.8089290481496999,-0.8994348768648438,-0.34459870942715737,-0.4629844511980867,-0.5786940943853319,-0.43625599337884263,-0.8187785569029137,-0.8714752733952406,-0.6126366323211593,-0.8663269816364053,-0.6286818035903585,-1.0008777706320262,-0.4104845376823562,-0.5723333449156394,-0.5834316810652657,-0.6978204799894856,1.3812430212604199,0.9387356705146691,-0.6558168969794562,-0.502546450667186,-1.1153690322105796,-1.0529620508099962,-0.7050776669320079,-0.9670921096818785
0.7373107620996631,0.319830477337957,-0.6216667331191624,0.6715857041502927,-1.1217288025996983,-0.8681388825703389,-1.026783451057076,-1.0826193399445658,0.1210971592968739,0.41852264960633057,0.5919310093529658,-0.12828066061961593,0.17696320968409862,-0.40370203709998204,-0.6147392107257046,-0.6508797490779995,-0.8916904311336529,-1.0301181205384928,-1.082397686950007,-0.9137023505713189,-0.8368680412384792,-0.6794241002328929,-0.5967529299879198,-0.5477142903769361,-0.4562497621956376,-0.4179730037309587,-0.38564974526814966,-0.4021313254178812,-0.32928435635081804,-0.3538688851639436,-0.32531187920932975,-0.3884593145272859,-0.3970309600549777,-0.3946646782236829,-0.383551310455998,-0.39002712127854583,-0.3336524709452914,-0.2934447753861922,-0.31412043778946036,-0.235840534397339,-0.23384163467412047,-0.20470854971532634,-0.16277823802431907,-0.3583277641823712,-0.48045164036546517,-0.4276474674666656,-0.8845900343163515,1.000134158314328,0.3838397489182286,-0.14443972339836644,-0.22460077402388498,1.2280858904151397,0.38368281346842653,-0.2801333818741722,0.09618457165815668,0.44273049239590045,-0.24460642438084115,1.6185593811874301,0.8044883877311052,-0.01518684321093394,-0.28553945748598847,-0.27249367505726035,-0.26636581245938684,-0.8600243495847664,-0.8286008047147959,-0.30979631283299996,-0.20344367969686886,-0.532825193039769,-0.4743047996032565,-0.34330473747987195,-0.4581263240423058,-0.4663890647198417,-0.6356892856597561,-0.5997916185914338,-0.44806979792227475,0.3834781613753397,-0.6311548006653638,-0.33863832349918516,0.029263418753743168,1.1714984578261116,1.055680194711174,-0.5438785295401111,-0.4760673225988384,1.4045269478358724,0.6066715465989111,-0.6641219307501677,-0.6226198105040971,1.311343984744756,0.7317567648568652,-0.6960689206855826,-0.8591637623171731,1.256168715634432,0.5649549478708393,0.5516549777901623,-0.36165617619827056,-0.34459870942715737,-0.4629844511980867,0.5546113536153181,0.4952514657930635,-0.552725410874347,-0.5211334549448926,0.3999859004410875,0.35816345177194137,-0.6286818035903585,-0.6586973362279146,1.5857160456913668,0.7112336280629672,-0.5834316810652657,-0.6978204799894856,0.9511837011824499,0.3625717342057973,-0.33610116414364577,0.008951209044962638,-0.4498880748171672,-0.399416734002646,2.450617329484993,0.8867585798041507
-1.5533565112509606,-1.2044341266349008,1.681141575082007,-1.7878209527463265,1.6603611245701109,1.6319091312597467,0.3550173276753455,2.1778673279531753,-0.38227047700971445,0.24322520474504025,-0.9520016394081515,0.13332743655170848,0.33820531417986044,-0.5698935208944242,0.09557673500055429,0.5902385069111054,0.8094988988585012,0.9121381531944135,0.8675771369839053,0.8812436345851682,0.8872820405685502,-1.9294682694610943,-1.8556538966820786,-1.794213516531932,-1.7088338659828153,-1.6470912781680607,-1.5940608916773746,-1.568959095800192,-1.5212861963539286,-1.4938831332336584,-1.4737880399678427,-1.4471937015147582,-1.406227602868033,-1.391930416946255,-1.3523601043672284,-1.311415994991706,-1.2860516235623944,-1.2560439021424161,-1.2292627426516685,-1.185072812616972,-1.1720632643261866,-1.1688637113934741,-1.1609398009922343,-0.3271247369323552,-0.36078747090955854,-0.656642095293528,-0.8845900343163515,-1.1904403157485393,-0.7222086204299224,-1.1591644541882076,-0.9330189859988626,-1.576502001617678,-1.3212635803814383,0.06464616504788588,0.09618457165815668,-0.5093780934017347,-0.24460642438084115,-1.4558605611307194,-1.158906300724033,-0.9601459763357146,-0.5956977276676461,-1.060047649211192,-0.8991215113122016,-0.8141624991869653,-0.6213858488623931,-0.8692478935697945,-0.5502842630905719,-0.8458681461108697,-0.7971441413638395,-0.34330473747987195,-0.4581263240423058,0.549077017096299,0.9016487691401379,0.38641283649164115,1.5783765243392691,-0.9824280233988003,-0.9048262589484483,-1.1078338340027292,-1.0681147845116246,-0.7104267756294894,-0.6183419178139781,-0.9903043349643231,-0.8428018994684298,-1.4331448274964476,-1.1854773631979323,-0.6641219307501677,-0.44434642166970995,-1.3332019665873995,-1.0673055603876724,-0.6364484563870316,-0.6993936530996606,-1.428677233847592,-1.1235574824721841,-0.43786067743882834,-0.36165617619827056,-0.34459870942715737,-0.4629844511980867,-1.2083082321634708,-0.8088589770476051,-0.552725410874347,-0.3459625457197186,-0.6126366323211593,-0.8663269816364053,-0.6286818035903585,-0.8297875534299703,-1.2948772012023602,-1.122433476192185,-0.061053007475772095,0.4508552072360051,-1.5861662872775724,-1.612847475996049,-0.8156747633973614,-1.0140441103793345,-1.0006309361082673,-0.8015984674225538,-0.8885483062585777,-0.4263856585817867
-1.131673612256618,-1.2044341266349008,-0.999915716331314,-0.5581176242980168,0.8875583670229417,0.9864354253080803,1.1548425621208247,0.7643200463427907,-0.7747899609233116,0.593820094467621,-0.6593637431633598,-0.8817588531444156,0.6606895231713841,0.4960242717182052,0.6954877678143048,0.6617012502054251,1.0850012416802395,0.9953344889072716,1.2023922688752844,0.9232613899070464,1.0450392886877813,1.211399012885395,1.0121563772221036,1.1399554474180893,1.278179460665416,1.1428616239594729,1.1956774884815273,1.191462195749698,1.2505364142561122,1.3435072777043602,1.3921164883851997,1.3773617803318556,-1.406227602868033,-1.391930416946255,-1.3523601043672284,-1.311415994991706,-1.2860516235623944,-1.2560439021424161,-1.2292627426516685,-1.185072812616972,-1.1720632643261866,-1.1688637113934741,-1.1609398009922343,0.047311590067836744,0.3571975458258814,-0.656642095293528,-0.8845900343163515,-0.9948533091357833,-0.88606763811113,-0.6200919409561045,-0.5466090521943293,-0.799846893054744,-1.2374137577330844,-0.6249129287962303,-0.7782206252341769,-0.7814091179153447,-0.6253168125222283,-0.9262335962775927,-0.7813303990980449,-0.42016932883583996,-0.6990838177281986,-0.880035312261722,-0.8017744807194609,-0.49312954640235707,-0.6213858488623931,-0.3827682581464949,-0.5719617995526782,-1.00238962264642,-0.9047572552840337,0.06177459877956396,1.0563408628744078,0.549077017096299,-0.32822167469977737,0.5657227374158367,0.22741230949823987,-0.7092467864439723,-0.4943190715238215,-0.10787967034812201,-0.3365293156680461,-0.7104267756294894,-0.6183419178139781,-0.7670914322522171,-0.6135927889249352,-1.1437505387940015,-1.0980554651590617,-0.02152693244328077,-0.8008931993384844,-0.9284245250569675,-1.0673055603876724,-0.4873972956406542,-0.37985343466463584,-0.970055861694079,-1.0415908596399985,-0.5615501343424522,-0.36165617619827056,-0.34459870942715737,-0.4629844511980867,0.17684287094843473,-0.6846579824913509,-0.552725410874347,-0.6963043641700666,-0.1063253659400359,0.35816345177194137,-0.7718895037248367,-0.6586973362279146,-1.4212190102766464,-1.2599585090113214,-0.4528370126678923,-0.31492858424765535,-0.9840832391684146,-1.3659200747208182,0.14347243511006993,0.5204488687571113,-0.4957833132580922,-0.5502348840351114,-0.9619365619892056,-0.8126045522247095
0.7373107620996631,1.0753355419158082,0.7364169953485261,0.6715857041502927,-0.8170877155666113,-0.6393398455903534,-0.6710580982675286,-0.8062416972267112,0.1210971592968739,-0.10736968497754047,0.25808393649735983,0.37935037048729436,0.0157211051883368,-0.20083381205435258,-0.35668435403863674,-0.5371227291401027,-0.6658688386568182,-0.9151559111898161,-0.829490119512742,-0.740379109868571,-0.4567600260850564,-0.3887975846980449,-0.3935222806561274,-0.37498668357522874,-0.2867511473001812,-0.2495151691634371,-0.179832669741452,-0.10389737722205826,-0.1314376430224735,-0.10582824245252959,-0.12925402415097273,-0.15718698648346915,-0.07715584249977389,-0.1606125150540996,-0.11767521287885582,-0.13314426006906846,-0.003264235763595095,-0.02189782461951779,0.04071304079390529,0.049183634934025326,0.08704026918354307,0.02477214700493029,0.08717874769385671,-0.2803201960573313,-0.12145913199774522,-0.656642095293528,-0.8845900343163515,0.8436645530241231,0.62962827544004,-0.5566716452817394,-0.6110107078284183,1.2712333964464138,1.613480212310952,0.06464616504788588,0.09618457165815668,-0.5433819714659359,-0.4621552176044909,0.37845721958010936,0.32622557900485355,-0.1869975946881668,-0.28553945748598847,-0.15998596446384156,-0.41238635834849796,-0.7224387983913629,-0.8286008047147959,0.359113185874037,0.23010704954525987,-0.06326076343311818,-0.25907857176286786,-0.34330473747987195,-0.4581263240423058,-0.6114556478364332,-0.6356892856597561,-0.6894465690535315,-0.6732305003957796,-0.3677702402504373,0.05302384504234753,0.9689940443568394,0.7608488875973217,0.7010171494622113,1.055680194711174,-0.23949729856905744,-0.38438367838144055,1.1553263103420992,1.218624832871004,-0.7283814305808564,-0.44434642166970995,1.4597623799725812,2.057381636089682,-0.09986427770007292,-0.22008332544712342,0.5873458812438922,0.9420014128988932,-0.43786067743882834,-0.36165617619827056,-0.34459870942715737,-0.4629844511980867,0.6490534742820389,0.2468494766805552,0.11240745419706934,-0.17079163649454457,-0.6126366323211593,-0.8663269816364053,0.01575284701479263,-0.14542668462174735,1.4846425984319378,1.3071754369458917,-0.5834316810652657,-0.6978204799894856,1.7682964093305926,2.831845746958105,-0.33610116414364577,0.5204488687571113,-0.6564166478013297,-0.8518711841000424,1.276405237794946,0.7322710223469816
0.7373107620996631,0.763855383712659,0.17650528273465377,0.6715857041502927,-1.1374088585499307,-1.0839168361449594,-1.0541010919442937,-1.1198882068274754,0.1210971592968739,0.41852264960633057,1.2380866342347852,0.17006389275023492,0.49944741867562226,-0.2696027019003287,-0.6360220855040194,-0.878393788953793,-1.0527765004337948,-0.9605357306695569,-0.9387002054515609,-0.8441104433194581,-0.8120243801173406,-0.6607493040539468,-0.6272375273876887,-0.7182415454996407,-0.5020890102491258,-0.4096540983202169,-0.44067015159706885,-0.5105800338527259,-0.43854298908438144,-0.41028597252575544,-0.45505604799794835,-0.4292163231579585,-0.35587743615898654,-0.30862969334316415,-0.3689827571640998,-0.4007305738289407,-0.38651458857436277,-0.36916459819613023,-0.26922666434338977,-0.2231162411236174,-0.21278639163884072,-0.19125913159252741,-0.16194504807192517,-0.26471868243232327,0.1178692069140681,0.9463202994945089,-0.2958445871840044,1.0196928589756036,0.957346310802455,0.2677921984850065,0.5482190935851815,1.6739434527383055,1.5016804487798132,-0.6249129287962303,-0.7782206252341769,-0.033323800502917125,-0.2989936226867536,0.9726728386836172,0.9303470216064346,-0.5428912941767206,-0.5181581601222317,-0.5200106383627817,-0.3637128430521276,-0.8141624991869653,-0.6213858488623931,-0.6381700667437272,-0.48525165370425255,-0.7936943205990196,-0.3666916856830622,-0.34330473747987195,-0.4581263240423058,-0.6114556478364332,-0.6356892856597561,-0.5997916185914338,-0.44806979792227475,-0.8458374049213864,-0.4943190715238215,-0.2617187724488308,0.029263418753743168,0.5441900466742445,0.637174666579886,-0.5032943654106373,-0.5219091447075374,1.8868507623399495,1.2040545165311922,-0.02152693244328077,0.09047374483345154,0.7041778224491081,0.6370692740545212,-0.6960689206855826,-0.8591637623171731,1.4281517301919995,1.1715079568290128,-0.43786067743882834,-0.36165617619827056,-0.34459870942715737,-0.4629844511980867,0.33424640539296946,0.5573519630711906,-0.552725410874347,-0.5211334549448926,0.3999859004410875,0.35816345177194137,-0.1274548531196854,-0.3165169018238031,2.7480606891748005,2.2240089890734676,1.3754883448953352,1.5995308944614957,1.3812430212604199,1.4325904730651307,-0.6558168969794562,-0.502546450667186,-0.8858928400059547,-0.8015984674225538,3.367970526117842,3.5902908353046104
0.7373107620996631,-0.17721232830536623,-1.5151428702689576,0.6715857041502927,-0.7342074198296685,-0.7751311439605887,-0.4913080212296382,-0.6844195207329457,0.1210971592968739,0.06792775988374988,1.0980862488437235,-0.46224844424258316,0.17696320968409862,-0.11945729240328087,-0.351363635344058,-0.39273881921892595,-0.48521156467535054,-0.5369907488586427,-0.5277254083660053,-0.5407947720896493,-0.48284587026225206,-0.28958772999739396,-0.2512608261238727,-0.19125731837850826,-0.23344969607519495,-0.23183749516561078,-0.171681498433464,-0.14205525611579992,-0.016273138249258016,0.014787599493412929,0.0293221821462278,-0.05482054620177979,0.026663274601476467,0.12709587524526955,0.12634805476043906,0.1166029661068123,0.20377905828360124,0.14868936240057254,0.15553749980020123,0.13316397054058804,0.11314877054728997,0.14497632147744566,0.08551236778906887,-0.3583277641823712,-0.48045164036546517,-0.4276474674666656,-0.2958445871840044,2.1345387966683127,1.1212053284836627,1.536198111972308,0.0330058485124705,1.1417908783525914,0.4954825769995652,-0.6249129287962303,-0.7782206252341769,-0.06732767856711838,-0.24460642438084115,1.3472870333358287,-0.07652204939620041,0.7211449488343498,-0.02707423233460718,1.595134320793492,0.36638988639342795,0.01135080797345573,-0.2069559371575874,0.6388389762424344,-0.13841107031054956,0.4584774916853828,-0.4743047996032565,-0.34330473747987195,-0.4581263240423058,-0.32132248160325017,-0.020754063739798538,-0.6894465690535315,-0.6732305003957796,0.3151828521366327,-0.767990529806906,1.3535917996086113,0.2121597859646378,2.7397694857057786,1.055680194711174,1.3229930204156846,-0.24685821205534378,1.7823472691973994,0.4901090158804173,1.3921820638318705,0.2687471336678387,1.3518217288977994,-0.07308690696305947,0.7944426867781916,-0.060313216229611,0.7593288958014596,-0.32028457871676513,-0.43786067743882834,-0.36165617619827056,-0.34459870942715737,-0.4629844511980867,0.23980428472624862,-0.31205499882258847,0.910566892282769,0.1795501819558034,-0.6126366323211593,-0.8663269816364053,1.7342452486285291,0.19675374978236418,1.7373262165805103,-0.20559992406460892,1.7672723500874554,0.06796331149417485,1.080201497205841,0.5271900017226178,1.2624775000354067,-0.502546450667186,1.7760309895676953,0.2038558661272158,0.10219314610489925,0.11432079251830517
0.7373107620996631,0.7373464340783484,0.1288532220866652,0.6715857041502927,0.9883587267030072,1.0161979016632003,-0.6187075646400249,0.6996859989152773,0.1210971592968739,0.24322520474504025,1.3027021967229666,0.1522522776236767,0.33820531417986044,-0.7704694496118546,-0.8834355048019298,-0.993609232224227,-0.97750263627485,-0.9983522469026742,-0.9760615506411568,-0.9110762408637015,-0.6381187522693693,-0.45766089560790846,-0.41836158224112424,-0.3067757815261469,-0.26436453778568697,-0.2162395475204699,-0.2715333469563173,-0.14004694670033982,-0.08714360272508292,-0.06886532314651495,-0.017770145784455994,-0.10126457929254626,-0.0668674615257761,-0.06255113443759437,0.06534223785061534,0.17903977265078247,0.11919967007708698,0.12083839309117005,0.24359836309826277,0.35795981837633667,0.3135946842431533,0.4467476406077465,0.41462239898466696,-0.3583277641823712,-0.48045164036546517,0.25933641601392166,0.29290085994834275,1.9585104907168325,1.694711890367889,1.0288357465773874,0.4838174379510926,1.3431459064985374,1.5016804487798132,-0.6249129287962303,-0.7782206252341769,0.3747227362674979,0.24487836037237085,1.166438801434761,1.0058622019316321,0.573878590425293,0.5157027404832936,0.8075803466395602,0.5124104322825391,0.3782456111558651,0.00025901869481545205,1.028022684581074,0.5552700964768564,0.14543453861428224,0.17137388391790936,-0.34330473747987195,-0.4581263240423058,-0.4663890647198417,-0.32822167469977737,0.5657227374158367,0.6777337144452497,0.4517734706140467,0.7372024907500588,0.6613158401554219,0.7608488875973217,0.5441900466742445,1.055680194711174,0.2880968351141023,0.34908547535774226,1.9350831437903573,1.7140155884246029,0.8138465653556722,-0.2660730328353228,1.2034033336699743,1.1578504734674135,0.2280482759419574,0.4189971114229262,1.5332524613105127,1.2206879305283242,-0.06679230672795687,-0.09276682586498394,-0.34459870942715737,-0.4629844511980867,1.15274478450455,0.8057539521836989,0.24543402721135263,0.3547210911809774,2.4252309659655813,1.582653885180288,0.1589605471492707,0.19675374978236418,0.7518601058010774,0.757075305669346,-0.5834316810652657,-0.6978204799894856,0.6501421771278709,0.8564265367562588,1.5821932328712172,2.566439507605706,0.5368595516627203,0.25412858280470424,1.9735936672359113,1.6591963670899963
-0.9780095049959677,-1.184552414409168,-1.3960127186489848,-0.5581176242980168,0.25811612102075454,0.4674522438656741,-1.2340263155792601,-0.0802214651166522,-0.6070549268037124,-1.6850466887291538,1.426548691491982,-0.8606661510208597,-1.757942044265043,-1.2254902707593964,-1.2665272508115974,-1.152577375470775,-1.0723477051151205,-0.9847383010587519,-0.8970279358170116,-0.8244146205123276,-0.6927748067358745,-0.6187310126513181,-0.7141750829351777,-0.805155436820245,-0.6897101185610776,-0.6197064599414476,-0.6250904024402979,-0.582879172809289,-0.49366446145446746,-0.4647576430819875,-0.46754993091833386,-0.31073664690600317,-1.406227602868033,-1.391930416946255,-1.3523601043672284,-1.311415994991706,-1.2860516235623944,-1.2560439021424161,-1.2292627426516685,-1.185072812616972,-1.1720632643261866,-1.1688637113934741,-1.1609398009922343,-0.3583277641823712,-0.48045164036546517,-0.656642095293528,-0.8845900343163515,-0.818825003184303,-1.3366799367344508,-1.06403401067666,-1.190625608535218,-0.3108418247003039,-0.9020144671396683,-0.6249129287962303,-0.7782206252341769,-0.951428508236351,-1.0060272006636153,-0.5645371324754574,-1.0582193936237694,-1.2669508896879162,-1.2677073130612375,-1.2175584440419784,-1.1911626030904239,-0.9517480503803688,-0.9322082826409973,-1.1124877112814444,-1.1355777475674456,-1.1589110991819702,-1.1199834831244224,-0.34330473747987195,-0.4581263240423058,-0.6114556478364332,-0.6356892856597561,-0.6894465690535315,-0.6732305003957796,-0.16288431253431632,-0.9048262589484483,-0.4155578745495396,-0.5194256828789408,-0.23994546726558916,-0.6183419178139781,-1.1729330735469554,-1.1636946542293223,-0.29968386341186654,-0.8066491383628271,-0.9854194299036112,-0.9791665881728715,-0.2537954558395809,-0.6175399790765379,-0.4873972956406542,-0.8591637623171731,-0.8745097424954305,-1.1563441316050582,0.18058660707929078,-0.6305455265315572,-0.34459870942715737,-0.4629844511980867,-1.019423990830029,-1.1814619607163674,-0.8187785569029137,-0.8714752733952406,-0.6126366323211593,-0.8663269816364053,-0.9867010539265537,-1.0008777706320262,-0.5115579849417852,-0.8473834105539122,-0.5834316810652657,-0.6978204799894856,-0.5970298510982417,-0.8720652721703566,-0.8156747633973614,-1.0140441103793345,-1.1153690322105796,-1.0529620508099962,-0.48491289974012414,-1.1988234458676321
-1.9464507391270427,-1.7478675941382675,-0.13906805767906902,-2.0114033761005645,1.6043609247478523,1.5854052619548715,-1.0231576550847727,2.295840987970048,-1.2500392242621765,-1.860344133590444,1.153471016690737,-1.1079194925803195,-1.5966999397692814,-1.1315061213032291,-1.132179103773485,-1.1438268354755523,-0.7245824527007952,-0.26471183198019793,0.20944267172102257,-2.2346355335028667,-2.0902307447999293,-1.9294682694610943,-1.8556538966820786,-1.794213516531932,-1.7088338659828153,-1.6470912781680607,-1.5940608916773746,-1.568959095800192,-1.5212861963539286,-1.4938831332336584,-1.4737880399678427,-1.4471937015147582,-1.406227602868033,-1.391930416946255,-1.3523601043672284,-1.311415994991706,-1.2860516235623944,-1.2560439021424161,-1.2292627426516685,-1.185072812616972,-1.1720632643261866,-1.1688637113934741,-1.1609398009922343,-0.3583277641823712,-0.48045164036546517,-0.656642095293528,-0.8845900343163515,-1.3664686217000197,-1.254750427893847,-1.4445557847228505,-1.3838305754374847,-1.720327021721925,-1.516913166560931,-0.6249129287962303,-0.7782206252341769,-1.2234595327499609,-1.1148015972754401,-1.6625442547319393,-1.561653929125087,-1.3037674792901803,-1.2418607905460992,-0.9925430228551408,-1.0451420572013128,-0.3555439952089536,-0.8286008047147959,-1.3800515107642592,-1.200610356953765,-0.6893466695753193,-1.012370369204228,-0.34330473747987195,-0.4581263240423058,-0.6114556478364332,-0.6356892856597561,-0.6894465690535315,-0.6732305003957796,-1.3239045695923353,-1.315333446373075,-1.2616729361034378,-1.4339075189334138,-0.8672538784174562,-1.0368474459452661,-1.0714726632232707,-1.1178528321206234,-1.6501905440232822,-1.5497352716932256,-0.9854194299036112,-0.9791665881728715,-1.6975016639647882,-1.5880867598005648,-0.4873972956406542,-0.8591637623171731,-1.6579879199243486,-1.5497839211995492,-0.8089290481496999,-0.8994348768648438,-0.34459870942715737,-0.4629844511980867,-1.649038128608168,-1.55406494438513,-0.8187785569029137,-0.8714752733952406,-0.6126366323211593,-0.8663269816364053,-0.9867010539265537,-1.0008777706320262,-1.5222924575360754,-1.5350085746495943,-0.5834316810652657,-0.6978204799894856,-1.6291722192853695,-1.5305383422376386,-0.8156747633973614,-1.0140441103793345,-0.8170499823445672,-1.0026893341325078,-1.475654352103601,-1.430554782053386
0.7373107620996631,1.3603067504846469,1.2486766473144082,0.6715857041502927,-0.2817258052658187,-0.31753307000061765,0.29688042102354917,-0.2470932340917091,0.1210971592968739,0.593820094467621,-0.06499387594354984,0.5708252330977953,0.6606895231713841,0.5556239762513845,0.3882162632023838,0.1177093471690725,0.1320341214279974,0.21631425450505454,0.2697956139503699,0.3455172542312203,0.3282996653429282,0.3511912138926925,0.27036450716106125,0.2345107315085027,0.2686499744641759,0.315130535590663,0.3856548397502173,0.409225678427994,0.3351262481100405,0.3143817875526895,0.30899294597947236,0.303461994784133,0.4896404184313767,0.4786366736817978,0.6207683321042342,0.7400790771673146,0.6804191522390617,0.6648026374154377,0.7201630350642428,0.6921845883660913,0.6858513811068995,0.715736003063725,0.7812259780379914,-0.21791414155729924,-0.24112330145365188,2.091293438628821,1.470391754213037,0.7849884510402964,1.5308528726866815,1.3142270771120304,1.9650555175351367,1.055495866290043,2.172479029966645,-0.6249129287962303,-0.7782206252341769,0.8507770291663155,1.1694607315728824,1.0760146854842272,1.9372160926090696,0.8684113072434065,1.420331028513128,0.8750849729956116,1.3885337076172057,0.6075548631448708,0.621903886252024,0.6266769853568518,1.3139838726505817,0.7715204447564834,0.8170525674390753,-0.34330473747987195,-0.4581263240423058,-0.17625589848665868,-0.020754063739798538,-0.5101366681293361,-0.44806979792227475,0.4517734706140467,1.4213811364577702,1.1997526975079025,1.8582270908626894,-0.23994546726558916,0.21866913844859798,0.3895572454377868,1.082554629096925,0.9141644030900608,1.8014374864634735,1.1351440645091158,1.5166608555085488,1.0010146129047583,1.4419129458744457,0.2578585080912329,1.2178476575104884,0.7402196719617299,1.4993744481577551,0.5516549777901623,0.9827905754681625,-0.34459870942715737,-0.4629844511980867,0.1453621640595278,0.867854449461826,-0.22015897833863887,0.3547210911809774,-0.1063253659400359,0.35816345177194137,0.37377209735098776,0.8811146185905873,0.6507866585416484,1.5822255025841645,0.4613256661137215,0.8337471029778354,0.52112438110448,0.9387356705146691,0.14347243511006993,1.03194652846926,0.6057024093241077,1.05849204964452,0.8727698312764924,2.045415260732919
0.7373107620996631,-0.13744890385390038,-1.443664779296974,-1.5642385293920884,2.464523994017745,2.2997046944777533,-0.16121158243609846,2.4937837284536584,4.073922769557199,0.593820094467621,-0.8080728445576414,1.9334137902795019,0.6606895231713841,-0.9802145636420817,-0.6320315464830855,-0.38836354922131455,-0.13142440312830964,0.015130388144870327,0.23961914283569624,0.36521307703835076,0.4077993809305722,0.6674955741735913,0.8518299760825785,-1.794213516531932,-1.7088338659828153,-1.6470912781680607,-1.5940608916773746,-1.568959095800192,-1.5212861963539286,-1.4938831332336584,-1.4737880399678427,-1.4471937015147582,-1.406227602868033,-1.391930416946255,-1.3523601043672284,-1.311415994991706,-1.2860516235623944,-1.2560439021424161,-1.2292627426516685,-1.185072812616972,-1.1720632643261866,-1.1688637113934741,-1.1609398009922343,0.12531915819287673,-0.0017949625418385616,-0.19865283963980318,0.29290085994834275,1.528219076168769,0.4657692577588324,1.536198111972308,0.6770224048533592,0.8253758341232479,-0.1473660633044822,-0.6249129287962303,-0.7782206252341769,1.7008739807713469,1.495783921408357,0.3526217578799568,-0.6051283116725837,1.7151928680954827,1.187712325876885,1.1901065626571843,0.8531250393571317,2.304443327863514,1.657978665514038,1.8550380648006835,1.0755309715674108,1.032389572315734,1.2475050231198526,-0.34330473747987195,-0.4581263240423058,0.11387726774652436,0.2867135472201803,0.8346875888021298,0.45257301197174477,-0.2311796217730233,-0.767990529806906,-0.8001556298013115,-0.88521841730073,1.328325560614078,1.055680194711174,1.0186117894446312,0.9450291627708283,0.005787885774048916,-0.6755162913045215,2.9344100597683993,1.8732076331773233,-0.3752286882987105,-0.8069149606812261,2.225333829943415,1.3776177667280005,0.43447209052605457,-0.3694645524160765,0.5516549777901623,0.713901225134876,0.18966285557618737,1.0867542975821196,0.11388145717062086,-0.3741554961007155,2.706425627975593,2.1064301834327175,-0.6126366323211593,-0.8663269816364053,1.018206747956139,1.2232950529946989,0.1959561458742179,-0.38896663449012414,0.2001363293189747,0.06796331149417485,0.6931481091356679,-0.21359220210307453,-0.495959030561551,-0.502546450667186,2.349721470079258,1.9634009498393126,0.2856637854314691,-0.04016676493886393
-1.4282810751085708,-1.2972154503549878,-0.1420757619067984,-1.117073682683612,1.6066009327407427,1.5872654167270666,-0.31662412486537705,1.5680447556060424,-0.828286848881722,-0.6332620195614115,-0.12805511218631152,-0.7516871900491546,-0.46800520829894865,-1.1188984914981335,-0.7477571780901725,-0.5881675457789025,-0.331652881791103,-0.08167989341191005,-0.016162374231537633,0.05927129610092466,0.14445657304650145,0.1947897958940193,0.24326708725015558,0.211407038878975,0.2867724678806712,0.2548184713627849,0.33572891548879064,-1.568959095800192,-1.5212861963539286,-1.4938831332336584,-1.4737880399678427,-1.4471937015147582,-1.406227602868033,-1.391930416946255,-1.3523601043672284,-1.311415994991706,-1.2860516235623944,-1.2560439021424161,-1.2292627426516685,-1.185072812616972,-1.1720632643261866,-1.1688637113934741,-1.1609398009922343,-0.3583277641823712,-0.48045164036546517,-0.4276474674666656,-0.2958445871840044,-1.0926468124421613,-0.9679971469517338,-1.0323238628394775,-1.0618222972670404,-1.375146973471732,-1.1256139942019456,-0.6249129287962303,-0.7782206252341769,-0.3393587030807284,-0.6797040108281407,-1.0683286356284316,-1.1085628471739013,-0.7760630283243938,-0.802469907788751,-0.6325183489562006,-0.6070804195339795,-0.8600243495847664,-0.7249933267885945,-0.857085902684212,-0.7453820912495298,-0.42847754201606886,-0.4743047996032565,-0.34330473747987195,-0.4581263240423058,-0.6114556478364332,-0.6356892856597561,-0.6894465690535315,-0.6732305003957796,-0.9824280233988003,-1.0416619880899904,-0.5693969766502484,-0.3365293156680461,-0.8672538784174562,-1.0368474459452661,-0.8685518425759017,-0.8886437215771287,-1.1919829202444092,-1.1417664141784971,0.8138465653556722,0.09047374483345154,-1.2792316410500086,-1.1383211784894305,-0.6364484563870316,-0.8591637623171731,-1.170702712011241,-1.1727374561714954,-0.8089290481496999,-0.8994348768648438,-0.34459870942715737,-0.4629844511980867,-1.082385404607843,-1.2435624579944946,-0.02061911881721394,-0.3459625457197186,-0.6126366323211593,-0.8663269816364053,-0.6286818035903585,-0.6586973362279146,-1.1432670303132166,-1.0307501209794274,0.0695416609216013,0.06796331149417485,-0.8550654431450236,-0.9543744059287669,-0.8156747633973614,-1.0140441103793345,-0.7252595054627172,-0.49996216735762294,-1.2187954570464032,-1.1215796671390477
0.5693523192798826,0.7506009088955038,0.45010911302891793,0.6715857041502927,-0.9649282430973741,-0.8327959418986338,-0.7156603555706582,-0.9392367284814669,0.004982906995476876,0.06792775988374988,0.8069586724804148,0.16115808518695582,0.0157211051883368,-0.08048825482389442,-0.28086411264089,-0.43649151919504015,-0.6508140658250292,-0.6912821350897614,-0.5981371743002439,-0.542107826943458,-0.5958845283634334,-0.4880074393986958,-0.4725564220629356,-0.4541993440193238,-0.35391097584366393,-0.3243853178601134,-0.2715333469563173,-0.2013003838718725,-0.19935517147847237,-0.22741679280126195,-0.19845091417156932,-0.2434401907948926,-0.2586054705866439,-0.23462110419863186,-0.1677546148197559,-0.15901093706585612,-0.1089884710217379,-0.12372793115702069,0.0035893435211930714,0.026279907041326406,0.08872468862636546,0.09285982625159983,0.08801193764625062,-0.21791414155729924,-0.24112330145365188,-0.4276474674666656,-0.2958445871840044,0.2764622338471307,0.30191024007762485,-0.651802088793287,-0.4178057409261516,0.9260533481962209,1.0544813946552587,-0.6249129287962303,-0.7782206252341769,-0.06732767856711838,-0.13583202776901626,1.41187568758621,0.8800035680563028,-0.6042522768471609,-0.3630790250314029,-0.5875152647188331,-0.7044274501267203,-0.9517480503803688,-0.9322082826409973,-0.48006418523115485,-0.37686397139372035,-0.6893466695753193,-0.3666916856830622,0.06177459877956396,-0.4581263240423058,-0.4663890647198417,-0.32822167469977737,-0.5997916185914338,-0.44806979792227475,0.1785922336592187,0.6003667616085165,0.8151549422561306,0.9437452548082164,-0.8672538784174562,-1.0368474459452661,-0.8685518425759017,-0.705276433142333,1.3643332966271993,1.2623357818904393,-0.792640930411545,-0.6226198105040971,0.8660887990612809,1.0868348553656555,0.16842781164340645,-0.5396235438821483,1.2752779394741618,1.4338011498920067,-0.43786067743882834,-0.09276682586498394,-0.34459870942715737,-0.4629844511980867,1.5305132671714332,1.5509599195212238,-0.2866722648457805,-0.5211334549448926,-0.6126366323211593,-0.8663269816364053,-0.6286818035903585,-0.8297875534299703,1.4846425984319378,1.3530171145522705,-0.5834316810652657,-0.6978204799894856,2.7574328455099235,2.173372676890823,-0.495959030561551,0.008951209044962638,-0.8858928400059547,-0.8518711841000424,0.8360757034111784,0.5005396861612279
-0.9887302566653154,-1.0122442417861492,-0.5838983412017897,0.6715857041502927,-0.2794857972729284,0.021015098538873084,-1.0169987687756545,-0.42559891131047284,-1.0721620718004619,-1.334451799006573,0.08964862691985913,-1.023314320729168,-1.1129736262819958,-0.6077164103097111,-0.8834355048019298,-1.0504877421931753,-0.9473930906112721,-1.1012131710567534,-1.0349775180555196,-1.0029900806303103,-0.9151255737700663,-0.6233997116960547,-0.36755391990817615,-0.23526435195856107,-0.3016755536431774,-0.38365751891164873,-0.4223300161540958,-0.46740138142033405,-0.39523326079359955,-0.4015315969006467,-0.44544536882842106,-0.48324305552885005,-0.4596965532602369,-0.40761618132397603,-0.3280087010306361,-0.2919121395665927,-0.2693368944965878,-0.2447055790947378,-0.272680031531549,-0.3266071597498866,-0.11256343479090905,-0.07189554575268697,0.08717874769385671,-0.3583277641823712,-0.48045164036546517,-0.656642095293528,-0.8845900343163515,-0.4276509899587909,-0.9270323925314319,-1.0323238628394775,-1.126223952901129,-0.598491864908798,-0.8740645262568836,-0.2801333818741722,0.09618457165815668,-0.951428508236351,-0.9516400023577029,-0.7970562877768301,-1.0330476668487036,-1.1442289243470356,-1.164321223000685,-0.9025368543804058,-1.0451420572013128,-0.9517480503803688,-0.9322082826409973,-1.0151917841967844,-0.9838349923327006,-0.9502157971345698,-0.7971441413638395,-0.34330473747987195,-0.4581263240423058,-0.6114556478364332,-0.6356892856597561,-0.6894465690535315,-0.6732305003957796,-0.7092467864439723,-0.9048262589484483,0.2767180849036499,-0.5194256828789408,-0.8672538784174562,-1.0368474459452661,-1.1526409914822184,-1.0261691879032255,-0.8061238686411475,-0.9377819854211328,-0.9854194299036112,-0.9791665881728715,0.1105042415378079,-0.3334775066695057,-0.4873972956406542,-0.8591637623171731,-0.645199056418674,-0.7301176928776931,-0.8089290481496999,-0.8994348768648438,-0.34459870942715737,-0.4629844511980867,-1.019423990830029,-0.9330599716038592,-0.8187785569029137,-0.8714752733952406,-0.6126366323211593,-0.8663269816364053,-0.9150972038593147,-0.8297875534299703,-0.28414272860806994,-0.893225088160291,-0.5834316810652657,-0.6978204799894856,-0.2959883270436628,-0.21359220210307453,-0.33610116414364577,0.008951209044962638,-1.1153690322105796,-1.0529620508099962,-0.594995283336066,-0.9670921096818785
-1.846390390213131,-1.648459033009603,0.09079345936132328,-1.5642385293920884,0.14835572936912764,0.2498141355188586,-1.0990510283132602,0.3273182878611595,-1.2846264483519543,-2.0356415784517345,1.4891362763696039,-1.1123723963619594,-1.919184148760805,-1.0925370837238426,-1.036406167271068,-1.003818195551987,-0.8766356583018639,-0.9166685718391407,-0.7418346557986899,-0.572308088581058,-0.5387441077848143,-0.4996791870105371,-0.5030410194627044,-1.794213516531932,-1.7088338659828153,-1.6470912781680607,-1.5940608916773746,-1.568959095800192,-1.5212861963539286,-1.4938831332336584,-1.4737880399678427,-1.4471937015147582,-1.406227602868033,-1.391930416946255,-1.3523601043672284,-1.311415994991706,-1.2860516235623944,-1.2560439021424161,-1.2292627426516685,-1.185072812616972,-1.1720632643261866,-1.1688637113934741,-1.1609398009922343,-0.3583277641823712,-0.48045164036546517,-0.656642095293528,-0.8845900343163515,-1.4838208256676733,-1.3776446911547526,-1.1908746020253902,-1.255027264169307,-1.432676981513431,-1.3771634621470077,-0.6249129287962303,-0.7782206252341769,-1.2914672888783636,-1.1691887955813527,-1.4558605611307194,-1.4357952952497577,-1.2669508896879162,-1.164321223000685,-1.1050507334485595,-1.0451420572013128,-0.9517480503803688,-0.9322082826409973,-1.1246497021670268,-1.0271900652569135,-1.05456344815827,-0.9047572552840337,-0.34330473747987195,-0.4581263240423058,-0.6114556478364332,-0.6356892856597561,-0.6894465690535315,-0.6732305003957796,-1.0507233326375074,-1.315333446373075,-1.1847533850530834,-1.2510111517225193,-0.8672538784174562,-1.0368474459452661,-1.1120568273527447,-1.1178528321206234,-1.4733384787051207,-1.4477430573145433,-0.9854194299036112,-0.9791665881728715,-1.4276500362778337,-1.2803524146929466,-0.725879152834858,-1.0189338715346854,-1.7248702033634025,-1.5989638948988605,-0.8089290481496999,-0.8994348768648438,-0.34459870942715737,-0.4629844511980867,-1.5545960079414471,-1.4298639498288759,-0.8187785569029137,-0.8714752733952406,-0.6126366323211593,-0.8663269816364053,-0.7718895037248367,-1.0008777706320262,-1.6486342666103617,-1.580850252255973,-0.5834316810652657,-0.6978204799894856,-1.4141425592463845,-1.2013018072039976,-0.8156747633973614,-1.0140441103793345,-1.1153690322105796,-1.0529620508099962,-1.2187954570464032,-1.1215796671390477
0.7373107620996631,0.7240919592611932,0.10502719176267064,0.6715857041502927,-0.16972540562130145,-0.1501191405030673,1.2358622409741766,-0.019018882401621195,0.1210971592968739,0.9444149841902016,-0.49576429253142895,0.14334647006039739,0.8219316276671459,1.0392985015014162,0.9535426245013726,0.8673389400931617,0.9058494449819506,0.8909609041038677,1.0644426866367762,1.059819094703151,1.0326174581272118,1.072505216304484,1.0821580453252766,1.0893473588010287,1.0735018879614688,0.9203309042221295,1.0031060663303102,0.9946478730346094,1.1028896132648103,1.3007081079816065,1.2594891158457229,1.2342383314194936,1.285586982874296,1.2344493903203335,1.108814867382824,0.9639596263464077,1.1156505873850828,1.1861379691758158,1.1742808203071877,1.2410257715726172,1.2156012958745381,1.264640380200456,1.2078192336636782,-0.3583277641823712,-0.48045164036546517,0.25933641601392166,1.470391754213037,1.2739559675721863,0.9983110652227569,1.2825169292748477,1.5142439280965145,0.5808732999460279,0.6911321631790579,0.754205258892002,1.8449949654428237,1.6668701027071455,1.6589455163260944,1.360204764185905,1.4841250106578838,1.3102103824705766,1.3427914609677138,1.1676050205385005,1.0964926158389836,1.5247918711008943,1.1399412758830312,1.696932183288111,1.2923063361884752,0.7715204447564834,1.0322787952794639,1.2770126075578716,1.0563408628744078,2.4349425976119887,2.438986823940032,2.0002019448094,0.22741230949823987,0.9981359445237027,1.1477096781746856,0.19979853385329555,0.9437452548082164,4.15121341079748,1.8926912509737501,2.1752604671346347,1.7243401386187098,0.592615193420676,0.7960856590164637,0.7495870655249836,1.1601140778397745,-0.024421572305669426,0.16363182004280075,0.9136836153752935,2.1764683128155626,0.730665060041865,0.8436414655002704,4.509717598706125,3.9405734291343153,2.326709115589566,-0.4629844511980867,0.46016923294859724,0.37105047123680934,2.107806049411318,2.2816010926578913,-0.1063253659400359,0.35816345177194137,2.9515106997715925,1.3943852701967545,0.6255182967267912,0.98628369370124,-0.061053007475772095,0.06796331149417485,-0.2529823950358658,0.19795346668897676,0.4631881679458804,1.03194652846926,1.4088690820402952,1.1087647663220084,-0.2280540046829264,0.19156457124688972
0.7373107620996631,0.6114289233153732,-0.0974940659912828,0.6715857041502927,-0.0398049420336614,-0.6895640244396185,0.5188486703416845,-0.19645895109399616,0.1210971592968739,0.7691175393289112,-0.5711491154343077,0.06764710577252486,0.6606895231713841,0.8421610172762849,0.7114499238980408,0.6325327835546823,0.34430641835622194,0.7154922687822034,0.7827956228998221,0.5818671279167855,0.6935014838236678,0.7445291084117438,0.6079531968844276,0.5645634833588988,0.5202328242461112,0.5179038549774946,0.5955475009309089,0.32688499239413044,0.2770518397201284,0.17820261116210923,0.3503188664084398,0.5745434940486066,0.6159069122031676,0.5119405387968373,0.3985978944027867,0.6589112286601534,0.7623554345641224,0.815371940244395,0.767646833901433,0.7939789345558642,0.8416601795679697,0.8737666660066123,0.8228854756576874,0.2501312671929407,0.1178692069140681,3.007271949936271,2.059137201345384,0.5307253424437135,0.3428749944979267,1.9167198860184984,1.1278339942919813,1.0267308622691937,0.43958269523399585,-0.6249129287962303,-0.7782206252341769,1.9389011272207555,1.8221071112438314,0.8951664535831597,0.5024276664303147,1.555654313152338,1.187712325876885,0.8075803466395602,0.8531250393571317,1.3872063199074907,0.621903886252024,1.8063901012583534,1.3356614091126882,1.3976063508986847,1.6779574788006297,0.4668539350389998,-0.4581263240423058,-0.031189315370067156,0.2867135472201803,0.29675788602954345,0.45257301197174477,0.6566593983301677,1.1477096781746856,1.0459135954071939,0.9437452548082164,-0.23994546726558916,0.21866913844859798,0.9374434611856834,0.9908709848795272,0.5363440817285337,0.8106559753562754,2.291815061461512,1.5166608555085488,0.6637000782960649,0.40035054704866097,-0.15948474199862386,0.09945689298790142,0.7115558362021354,0.7452815181016477,1.6648600899227768,2.058347976801309,0.723924420579532,1.0867542975821196,0.6175727673931319,0.5573519630711906,0.178920740704211,0.8802338188564993,-0.6126366323211593,-0.8663269816364053,0.37377209735098776,0.5389341841864758,0.6507866585416484,0.8029169832757248,0.9837043397032151,0.4508552072360051,1.080201497205841,0.8564265367562588,1.422335366453312,0.5204488687571113,1.5465547973630702,1.0082193329670315,0.4324402968927249,0.3460521287040588
0.7373107620996631,0.6578195851754167,-0.014102959857302127,0.6715857041502927,-1.1665289624575053,-1.2550510751868997,-0.4853974771104039,-1.0518801579374162,0.1210971592968739,0.06792775988374988,1.2165481134053908,0.09881743224400193,-0.14552099930742501,0.17968737842671514,-0.022809255953822192,-0.14626527602014958,-0.35724599560514425,-0.49614891132687605,-0.46306154169170466,-0.391106518755458,-0.34744791715204587,-0.3140983999822607,-0.17561386220592773,-0.21436101100803598,-0.18014824485020864,-0.18192406270115993,-0.16454922353897447,-0.17519236147089134,-0.09108085075151764,-0.038711362660029315,-0.00815946661492869,0.012475909909330804,0.08278171627782802,0.05123707137212398,0.01344176674822799,-0.02878559770271829,-0.04114875339776294,0.006823487480803542,-0.015404176013682947,0.09074965962818263,0.16031251494631663,0.14749808737547046,0.08801193764625062,-0.3583277641823712,-0.48045164036546517,-0.4276474674666656,-0.2958445871840044,1.0588102602981548,0.05612171355581348,-0.4615412017701918,-0.35340408529206274,0.7534633240711244,0.5234325178823499,-0.2801333818741722,0.09618457165815668,0.03468395562548539,-0.1902192260749287,1.3085338407856,1.1568925625820274,0.08299072906177055,-0.4406185925768173,-0.0024751696330552013,-0.41238635834849796,-0.6765769479935617,-0.9322082826409973,0.20100730436146466,-0.3551864349316139,0.14543453861428224,-0.25907857176286786,-0.34330473747987195,-0.4581263240423058,-0.6114556478364332,-0.6356892856597561,-0.6894465690535315,-0.6732305003957796,1.9542702738656008,1.1477096781746856,0.3536376359540043,0.5779525203864271,-0.08311836447762241,-0.6183419178139781,-0.13803688824537289,-0.2927000341640427,1.8707733018564803,1.4080389452885564,-0.47134343125810163,-0.2660730328353228,0.7581481479864991,0.9448036191621394,-0.6960689206855826,-1.0189338715346854,1.2275048798748374,1.07314800943039,-0.3141712205352045,-0.36165617619827056,-0.34459870942715737,-0.4629844511980867,0.8694184225043875,0.4952514657930635,-0.6192386973814887,-0.5211334549448926,1.4126084332033344,1.582653885180288,-0.6286818035903585,-0.8297875534299703,1.7373262165805103,1.3988587921586493,-0.5834316810652657,-0.6978204799894856,1.2522252252370287,1.514899606823541,-0.01638543130783529,0.008951209044962638,-0.5416785516990172,-0.7513257507450654,2.2671466901584227,0.8095148010755662
0.5550579837207523,-0.329638788702652,-1.596895738002824,0.5597944924731737,0.43955676844487257,0.4767530177266491,-1.2195449461401198,0.15477736400561637,0.05890830810096783,-1.1591543541452827,1.4525372605167686,-0.5282742589358593,-0.9517315217862341,-1.232367159743994,-1.2838195865689783,-1.2736265120713577,-1.3102131158573862,-1.36441612403925,-1.2490867654882043,-1.125104182034519,-1.0157424013106784,-0.8965186058131407,-0.9162766731040157,-0.8414612395237886,-0.7216909892960693,-0.7850447049799409,-0.7229044581361542,-0.6883154171209437,-0.5733937339897704,-0.5095022296103211,-0.459861387582712,-0.3856158022972389,-0.21464602460683516,-0.25219814412045827,-0.26062914205560694,-0.22323165236822545,-0.24819204744495926,-0.1794298697758257,-0.1708056994808504,-0.11199074653311522,-0.11172122506949786,-0.16183852944890476,-1.1609398009922343,-0.3271247369323552,-0.36078747090955854,-0.656642095293528,-0.8845900343163515,0.9805754576530523,0.015156959135511594,1.8532995903441334,0.22621081541473712,-0.06633929052308392,-0.5666151765462523,-0.6249129287962303,-0.7782206252341769,-0.8834207521079485,-1.0060272006636153,1.3214515716356763,-0.051350322621134536,-0.9356015832675386,-1.009242087909856,-1.2175584440419784,-1.0938155724976832,-0.9517480503803688,-0.9322082826409973,-1.3435655381075118,-1.200610356953765,-1.1067372736701202,-1.012370369204228,0.8719332712984358,1.0563408628744078,-0.6114556478364332,-0.6356892856597561,-0.6894465690535315,-0.6732305003957796,0.5200687798527537,-0.08381188409919473,0.507476738054713,-0.3365293156680461,-0.8672538784174562,-1.0368474459452661,-1.1932251556116922,-1.1178528321206234,1.7984247296808686,0.286124587123053,-0.7283814305808564,-0.6226198105040971,0.09701166015346016,-0.4281649974718498,-0.725879152834858,-1.0189338715346854,1.8867731023455123,0.40102170220646816,-0.8089290481496999,-0.8994348768648438,-0.34459870942715737,-0.4629844511980867,2.0027238705050374,0.5573519630711906,-0.752265270395772,-0.6963043641700666,-0.6126366323211593,-0.8663269816364053,-0.9867010539265537,-1.0008777706320262,0.7771284676159347,-0.20559992406460892,-0.5834316810652657,-0.6978204799894856,-0.03795273499688086,0.03333519917215625,-0.6558168969794562,-0.502546450667186,-1.1153690322105796,-1.0529620508099962,1.6433465164480856,0.4232959074326434
0.7373107620996631,0.4656297003266651,-0.3595803995552229,0.6715857041502927,-0.9402881551755803,-0.5760945833357233,-0.07980501259219042,-0.9461361096393427,0.1210971592968739,0.24322520474504025,-1.2388432611455205,-0.030316777423545417,0.17696320968409862,0.20146419354460757,0.02906775131832031,-0.031049832749715626,-0.09228199376565831,-0.0922685179571829,-0.11818758609543428,-0.039207817934727524,0.06495685745885743,0.11308756261113032,0.1506842358878946,0.211407038878975,0.307027019346166,0.209064491603705,0.15538425029955555,0.1481454544181827,0.19043238313856464,0.1461032338700439,0.18789838844342832,0.24185256313311623,0.27732564742251337,0.256610906248201,0.2292384623844701,0.32175247332271434,0.2451877170930405,0.2818518094111533,0.2859021111532139,0.35795981837633667,0.3910779786129828,0.3912687908512009,0.4079568793655156,0.8897933258182688,0.23753337636997476,-0.656642095293528,-0.8845900343163515,2.114980096007037,0.7934872931212475,1.1556763379261175,0.805825716121537,0.9548183522170702,0.3277829317028572,-0.6249129287962303,-0.7782206252341769,0.03468395562548539,-0.1902192260749287,0.17177352597888923,0.25071039867965594,0.009357549857242181,0.12800490275622162,0.5600633833340389,0.7071044934680205,-0.3096821448111524,-0.2069559371575874,0.46857110384427947,-0.008345851537910934,1.084563397827584,0.7094394535188809,-0.34330473747987195,-0.4581263240423058,-0.031189315370067156,-0.6356892856597561,0.11744798510534799,-0.44806979792227475,0.8615453260462888,-0.767990529806906,-0.7232360787509571,-0.88521841730073,0.5441900466742445,1.055680194711174,0.5316018198909452,0.6699782301186347,0.037942806740987385,0.09671047470550043,1.3279225640011818,1.5166608555085488,0.04304133461606924,0.2583193108451448,0.10880734734485548,-0.22008332544712342,0.08095144949105494,-0.2055313067517053,0.42796552088653844,0.713901225134876,-0.34459870942715737,-0.4629844511980867,-0.6416555081631458,-0.5604569879350968,0.0458941676899277,0.1795501819558034,0.3999859004410875,0.35816345177194137,2.235472199099202,1.736565704600866,0.37283467857821867,-0.0680748912454725,1.7672723500874554,2.365314685945156,2.1983557294085627,1.597208740581951,-0.8156747633973614,-1.0140441103793345,0.009064309592082759,0.2038558661272158,0.359052041162097,0.3460521287040588
0.7373107620996631,0.7174647218526156,0.09311417660067363,0.6715857041502927,-0.9134080592608962,-1.1025183838669095,0.17737815925146716,-0.9513016938039521,0.1210971592968739,0.593820094467621,-1.6049981152452182,0.13889356627875785,0.49944741867562226,0.5372856056257909,0.36294284940313487,0.25334271709502637,0.22236275841873124,0.23295352164762617,0.3301485561797172,0.34683030908502904,0.3804713536973196,0.4480667190709752,0.4069806658785439,0.5029536363468249,0.5117045920501133,0.45551206439693104,0.45188310662762,0.39315920310431335,0.4109182726189088,0.40776179422051595,0.3522410022423452,0.3025141573741173,0.3399912406277726,0.3518969647717863,0.25655449980677925,0.34137546966510496,0.32095675236137616,0.3915150010669256,0.3877764432039126,0.3961326981975015,0.4171864799767297,0.4299358679542478,0.4162887788894548,-0.3427262505573632,-0.48045164036546517,0.488331043840784,0.29290085994834275,1.5477777768300447,1.0802405740633607,0.014111015787546238,0.0330058485124705,0.35075326777923255,0.5793323996479193,-0.6249129287962303,-0.7782206252341769,0.23870722401069291,-0.13583202776901626,-0.04782789847240717,-0.20238068327152978,0.20571269440265116,0.07631185772594534,0.11003254096036362,0.025675279318835363,0.42410746155366624,-0.2069559371575874,-0.34628228548974743,-0.07337846092423024,-0.3763037165042188,-0.5819179135234508,-0.34330473747987195,-0.4581263240423058,-0.17625589848665868,0.2867135472201803,-0.061861915818847465,0.0022516070247350006,-0.8458374049213864,-0.6311548006653638,-0.5693969766502484,-0.3365293156680461,1.1714984578261116,0.21866913844859798,0.04459185033725932,-0.109332745729247,-0.2353740214779896,-0.10727395405186385,0.5568085660329175,-0.2660730328353228,0.19145972984389428,0.3530068016474889,0.31747897238978384,0.4189971114229262,-0.119695400826107,0.02397523717841438,0.05689715017566696,-0.09276682586498394,-0.34459870942715737,-0.4629844511980867,-0.515732680607518,-0.12575350698820725,-0.752265270395772,-0.6963043641700666,-0.1063253659400359,0.35816345177194137,-0.34226640332140246,-0.3165169018238031,-0.9411201357943585,-0.893225088160291,2.1590563552795756,0.06796331149417485,0.349100653073292,-0.29590133586148476,1.9019089657070276,1.03194652846926,0.12380240569439525,-0.04750771726022663,-0.15466574895229848,0.3460521287040588
0.7373107620996631,0.28006705288649114,-0.6931448240911461,0.6715857041502927,-0.36012608501698085,-0.2412667243406225,0.22908300318527325,-0.5706838532301396,0.1210971592968739,0.593820094467621,0.4303921031325112,-0.15499808330945322,0.6606895231713841,0.5120703460155996,0.42679147373807946,0.37001658369799745,0.4150638506656301,0.27984600177669167,0.3229636821047949,0.1971420557508377,0.252526498923455,0.473744563817026,0.3392371161012798,0.2598147758170331,0.3294136288606602,0.34008725182288846,0.3897304254042113,0.33090161122505063,0.3390634961364752,0.32216345477500835,0.4204768243459891,0.40393276024579106,0.3390559332665001,0.2982407376420004,0.2556439652260356,0.3681341010410922,0.3473878111759119,0.4750679089951331,0.5345445487006818,0.5954799594858069,0.7229086088489918,0.715736003063725,0.7837255478951732,0.3749433761930047,0.3571975458258814,0.7173256716676465,0.29290085994834275,0.8632232536853988,-0.23063156738629975,0.6800241203683796,0.290612471048826,1.3862934125298114,0.4954825769995652,-0.6249129287962303,-0.7782206252341769,1.6668701027071455,0.027329567148721073,1.8510785364888027,1.5344684642080155,0.3529790528117079,-0.1304603223951597,0.357549504265885,-0.26636581245938684,0.9744496663272803,-0.10334845923138597,0.8820787939540842,-0.11673353384844312,1.2932586998749844,-0.3666916856830622,0.06177459877956396,1.0563408628744078,-0.6114556478364332,-0.6356892856597561,-0.5997916185914338,-0.44806979792227475,0.4517734706140467,0.6003667616085165,-0.1847992213984764,0.39505615317553244,-0.3967725700535559,-0.6183419178139781,0.30838891717883915,0.11987636481424761,1.2839459942098532,0.723234077317405,1.6492200631546252,-0.2660730328353228,0.5692520086056309,0.424022419749247,-0.040243813401521944,0.8983074390754635,1.3134963871536212,0.6305282461365879,0.3042760639829146,0.17612252446830268,-0.1665115210927091,0.3118849231920165,0.7120148880598528,0.06054798484617399,0.24543402721135263,0.004379272730629412,-0.6126366323211593,-0.8663269816364053,0.7317913476871829,0.5389341841864758,0.8023968294307919,0.25281685199917914,2.0284616868822023,0.4508552072360051,2.1123438653929685,1.26797220554831,-0.01638543130783529,-0.502546450667186,0.9040214591901202,-0.29887130064766904,1.1296287263336902,0.5005396861612279
-1.410413155659658,-1.1116528029148138,1.0865638580747674,0.6715857041502927,1.7432414203070536,1.274759414998306,-0.1685128428186818,0.8777214783503497,-1.3636829605571608,-0.4579645747001212,0.9926665539300065,-1.0901078774537614,-0.46800520829894865,-0.9355147852421972,-0.8408697552453,-0.5852506991138282,-0.48069513282581383,-0.37664872003022526,-0.31361616093332084,-0.15869580963131885,-0.15118299429504972,-0.09700389440201279,0.019713372985183907,0.03537890455876374,0.1002173885932192,0.11963625843823056,0.1472330789915675,0.2154238198360956,0.2150401833037816,0.24337407414902978,0.2561342105470722,0.26365282356347597,0.3886272234139439,0.39815233298711894,0.44412462343996856,0.4546536758234509,0.3729378346966297,0.2862035233657474,0.42403679867958494,0.49792704438727453,0.6092102964584811,0.5181976743851158,0.41045644922269736,-0.3583277641823712,-0.48045164036546517,-0.19865283963980318,-0.8845900343163515,-1.1317642137647126,-1.0908914102126395,-0.3664107582586442,-0.4178057409261516,-1.2457044553779097,-1.013814230670807,-0.2801333818741722,0.09618457165815668,-0.9174246301721497,-0.842865605745878,-0.7583030952266013,-0.5044414045723202,-0.8865127971311864,-0.7507768627584749,-0.970041480736457,-0.8504479960158313,-0.49312954640235707,-0.5177783709361916,-1.0881637295102793,-0.9188023829463813,-0.8458681461108697,-0.6895310274436451,-0.34330473747987195,-0.4581263240423058,-0.6114556478364332,-0.6356892856597561,-0.5997916185914338,-0.44806979792227475,-1.1190186418762142,-0.9048262589484483,-1.0309142829523747,-1.0681147845116246,-0.7104267756294894,-0.6183419178139781,-0.9294280887701124,-0.8886437215771287,-0.9668984734758398,-0.8357897710424506,-0.9854194299036112,-0.9791665881728715,-1.0903355016691403,-0.8542587060823982,-0.5172075277899296,-0.37985343466463584,-1.094265816652322,-0.9596242368078128,0.3042760639829146,-0.36165617619827056,-0.34459870942715737,-0.4629844511980867,-1.050904697718936,-0.9330599716038592,-0.8187785569029137,-0.8714752733952406,-0.6126366323211593,-0.8663269816364053,-0.6286818035903585,-0.8297875534299703,-0.890583412164644,-1.0765917985858062,-0.5834316810652657,-0.6978204799894856,-0.8980713751528207,-0.9543744059287669,-0.8156747633973614,-1.0140441103793345,-0.8399976015650297,-0.7513257507450654,-1.1454072013157754,-1.0443358884104632
-1.5533565112509606,-1.1978068892263232,1.741081274010295,-1.7878209527463265,1.9896422995249916,1.866288632556317,0.1950228718427108,2.5872002032815073,-0.38227047700971445,0.24322520474504025,0.40262231212606,0.15002582573285683,0.33820531417986044,-0.7532772271503605,-0.16114794201286886,0.2620932570902492,0.5264691696208685,0.8077645683910096,0.8661401621689208,0.8956872379770638,0.8450478166626143,-1.9294682694610943,-1.8556538966820786,-1.794213516531932,-1.7088338659828153,-1.6470912781680607,-1.5940608916773746,-1.568959095800192,-1.5212861963539286,-1.4938831332336584,-1.4737880399678427,-1.4471937015147582,-1.406227602868033,-1.391930416946255,-1.3523601043672284,-1.311415994991706,-1.2860516235623944,-1.2560439021424161,-1.2292627426516685,-1.185072812616972,-1.1720632643261866,-1.1688637113934741,-1.1609398009922343,-0.18671111430728324,-0.0017949625418385616,-0.4276474674666656,-0.2958445871840044,-0.8970598058294054,-0.6812438660096205,-0.9054832714907474,-0.5466090521943293,-1.3176169654300334,-1.013814230670807,-0.6249129287962303,-0.7782206252341769,-0.5433819714659359,-0.5709296142163158,-1.2104236749792703,-0.9071890329733743,-1.1442289243470356,-0.9575490428795799,-0.9925430228551408,-0.8017744807194609,-0.4472676960045559,-0.4141708930099902,-1.1124877112814444,-0.8104147006358491,-0.8980419716227198,-0.5819179135234508,-0.34330473747987195,-0.4581263240423058,-0.4663890647198417,-0.32822167469977737,-0.4204817176672384,-0.22290909544876988,-0.8458374049213864,-1.1784977172315327,-0.49247742559989394,-0.15363294845715147,-0.5535996728415227,-0.19983638968269005,-1.051180581158534,-0.8428018994684298,-1.2321765714530821,-0.923211669081321,-0.9211599300729225,-0.8008931993384844,-1.360187129356095,-1.0673055603876724,-0.3383461348942768,-0.22008332544712342,-1.2662488312098894,-0.992410885940687,-0.3141712205352045,-0.36165617619827056,-0.34459870942715737,-0.4629844511980867,-1.2712696459412847,-1.1193614634382405,-0.2866722648457805,0.004379272730629412,-0.6126366323211593,-0.8663269816364053,-0.9150972038593147,-0.8297875534299703,-1.3959506484617892,-1.1682751537985638,-0.4528370126678923,-0.31492858424765535,-0.9840832391684146,-0.8720652721703566,-0.8156747633973614,-1.0140441103793345,-0.9088404592264172,-0.8015984674225538,-0.6683835390666939,-0.5036294373103712
0.7373107620996631,0.2933215277036464,-0.6693187937671515,0.6715857041502927,-0.9358081391897997,-0.7118858817059586,-0.6666872757255741,-0.9700228781186083,0.1210971592968739,0.7691175393289112,1.0227014259408453,-0.14609227574617412,0.6606895231713841,-0.15498788549036852,-0.49502304009768344,-0.6494213257454623,-0.7035057707362906,-0.7563265430107233,-0.6757338143094047,-0.602508350218658,-0.4468225616366009,-0.27091293381844794,-0.24787364863500946,-0.2209620660450439,-0.2494401314426908,-0.2203990002258408,-0.1981728051844251,-0.2474915004274545,-0.17277874730003803,-0.15251824578644282,-0.14078683915440549,-0.1533956368434066,-0.10895629278303977,-0.11620736156738025,-0.12131735120183038,-0.08051895169629358,-0.021765976933770085,-0.034952966483300214,-0.05943460766271372,-0.07296958049370224,0.03229663729181569,0.0634392241079772,0.08801193764625062,-0.3427262505573632,-0.48045164036546517,0.03034178818705923,0.29290085994834275,1.0392515596368792,0.9163815563821531,1.885009738181316,0.7414240604874481,1.645178448717456,0.9147316902413353,-0.2801333818741722,0.09618457165815668,0.10269171175388789,0.13610396376054595,1.4247934184362863,0.5527711199804465,0.6966005557661736,0.4898562179681554,0.8075803466395602,0.5610839475789094,-0.40140584560675474,-0.3105634150837888,0.8942407848396666,0.4902374870905371,0.19760836412613234,0.2789869978381037,-0.34330473747987195,-0.4581263240423058,-0.32132248160325017,-0.32822167469977737,-0.4204817176672384,-0.44806979792227475,-0.7775420956826793,-0.4943190715238215,1.3535917996086113,0.9437452548082164,-0.3967725700535559,-0.6183419178139781,0.7548147226030513,0.5324527637925379,1.7260761575052572,0.8543669243757106,0.49254906620222877,0.4470205225022259,0.6637000782960649,0.2346474381445588,0.19823804379268192,0.09945689298790142,1.0937403129967296,0.3518417285071568,-0.685239591246076,-0.6305455265315572,-0.34459870942715737,-0.4629844511980867,1.0583026638378292,0.4952514657930635,0.31194731371849427,-0.17079163649454457,-0.1063253659400359,0.35816345177194137,1.1614144480906168,1.9076559218029219,0.9540070003199355,0.5737085952438308,-0.1916476758731455,-0.31492858424765535,1.3382370892526227,0.6918082692394383,0.14347243511006993,-0.502546450667186,0.6974928862059577,0.4552194495146582,0.6526050640846087,0.7322710223469816
0.7373107620996631,0.14752230471493827,-0.9314051273310917,0.6715857041502927,0.02067527377437793,0.1754079446310584,1.4900653065392289,0.15430349255698686,0.1210971592968739,0.9444149841902016,-0.6788417195812775,-0.2440561589422444,0.9831737321629077,1.1367210954498825,1.2767762851970297,1.293198553194006,1.3876021755991979,1.3220691891614054,1.2469384881398027,1.2042551286221073,1.107148441490628,1.0806754396327727,1.2074836124132153,1.262074965602736,1.2749813735919169,1.2198114990088345,1.0978634327856711,1.0880342608535034,1.067454381026898,1.110057261034794,1.1806815466555989,1.2020118594789617,1.3267405067702873,1.4157704337244374,1.47576030342251,1.4946724819701542,1.4918526578453077,1.489017260415568,1.358172623076669,1.3869310011112919,1.347828222136095,1.4251928090413681,1.4244486212860972,0.7337781895681887,0.3571975458258814,0.25933641601392166,0.8816463070806899,0.4329318391373355,0.30191024007762485,1.0288357465773874,0.22621081541473712,0.09186823159158786,-0.03556629977334352,0.40942571196994393,0.9705897685504902,0.44273049239590045,0.8975247400433202,0.01676075577797412,-0.10169377617126629,2.1079031571863007,1.5237171185736806,2.1351713316419025,1.5832277688026875,0.42410746155366624,0.4146889303996211,2.0009819554276733,1.1188860444916238,0.6671727937327833,0.8170525674390753,-0.34330473747987195,-0.4581263240423058,0.9842767664460734,1.5165839910600956,3.3450262017408665,2.4790193342332887,1.8859749646268937,-0.08381188409919473,1.661270003810029,0.9437452548082164,0.23053584109831107,0.637174666579886,1.241824692156737,0.8991873406621294,0.045981536982722004,-0.39868028084809853,0.8138465653556722,0.9818406890053873,-0.6315877346013175,-0.5938681063759519,0.4367199009868858,1.2178476575104884,-0.08147695314664757,-0.17274465761883107,-0.1904817636315807,-0.09276682586498394,1.436273173917325,1.0867542975821196,0.11388145717062086,-0.06365300971008017,0.178920740704211,0.7050629096313253,0.3999859004410875,0.35816345177194137,0.8749990478216609,0.19675374978236418,-0.006190748644640142,-0.11391656885185131,0.0695416609216013,0.8337471029778354,-0.8550654431450236,-0.8720652721703566,-0.33610116414364577,0.5204488687571113,2.166140516315558,1.9131282331618242,-0.7050776669320079,-0.6581169947675404
-1.682005531283133,-1.4496419107522736,0.6563189177959101,-1.3406561060378501,2.1262827870913026,2.0188213238763075,0.2936768067740481,2.36655659964784,-1.0956319738613824,0.06792775988374988,-0.057289039224091676,-0.8630097845901437,0.17696320968409862,-0.8082923390271414,-0.38062758816424097,-0.07771937939090405,0.3759214413029788,0.7744860341058664,0.7339384791903505,0.7538773137657248,0.7096498635524081,0.7935504483814771,0.7468274739278191,0.8044018163701867,0.8464377057430271,-1.6470912781680607,-1.5940608916773746,-1.568959095800192,-1.5212861963539286,-1.4938831332336584,-1.4737880399678427,-1.4471937015147582,-1.406227602868033,-1.391930416946255,-1.3523601043672284,-1.311415994991706,-1.2860516235623944,-1.2560439021424161,-1.2292627426516685,-1.185072812616972,-1.1720632643261866,-1.1688637113934741,-1.1609398009922343,-0.3583277641823712,-0.48045164036546517,0.03034178818705923,0.29290085994834275,-1.2882338190549174,-1.1318561646329413,-0.9054832714907474,-0.8686173303647737,-1.2025569493466357,-1.2374137577330844,0.06464616504788588,0.09618457165815668,-1.0194362643647534,-0.8972528040517904,-1.3008477909298042,-1.2092497542741647,-1.1442289243470356,-0.9575490428795799,-1.1050507334485595,-0.9477950266085721,-0.9517480503803688,-0.9322082826409973,-1.003029793311202,-0.9621574558705941,-1.05456344815827,-1.012370369204228,-0.34330473747987195,-0.4581263240423058,-0.6114556478364332,-0.6356892856597561,0.29675788602954345,0.0022516070247350006,-1.1873139511149213,-1.0416619880899904,-0.9539947319020203,-0.88521841730073,0.23053584109831107,-0.6183419178139781,-0.9903043349643231,-0.8886437215771287,-1.4251060972547132,-1.3311805265960495,-0.3428244315967242,0.09047374483345154,-1.2657390596656608,-1.1146493057888445,-0.5768279920884807,-0.8591637623171731,-1.4668956815270515,-1.3038840527029925,-0.685239591246076,-0.6305455265315572,-0.34459870942715737,-0.4629844511980867,-1.176827525274564,-1.0572609661601133,-0.752265270395772,-0.6963043641700666,-0.1063253659400359,0.35816345177194137,-0.48547410345588055,-0.8297875534299703,-1.3959506484617892,-1.122433476192185,0.3307309977163481,0.4508552072360051,-0.9840832391684146,-1.0366835396871772,-0.8156747633973614,-1.0140441103793345,-0.7482071246831797,-0.8518711841000424,-1.2554895849117174,-1.1215796671390477
-0.3740738276227144,-0.3959111627884284,-0.18838866633772805,-1.0052824710064932,2.5250042098257843,2.3499288733270185,0.12641834188731244,2.389470842214348,0.5608490084383351,0.41852264960633057,-0.6863956179907685,0.40161488939549206,0.33820531417986044,-1.0249143420419662,-0.658635139955979,-0.40003093588161165,-0.23680781295083247,0.23749150359560026,0.3689468761842976,0.5949976764548726,0.5754940934982588,0.5542796223387308,0.5435968245960267,0.5491610216058803,0.633231900843082,0.7071589530718707,0.7901567159091231,0.8269540368436922,-1.5212861963539286,-1.4938831332336584,-1.4737880399678427,-1.4471937015147582,-1.406227602868033,-1.391930416946255,-1.3523601043672284,-1.311415994991706,-1.2860516235623944,-1.2560439021424161,-1.2292627426516685,-1.185072812616972,-1.1720632643261866,-1.1688637113934741,-1.1609398009922343,-0.3427262505573632,-0.48045164036546517,-0.4276474674666656,-0.2958445871840044,-0.7601489012004761,-0.6812438660096205,-0.14443972339836644,0.0330058485124705,-0.7423168850130452,-0.7063648809601756,0.754205258892002,0.9705897685504902,0.30671498013909543,0.40803995529010817,-0.8874804037273639,-0.8316738526481766,0.757961538436614,0.25723751533191225,0.4475556727406201,0.4637369169861687,-0.0803728928221466,0.4146889303996211,0.05506341373447477,0.013331684924195501,-0.11543458894496827,-0.25907857176286786,-0.34330473747987195,-0.4581263240423058,-0.32132248160325017,-0.020754063739798538,0.4760677869537389,1.1280551193922594,-0.5726561679665583,-0.4943190715238215,-1.0309142829523747,-1.2510111517225193,-0.08311836447762241,-0.6183419178139781,0.9577355432504203,0.8075036964447315,-0.838278789608086,-0.6755162913045215,0.49254906620222877,0.625293911336613,-0.8744541995195766,-0.7122274698788821,-0.4277768313421032,-0.5396235438821483,-0.4349975941816472,-0.48421782438113636,1.2937917192119053,0.713901225134876,-0.34459870942715737,-0.4629844511980867,0.11388145717062086,-0.0015525124319530886,0.7775403192684858,1.4057465465320214,-0.6126366323211593,-0.8663269816364053,2.6650952995026365,1.2232950529946989,-0.33467945223778445,-0.29728327927736653,0.5919203345110949,0.8337471029778354,0.04805912901871312,-0.13128306834466427,-0.8156747633973614,-1.0140441103793345,0.39917383633994524,0.35467401615968125,-0.4115246440094962,-0.2718981011246176
0.7373107620996631,1.466342549021889,1.4392848899063646,0.6715857041502927,-0.6423670921211644,-1.0653152884230093,2.332193672435176,-0.5770288413341303,0.1210971592968739,0.593820094467621,-0.517302813360823,0.6420716936040286,0.6606895231713841,2.449060743343926,2.60429559949442,2.7370376524057733,2.853937049415444,2.7243056110853963,2.4640561564316403,2.093193264650594,2.2412615716706124,2.191825812280063,2.026051505555157,1.8880750182789872,1.8858160046302597,1.8853239318681791,1.703087902403782,1.6644190630905484,1.592092680549324,1.641156048958057,1.7457894818238044,1.5896773601753595,1.611073944597135,1.646122167436794,1.621445836341492,1.6311415019876891,1.5878855048714542,1.6117355939351228,1.6879691895458802,1.5786436864353643,1.5878579927382843,1.6723258670477983,1.8227134185303904,-0.3583277641823712,-0.48045164036546517,0.03034178818705923,0.8816463070806899,0.10043392789565031,0.957346310802455,1.0288357465773874,2.415867106973759,0.8541408381440972,1.0824313355380433,0.754205258892002,0.9705897685504902,1.4968507123861392,2.5835278875266057,1.063096954634151,1.8868726390589377,0.757961538436614,1.4720240735434045,1.032595767826398,1.1938396464317242,0.7451404143382744,1.657978665514038,1.4658543564620437,2.0943751852864136,-0.011086937921268072,0.9246656813592695,-0.34330473747987195,-0.4581263240423058,2.7250757638451715,3.05392204585999,1.731237093423107,2.929340739180298,0.1785922336592187,1.284545407316228,2.1227873101121553,2.041123458073584,1.328325560614078,1.474185722842462,0.8765672149914727,1.9535492491622044,0.47203423979465675,1.2623357818904393,0.042732567387407924,1.3383874666741618,0.23193747399693748,0.8974598737609674,0.28766874024050837,1.6971579851630254,0.9599757461186216,1.6305210446892522,0.9227233485010338,2.058347976801309,-0.1665115210927091,0.3118849231920165,0.9638605431711084,1.4267589249649697,1.3096466113256187,1.7560883649823693,-0.6126366323211593,-0.8663269816364053,0.7317913476871829,1.3943852701967545,0.32229795494850416,1.3071754369458917,0.0695416609216013,0.4508552072360051,-0.12396459901247484,0.3625717342057973,0.9427617671995961,0.5204488687571113,0.8581262207491952,1.5109464997419162,-0.19135987681761243,0.5777834648898125
-1.9250092357883473,-1.7876310185897335,-1.666763063239832,-1.8996121644234454,-0.026364894076319326,0.23121258779690854,-1.2140618441940154,0.30611185366751187,-1.2729797300360086,-2.912128802758186,2.339488267556067,-1.295577580520844,-3.0478788802311376,-1.0810756020828467,-1.0310854485764893,-0.8754769422887188,-0.8630863627532538,-0.9590230700202322,-0.845296842477571,-0.6615958186400493,-2.0902307447999293,-1.9294682694610943,-1.8556538966820786,-1.794213516531932,-1.7088338659828153,-1.6470912781680607,-1.5940608916773746,-1.568959095800192,-1.5212861963539286,-1.4938831332336584,-1.4737880399678427,-1.4471937015147582,-1.406227602868033,-1.391930416946255,-1.3523601043672284,-1.311415994991706,-1.2860516235623944,-1.2560439021424161,-1.2292627426516685,-1.185072812616972,-1.1720632643261866,-1.1688637113934741,-1.1609398009922343,-0.3583277641823712,-0.48045164036546517,-0.656642095293528,-0.8845900343163515,-1.4251447236838466,-1.4595741999953564,-1.4445557847228505,-1.3838305754374847,-1.5621194996072534,-1.5448631074437156,-0.6249129287962303,-0.7782206252341769,-1.2914672888783636,-1.1691887955813527,-1.442942830280643,-1.4357952952497577,-1.3283118723583565,-1.2677073130612375,-1.2400599861606623,-1.1911626030904239,-0.9517480503803688,-0.9322082826409973,-1.4530234560777542,-1.2873205028021908,-1.1589110991819702,-1.1199834831244224,-0.34330473747987195,-0.4581263240423058,-0.6114556478364332,-0.6356892856597561,-0.6894465690535315,-0.6732305003957796,-1.3921998788310423,-1.4521691755146173,-1.2616729361034378,-1.4339075189334138,-0.8672538784174562,-1.0368474459452661,-1.2135172376764292,-1.1636946542293223,-1.5376483206389977,-1.5497352716932256,-0.9854194299036112,-0.9791665881728715,-1.710994245349136,-1.5880867598005648,-0.725879152834858,-1.0189338715346854,-1.629324084164754,-1.6317505440317348,-0.8089290481496999,-0.8994348768648438,-0.34459870942715737,-0.4629844511980867,-1.4601538872747264,-1.55406494438513,-0.8187785569029137,-0.8714752733952406,-0.6126366323211593,-0.8663269816364053,-0.9867010539265537,-1.0008777706320262,-1.2948772012023602,-1.4433252194368367,-0.5834316810652657,-0.6978204799894856,-1.5861662872775724,-1.4482292084792283,-0.8156747633973614,-1.0140441103793345,-1.092421412990117,-1.0529620508099962,-1.475654352103601,-1.5077985607819704
-1.80350738353574,-1.6617135078267582,-0.757528647607109,-1.0052824710064932,0.3185963368287939,0.37630466002811885,-1.1537359785256718,0.2846902311344807,-1.4155637966918275,-1.334451799006573,1.4577069449389988,-1.299394355190821,-1.5966999397692814,-1.1704751588826154,-1.202678626476653,-1.2167480021024093,-1.212357092450758,-1.2040740952108324,-0.9085237343368873,-0.7036135739619276,-0.783454169828031,-0.7226095663967056,-0.4172325230781698,-0.46520110241433704,-0.42320286243614613,-0.33166436009451244,-0.40500877712462124,-0.36598175593959964,-1.5212861963539286,-1.4938831332336584,-1.4737880399678427,-1.4471937015147582,-1.406227602868033,-1.391930416946255,-1.3523601043672284,-1.311415994991706,-1.2860516235623944,-1.2560439021424161,-1.2292627426516685,-1.185072812616972,-1.1720632643261866,-1.1688637113934741,-1.1609398009922343,-0.3583277641823712,-0.48045164036546517,-0.656642095293528,-0.8845900343163515,-1.5424969276515001,-1.4595741999953564,-1.1274543063510252,-1.3194289198033957,-1.475824487544705,-1.3771634621470077,-0.2801333818741722,0.09618457165815668,-1.2574634108141622,-1.1148015972754401,-1.4300250994305668,-1.5113104755749551,-1.3528562654265326,-1.2677073130612375,-1.2400599861606623,-1.1424890877940534,-0.9517480503803688,-0.9322082826409973,-1.4165374834210067,-1.2656429663400843,-1.1589110991819702,-1.1199834831244224,-0.34330473747987195,-0.4581263240423058,-0.6114556478364332,-0.6356892856597561,-0.6894465690535315,-0.6732305003957796,-1.1873139511149213,-1.4521691755146173,-0.33863832349918516,-0.88521841730073,-0.7104267756294894,-0.6183419178139781,-0.9903043349643231,-1.1636946542293223,-1.4170673670129785,-1.520594639013602,-0.9854194299036112,-0.9791665881728715,-1.360187129356095,-1.3750399054952906,-0.6364484563870316,-1.0189338715346854,-1.495559517286646,-1.4842106229338008,-0.8089290481496999,-0.8994348768648438,-0.34459870942715737,-0.4629844511980867,-1.4916345941636333,-1.3677634525507487,-0.2866722648457805,-0.6963043641700666,-0.6126366323211593,-0.8663269816364053,-0.9867010539265537,-1.0008777706320262,-1.5222924575360754,-1.4891668970432155,-0.5834316810652657,-0.6978204799894856,-1.3281306952307905,-1.3659200747208182,-0.8156747633973614,-1.0140441103793345,-1.092421412990117,-1.0026893341325078,-1.3288778406423452,-1.430554782053386
0.7373107620996631,0.08787716803773948,-1.038622263789067,0.6715857041502927,-0.944768171161361,-1.1341410149942244,0.9472886163292069,-1.0278026114543668,0.1210971592968739,0.9444149841902016,-1.0019195320221872,-0.28413229297700054,0.9831737321629077,1.1355749472857828,1.1903146064101255,1.1575651832680522,1.0699464688484506,1.0240750412444408,0.8862578095787031,0.9180091704918117,0.9220631661381444,0.8589122350077883,0.8902179876230282,0.784598651259163,0.800598457689539,0.8620985663469368,0.788118923082126,0.7938169314886008,0.8036587632557718,0.7968451553364595,0.8933222394867325,0.907234424964097,0.8955638132236529,0.9023358465342449,0.9094077941999674,0.9612837632088089,1.0442867285858366,0.9137206756182226,0.9230483573686004,0.8898352772179005,0.9637805891725922,0.9242019839671083,0.837049704848384,3.6512612374446847,1.194846732017228,-0.19865283963980318,0.29290085994834275,-0.1733878813622081,-0.18966681296599786,-0.3664107582586442,-0.22460077402388498,-0.36837183274200275,-0.2591658268356209,2.1333234465802344,0.9705897685504902,0.23870722401069291,0.24487836037237085,-0.20284066867332226,-0.051350322621134536,-0.22381418429043098,-0.20799988994057408,0.11003254096036362,0.2690428558006872,-0.6307150975957606,-0.3105634150837888,-0.2733103401762525,0.013331684924195501,-0.011086937921268072,-0.043852343922479255,4.517647297633359,5.599742423624548,-0.17625589848665868,-0.32822167469977737,-0.061861915818847465,-0.22290909544876988,0.5883640890914608,0.6003667616085165,0.507476738054713,0.5779525203864271,-0.5535996728415227,-0.6183419178139781,0.02429976827252241,0.34908547535774226,-0.4926133892134974,-0.31125838280922813,0.1712515670487853,0.9818406890053873,-0.09188447922740808,-0.4755087428730218,-0.18929497414789936,-0.060313216229611,-0.16746846042543126,-0.17274465761883107,0.18058660707929078,-0.09276682586498394,-0.34459870942715737,-0.4629844511980867,-0.32684843927407636,-0.1878540042663343,-0.752265270395772,-0.6963043641700666,1.4126084332033344,0.35816345177194137,-0.05585100305244639,0.5389341841864758,-0.3094110904229272,-0.1597582464582301,0.4613256661137215,1.5995308944614957,-0.2529823950358658,0.03333519917215625,0.14347243511006993,-0.502546450667186,-0.01388330962837974,0.10331043277223882,-0.63168941120138,-0.6581169947675404
0.7373107620996631,-0.07117652976812394,-1.3245346276770016,0.6715857041502927,-0.08684510988435866,-0.36031662976110274,0.34709521181805253,0.010104057536243232,0.1210971592968739,0.41852264960633057,-1.012688792436884,-0.39100198373635014,0.49944741867562226,0.6438773848870538,0.4400932704745263,0.2737606437505463,0.08536432564945158,-0.006046860945675379,0.04419056799780968,0.043514637855220306,0.11837072886930575,0.04889295074600326,0.14616799923607698,0.211407038878975,0.3741868478896487,0.4118378109905365,0.4865255846865691,0.6682975930223453,0.6392786581521224,0.6256484764454443,0.5655980798058514,0.613404827859248,0.5644650073331787,0.6035261678631959,0.5752416030670524,0.5955824677369835,0.604650116970726,0.6752467509064636,0.7348398456139198,0.7515646236434589,0.6833247519426658,0.777098973248995,0.8262182354672631,-0.2959217096823393,-0.36078747090955854,1.4043095551482339,0.8816463070806899,0.3546970364922331,-0.23063156738629975,0.9654154509030224,0.3550141266829149,0.4082832758209314,-0.06351624065612818,2.1333234465802344,0.09618457165815668,-0.033323800502917125,-0.08144482946310382,0.18469125682896548,-0.30306759037179326,1.2365772032660483,0.5157027404832936,1.4601250680813895,0.5610839475789094,-0.03451104242434543,0.2074739745472183,0.6266769853568518,-0.05170092446212381,1.9715184315290357,-0.043852343922479255,-0.34330473747987195,-0.4581263240423058,1.5645430989124396,0.594181158180159,-0.4204817176672384,-0.44806979792227475,-0.16288431253431632,-0.35748334238227925,0.6613158401554219,-0.15363294845715147,-0.08311836447762241,-0.6183419178139781,0.20692850685515463,-0.20101638994664486,-0.018328304951154936,-0.5152428115665925,0.1712515670487853,0.625293911336613,0.3533707064560671,-0.19144627046598958,0.019376650897029023,-0.37985343466463584,0.5204635978048382,-0.1235646839195197,3.6438914003807583,0.4450118748015893,-0.34459870942715737,-0.4629844511980867,0.27128499161515557,-0.4983564906569697,-0.02061911881721394,0.004379272730629412,-0.6126366323211593,-0.8663269816364053,0.1589605471492707,-0.14542668462174735,0.2970295931336469,-0.1597582464582301,-0.5834316810652657,-0.6978204799894856,-1.1991128992073996,-0.7897561384119464,0.4631881679458804,0.5204488687571113,2.4185643277406452,0.957946616289543,-0.3014422604135543,-0.2718981011246176
0.39067312479075433,0.6313106355411062,0.5661608597402951,0.5597944924731737,0.883078351037161,0.9864354253080803,-1.0732628327747755,0.3471790095096201,-0.05865417772142963,-0.10736968497754047,0.9731444452274104,0.13966130831007512,0.0157211051883368,-1.2014211593133048,-1.2824894068953336,-1.267792818741209,-1.213862569733937,-1.1390296872898706,-1.1427506291793543,-0.9163284602789363,-0.8318993090142516,-0.7237767411578897,-0.7311109703794937,-0.640129060895047,-0.5873713322091039,-0.553155216655513,-0.47429373324251944,-0.5055592603140757,-0.5428800617849014,-0.5095022296103211,-0.5136811909320649,-0.4946171044490378,-0.42134895144806334,-0.27440072086381795,-0.19598118682280866,-0.15722702830745697,-0.11427468278464505,-0.010583368337573023,0.037259673605746016,-0.005954969252101703,0.038192105341694024,0.09117864898624997,-1.1609398009922343,-0.2959217096823393,-0.24112330145365188,-0.656642095293528,-0.8845900343163515,0.6676362470726427,1.0802405740633607,-0.0175991320496363,0.22621081541473712,1.1417908783525914,1.3060308626003205,-0.6249129287962303,-0.7782206252341769,-0.23734706888812465,-0.1902192260749287,0.003843024927897863,0.25071039867965594,-0.01518684321093394,0.17969794778649786,0.08753099884167985,0.5610839475789094,-0.6765769479935617,-0.6213858488623931,0.10371137727680473,0.31681719539368564,0.6671727937327833,0.386600111758298,-0.34330473747987195,-0.4581263240423058,-0.6114556478364332,-0.6356892856597561,-0.6894465690535315,-0.6732305003957796,-0.0945890032956093,0.1898595741838898,-0.49247742559989394,-0.5194256828789408,-0.3967725700535559,-0.6183419178139781,-0.4830022833459004,-0.15517456783794592,1.2598298034846493,1.1894842001913806,-0.40708393142741295,-0.2660730328353228,0.7986258921395423,1.1105067280662415,-0.5172075277899296,-0.5396235438821483,0.7688835077213244,0.794461491800959,-0.5615501343424522,-0.6305455265315572,-0.34459870942715737,-0.4629844511980867,0.7434955949487597,1.0541559412962072,-0.8187785569029137,-0.8714752733952406,0.906297166822211,1.582653885180288,-0.7718895037248367,-0.8297875534299703,1.307764065727937,1.3530171145522705,-0.4528370126678923,-0.31492858424765535,1.5962726812994048,1.514899606823541,0.4631881679458804,2.566439507605706,-0.5416785516990172,-0.24859858397018056,1.349793493525574,1.4274650309042425
-1.9893337458044336,-1.7810037811811559,0.02388989930798686,-2.1231945877776837,0.022915281767268276,0.2721359927851986,-1.440720213155385,0.3867775283725257,-1.3068610924096686,-2.912128802758186,1.8187535133515547,-1.1390898190517966,-2.5641525667438523,-1.1062908616930378,-1.1667637752882465,-1.159869492133461,-1.1039627280618773,-0.8183456296330357,-2.494943930079731,-2.2346355335028667,-2.0902307447999293,-1.9294682694610943,-1.8556538966820786,-1.794213516531932,-1.7088338659828153,-1.6470912781680607,-1.5940608916773746,-1.568959095800192,-1.5212861963539286,-1.4938831332336584,-1.4737880399678427,-1.4471937015147582,-1.406227602868033,-1.391930416946255,-1.3523601043672284,-1.311415994991706,-1.2860516235623944,-1.2560439021424161,-1.2292627426516685,-1.185072812616972,-1.1720632643261866,-1.1688637113934741,-1.1609398009922343,-0.3583277641823712,-0.48045164036546517,-0.656642095293528,-0.8845900343163515,-1.6207317302966024,-1.4595741999953564,-1.4128456368856679,-1.3194289198033957,-1.7490920257427747,-1.5728130483265004,-0.6249129287962303,-0.7782206252341769,-1.087444020493156,-1.1148015972754401,-1.5592024079313294,-1.5113104755749551,-1.389672855028797,-1.2935538355763756,-1.2625615282793459,-1.1911626030904239,-0.9517480503803688,-0.9322082826409973,-1.477347437848919,-1.2873205028021908,-1.1589110991819702,-1.1199834831244224,-0.34330473747987195,-0.4581263240423058,-0.6114556478364332,-0.6356892856597561,-0.6894465690535315,-0.6732305003957796,-0.6409514772052654,-1.0416619880899904,-1.2616729361034378,-1.4339075189334138,-0.8672538784174562,-1.0368474459452661,-1.2135172376764292,-1.1636946542293223,-1.6582292742650169,-1.6080165370524726,-0.9854194299036112,-0.9791665881728715,-1.764964570886527,-1.5644148870999788,-0.725879152834858,-1.0189338715346854,-1.753534039122997,-1.680930517731046,-0.8089290481496999,-0.8994348768648438,-0.34459870942715737,-0.4629844511980867,-1.649038128608168,-1.55406494438513,-0.8187785569029137,-0.8714752733952406,-0.6126366323211593,-0.8663269816364053,-0.9867010539265537,-1.0008777706320262,-1.4970240957212182,-1.5350085746495943,-0.5834316810652657,-0.6978204799894856,-1.6291722192853695,-1.5305383422376386,-0.8156747633973614,-1.0140441103793345,-1.1153690322105796,-1.0529620508099962,-1.438960224238287,-1.3533110033248013
0.7373107620996631,-0.21034851534825444,-1.5747079460789442,0.6715857041502927,-0.2593257253369153,-0.479366535181583,0.549096749069531,-0.24668889956157572,0.1210971592968739,0.7691175393289112,-0.6357646779224896,-0.48451296315078085,0.8219316276671459,0.657631162856249,0.7074593848771069,0.6135732802316995,0.4075364642497356,0.3085865541138608,0.3301485561797172,0.28380367610221163,0.3183622008944727,0.428224748130845,0.26246109302038045,0.3951364040756955,0.5426194337606054,0.5719767401473164,0.5028279273025451,0.6562477365295848,0.5940003058481231,0.6703930629737779,0.6876537052588482,0.7015537069907027,0.739367483891141,0.7524684535165671,0.7883066949610635,0.8114354275032806,0.7923106345539295,0.9102393044545473,0.8039071893771054,0.8202758073215556,0.7835477087905975,0.7686930869222457,0.7828923579427793,0.23452975356793274,0.5965258847376947,3.007271949936271,0.8816463070806899,2.330125803281069,0.5067340121791343,0.8385748595542922,0.22621081541473712,0.6384033079877267,-0.2591658268356209,1.7885438996581762,0.9705897685504902,1.3948390781935356,0.2992655586782833,0.5463877206311007,-0.22755241004659565,1.6661040819591304,0.15385142527135973,0.6950726360461414,0.07434879461520573,3.588575139001947,0.621903886252024,1.0036987028099091,0.056686757848408376,0.7715204447564834,0.17137388391790936,-0.34330473747987195,-0.4581263240423058,0.11387726774652436,-0.32822167469977737,0.5657227374158367,-0.44806979792227475,0.8615453260462888,0.1898595741838898,1.892028656961092,0.9437452548082164,-0.7104267756294894,-0.6183419178139781,0.9577355432504203,0.02819272059684977,0.20675614181741436,-0.3403990154888516,1.5207010634932479,0.09047374483345154,0.7581481479864991,-0.3098056339689197,1.1521654725694974,0.7385373298579511,0.8548750150001081,-0.13995800848595683,4.386028141802501,0.17612252446830268,-0.1665115210927091,0.3118849231920165,0.49164993983750416,-0.31205499882258847,4.103204644625568,0.3547210911809774,-0.6126366323211593,-0.8663269816364053,1.018206747956139,0.8811146185905873,0.2970295931336469,-0.43480831209650295,-0.061053007475772095,0.4508552072360051,0.349100653073292,-0.378210469619895,3.1807718970502696,2.054941847893557,1.225288128276595,0.10331043277223882,2.0469819229665394,0.26880834997547426
-1.7248885379605237,-1.6418317956010253,-1.2640036317187446,-1.0052824710064932,0.22899601711318007,0.44327023182713904,-1.398700714627047,-0.006289935939064544,-1.3068610924096686,-2.7368313578968957,1.430672056966078,-1.2726769325009835,-2.4029104622480904,-1.2105903446261015,-1.2585461727697294,-1.2736265120713577,-1.3493555252200375,-1.3976946583243932,-1.3309943299423184,-1.2958013130296493,-1.080335920225639,-0.9035216543802455,-0.8033707568085755,-0.6588320501665694,-0.5809751580621055,-0.5281985004232876,-0.5456164821874147,-0.3649776012318696,-1.5212861963539286,-1.4938831332336584,-1.4737880399678427,-1.4471937015147582,-1.406227602868033,-1.391930416946255,-1.3523601043672284,-1.311415994991706,-1.2860516235623944,-1.2560439021424161,-1.2292627426516685,-1.185072812616972,-1.1720632643261866,-1.1688637113934741,-1.1609398009922343,-0.3583277641823712,-0.48045164036546517,-0.656642095293528,-0.8845900343163515,-1.4642621250063979,-1.3776446911547526,-1.4128456368856679,-1.3194289198033957,-1.231321953367485,-1.4051134030297923,-0.6249129287962303,-0.7782206252341769,-1.2914672888783636,-1.1691887955813527,-1.597955600481558,-1.536482202350021,-1.3651284619606208,-1.2677073130612375,-1.2625615282793459,-1.1911626030904239,-0.9517480503803688,-0.9322082826409973,-1.3557275289930941,-1.2656429663400843,-1.1589110991819702,-1.1199834831244224,-0.34330473747987195,-0.4581263240423058,-0.6114556478364332,-0.6356892856597561,-0.6894465690535315,-0.6732305003957796,-0.8458374049213864,-1.315333446373075,-1.1078338340027292,-1.2510111517225193,-0.8672538784174562,-1.0368474459452661,-1.2135172376764292,-1.1636946542293223,-1.3125638738704284,-1.4477430573145433,-0.9854194299036112,-0.9791665881728715,-1.1847835713595745,-1.1856649238906025,-0.725879152834858,-1.0189338715346854,-1.4860049053667812,-1.4842106229338008,-0.8089290481496999,-0.8994348768648438,-0.34459870942715737,-0.4629844511980867,-1.050904697718936,-1.4298639498288759,-0.8187785569029137,-0.8714752733952406,-0.6126366323211593,-0.8663269816364053,-0.9867010539265537,-1.0008777706320262,-1.3454139248320747,-1.4891668970432155,-0.5834316810652657,-0.6978204799894856,-1.4571484912541814,-1.4482292084792283,-0.8156747633973614,-1.0140441103793345,-1.1153690322105796,-1.0529620508099962,-1.3288778406423452,-1.430554782053386
0.7373107620996631,0.5849199736810627,-0.1451461266392719,0.6715857041502927,-0.7969276436305982,-0.5612133451581632,0.6193775888066446,-0.6443837794859024,0.1210971592968739,0.9444149841902016,-0.5926876362637016,0.049835490645966665,0.9831737321629077,0.7424461269996195,0.6675539946677664,0.6850360235260193,0.6107758974788867,0.5415362941098636,0.4522914154533963,0.4755096847582812,0.5618300798816325,0.5496109232939943,0.4814985706335345,0.45234554772976415,0.5799304496180957,0.6021327722612554,0.6872481781457742,0.6542394271141246,0.7495216028922945,0.683038272210046,0.6309506981586371,0.6456312997997798,0.7571383237553191,0.8422038678543124,0.8456703735479127,0.7650537997849026,0.7579502580950331,0.7892616565168301,0.7961371132037469,0.807551514047834,0.7683879338051961,0.7880266254737691,0.8078880565145968,0.6869736486931647,0.23753337636997476,1.6333041829750963,2.6478826484777316,1.000134158314328,0.9983110652227569,1.4093575206235778,1.9006538619010478,-0.13825180057520745,0.1321333455233645,0.754205258892002,1.8449949654428237,0.8167731511021142,1.11507353326697,0.1459380642787367,0.35139730577991946,2.230625122527181,1.8855684337856145,1.5276296944374408,1.3885337076172057,2.0292722254767073,1.4507637096616353,1.6726082015169461,1.422371554961114,1.8149969549934855,1.7855705927208243,-0.34330473747987195,-0.4581263240423058,-0.17625589848665868,-0.32822167469977737,2.6277865980440844,1.803537226812774,1.3396124907172378,-0.08381188409919473,-0.6463165277006028,-0.15363294845715147,0.857844252250178,2.311196779105038,1.1200721997683156,1.036712806988226,0.214794872059149,0.5483902812396642,-0.02152693244328077,0.09047374483345154,0.46131135753084895,0.28199118354573083,1.181975704718773,1.2178476575104884,0.08095144949105494,0.22069513197565982,2.283307374440896,0.9827905754681625,0.9020116089139802,1.8616236719722228,0.9008991293932944,1.3646584276868425,1.243133324818477,0.5298920004061514,-0.1063253659400359,0.35816345177194137,2.020660648897485,0.7100244013885315,0.6255182967267912,0.9404420160948612,-0.1916476758731455,0.06796331149417485,-0.6400357831060387,-0.378210469619895,-0.17624329772574054,0.5204488687571113,1.1793928898356703,1.05849204964452,1.276405237794946,1.5047088096328272
0.7373107620996631,0.6975830096268826,0.05737513111468154,0.6715857041502927,-0.4318063407894719,-1.6903272918805308,1.1300684680836803,-0.275132206735142,0.1210971592968739,0.9444149841902016,-1.7988448027097634,0.1255348549338392,0.9831737321629077,1.4072120621773885,1.6306040783865143,1.6957233929742563,1.6209511544919268,1.2434108353965214,1.1132998303462478,1.2856645295582465,1.4735924430274248,1.3607973823169635,1.2357100914870753,1.1894633601956488,1.037256901128478,1.0180780427983458,1.0581264726592294,0.9434359829403772,0.9591800602999432,1.028349755200446,1.0961075699637586,1.0674189472567406,0.9311054929520088,0.8246268279324861,0.7719170725076782,0.7712974804392997,0.8231468698375545,0.8493153090902292,0.8272174178971805,0.8219723797580518,0.8155516782042228,0.7964325118005185,0.785391927799961,-0.015094464432195257,1.0751825625613212,0.25933641601392166,0.29290085994834275,-0.1929465820234837,0.09708646797611538,-0.4298310539330093,-0.28900242965797385,-0.35398933073157807,-0.03556629977334352,-0.2801333818741722,0.09618457165815668,0.20470334594649164,0.1904911620664584,-0.17700520697316974,0.12485176480432658,0.8561391107093185,0.6190888305438461,0.9200880572329792,1.0964926158389836,0.42410746155366624,0.9327263200306283,0.2861412405605421,0.5552700964768564,0.6671727937327833,0.7094394535188809,0.06177459877956396,1.0563408628744078,-0.17625589848665868,-0.32822167469977737,0.20710293556744572,0.0022516070247350006,-0.5726561679665583,-0.22064761324073698,1.5843504527596746,1.126641622019111,-0.23994546726558916,-0.19983638968269005,0.572185984020419,0.8533455185534304,-0.605155612597782,-0.35496933182866336,0.2997705667101627,0.625293911336613,0.13748940430650336,0.518709910551591,-0.15948474199862386,-0.22008332544712342,-0.30123302730353924,-0.18913798218526817,1.9122390037300245,1.251679925801449,1.0800987972484286,1.8616236719722228,0.23980428472624862,0.3089499739586823,1.3761598978327605,1.2305756373068473,-0.6126366323211593,-0.8663269816364053,1.018206747956139,1.052204835792643,-0.33467945223778445,-0.1597582464582301,0.3307309977163481,0.8337471029778354,0.26308878905769806,0.6094991354810281,0.4631881679458804,1.03194652846926,0.6286500285445702,0.7568557495795891,0.028804890374271336,-0.2718981011246176
0.7373107620996631,0.2933215277036464,-0.6693187937671515,0.6715857041502927,-0.7207673718723264,-0.8867404302922889,-0.03604711873466596,-0.6976052511691413,0.1210971592968739,0.7691175393289112,-0.2373020425787017,-0.14609227574617412,0.6606895231713841,0.40777086308253585,0.019756493602807554,-0.0908451893837383,-0.24584067664990586,-0.10588246380110514,-0.10381783794558969,0.03169714417094205,0.05129284384223112,0.01621205743284766,0.0163261954963207,0.09918910324984032,0.2324049876311852,0.14459297467045598,0.15130866464556153,0.18831164272738443,0.13826384678830464,0.30076386991363147,0.2974601309760396,0.3736019631252905,0.3886272234139439,0.33524503221426655,0.3721923915612212,0.38418927986668455,0.43461030526387967,0.38890397269416915,0.3653295564808773,0.38086354626903557,0.40371112443415064,0.33410876382930554,0.41878834874663656,-0.3271247369323552,-0.36078747090955854,0.03034178818705923,-0.8845900343163515,0.5502840431049891,-0.27159632180660165,-0.0175991320496363,-0.22460077402388498,0.8109933321128232,-0.17531600418726687,0.754205258892002,0.09618457165815668,0.8507770291663155,-0.08144482946310382,0.8822487227330834,0.2003669451295242,0.18116830133447503,-0.33723250251626474,0.6950726360461414,-0.022998235977535007,-0.03451104242434543,-0.10334845923138597,0.7361349033270943,-0.05170092446212381,0.3019560151498325,-0.15146545784267357,-0.34330473747987195,-0.4581263240423058,0.8392101833294819,0.594181158180159,0.02779303464325026,0.0022516070247350006,-0.2311796217730233,0.1898595741838898,2.507385065363927,0.2121597859646378,0.5441900466742445,0.637174666579886,0.2880968351141023,0.11987636481424761,0.7855447192223068,0.3006949034628647,1.2636630641704931,-0.6226198105040971,1.216895915054322,0.7080848921562792,0.7944426867781916,-0.060313216229611,1.1988410441152428,0.3518417285071568,-0.43786067743882834,-0.6305455265315572,0.011575667241739127,0.3118849231920165,1.4990325602825263,0.6194524603493177,1.5756997573541853,-0.17079163649454457,0.906297166822211,0.35816345177194137,1.018206747956139,0.5389341841864758,1.0803488093942217,0.43618356242469436,-0.5834316810652657,-0.6978204799894856,0.6501421771278709,0.19795346668897676,1.5821932328712172,0.008951209044962638,0.3303309786785577,-0.09778043393771511,-0.04458336535635659,-0.19465432239603303
0.7373107620996631,0.7307191966697708,0.1169402069246682,0.6715857041502927,-0.6871672519789713,-0.3398549272669577,0.5051401814600993,-0.728892512939319,0.1210971592968739,0.7691175393289112,-0.011147573870064657,0.14779937384203695,0.8219316276671459,0.5945930138307709,0.6994783068352388,0.42689509366694584,0.5415239424526574,0.5672515251483834,0.5658124258371686,0.5319710434720551,0.5071740254151272,0.500589583324261,0.5300481146405738,0.5040538121863262,0.512770621074613,0.4721498752184146,0.5843396403824255,0.6200981670513032,0.4443848808436039,0.5702040974864224,0.5675202156397569,0.5622216077184032,0.6168422195644402,0.5618963364693965,0.5142357861572286,0.6571273199017542,0.641653599311076,0.7004866918431096,0.7633301249162339,0.7795580688456464,0.7742834018550744,0.8166066389847169,0.7995561569906576,0.6713721350681567,1.194846732017228,0.03034178818705923,0.8816463070806899,1.4304255728623911,1.1621700829039645,0.9971255987402049,0.8702273717556258,0.8253758341232479,1.0824313355380433,-0.6249129287962303,-0.7782206252341769,1.2248196878725293,0.6799759468196704,1.5281352652368962,1.2575794696822908,0.6475117696298214,0.9034005782103656,0.6725710939274577,1.1938396464317242,0.7451404143382744,0.9327263200306283,0.6510009671280168,0.8154005340221336,0.8236942702683335,0.9246656813592695,0.06177459877956396,1.0563408628744078,0.8392101833294819,0.594181158180159,0.02779303464325026,0.0022516070247350006,1.2030218722398238,0.874038219891601,0.04595943175258676,-0.3365293156680461,1.0146713550381448,0.637174666579886,0.36926516337304993,0.5324527637925379,0.9543580542987338,1.000070087773828,-0.47134343125810163,-0.08779964400093564,0.5962371713743263,0.6133974013539352,1.00311431182312,0.8983074390754635,1.0173034176378106,0.9420014128988932,0.05689715017566696,0.713901225134876,-0.34459870942715737,-0.4629844511980867,1.15274478450455,0.7436534549055718,0.9770801787899107,0.8802338188564993,-0.1063253659400359,0.35816345177194137,0.8033951977544219,0.8811146185905873,0.7265917439862202,1.1238087265203764,0.0695416609216013,0.4508552072360051,1.1662133612214347,0.44488086796420756,0.3033303015279752,1.03194652846926,0.8581262207491952,1.1087647663220084,1.1296287263336902,0.7322710223469816
0.7373107620996631,0.9825542181957213,0.5696347830805637,0.6715857041502927,0.8449982151580251,0.9213300082812551,0.9140604313227556,1.1368125410625294,0.1210971592968739,0.7691175393289112,-0.47422577170203495,0.31700971754434043,0.8219316276671459,0.45590908597471913,0.3775748258132263,0.3875176636884431,0.40302003240019896,0.34942839164562756,0.41061914581884695,0.31531699259362034,0.5494082493210631,0.6056353118308325,0.5548874162255707,0.6426759679634926,0.8197869801305341,0.9432078941016695,0.8614794648540183,0.9183321152471261,0.8666547316787273,0.9437241241577282,0.8577627265594815,1.016235727115896,1.1452908786834173,0.9855955093218437,1.0013717868550749,1.1164838251895348,1.1306281873799864,1.1469725435844684,1.169100769524949,1.2970126619769924,1.289715751358723,1.2923798050787287,1.2636429604740707,0.21892823994292473,0.1178692069140681,0.9463202994945089,2.059137201345384,0.6480775464113672,0.8344520475415494,1.06054589441457,1.6430472393646922,-0.2533118166586051,0.38368281346842653,0.40942571196994393,0.9705897685504902,0.9527886633589192,1.604558318020182,0.6497295674317107,0.6786297538557758,1.383843561675105,1.6271032086342332,1.7526451156242784,2.362004013544613,1.983410375078906,2.0724085772188436,1.2347765296359763,1.5307592372716463,0.8758680957801837,1.1398919091996582,-0.34330473747987195,-0.4581263240423058,4.030675011894496,4.898727711619863,2.6277865980440844,2.7041800367067936,2.159156201581722,1.8318883238823969,0.12287898280294114,0.39505615317553244,4.464867616373413,3.5667133634989026,1.5056217589983167,1.8618656049448066,0.6086926539041453,0.7523747099970285,0.5568085660329175,0.8035673001710002,-0.09188447922740808,0.06894432924045665,0.4069096688376103,0.8983074390754635,0.12872450909037922,0.6469215707030249,1.1701022623082815,2.058347976801309,0.9020116089139802,1.0867542975821196,0.08240075028171391,0.867854449461826,1.5756997573541853,2.982284729558587,-0.1063253659400359,0.35816345177194137,1.0898105980233779,1.736565704600866,-0.0314591104594974,0.34450020721193675,0.7225150029084683,1.982422790203326,0.349100653073292,0.19795346668897676,-0.8156747633973614,-1.0140441103793345,2.120245277874633,2.5666735499691744,0.32235791329678304,0.8867585798041507
0.7373107620996631,0.9361635563356777,0.4862436769465835,0.6715857041502927,-0.87308791538887,-0.9983497166239892,0.0320979781694473,-0.8719309895875034,0.1210971592968739,0.9444149841902016,0.6134695301823603,0.2858393910728636,0.9831737321629077,0.47768590109261155,0.34964105266668805,0.29417857040606626,0.31419687269264396,0.12404195489624825,0.07724098874245226,-0.023451159689023175,0.03638664716954787,0.12592648498415573,0.1495551767249402,0.19270404960745255,0.2782442356846734,0.28393464030038124,0.2745951306788804,0.2766772570076283,0.22193036735004237,0.13832156664772502,0.19174266011123925,0.13759044803139558,0.23804273824906727,0.2233070411331615,0.23834380819190648,0.29677775070512624,0.37469990528426544,0.3984777433942762,0.42144677328846547,0.4801130338040642,0.5216204854317174,0.5207194402831405,0.4196215386990305,-0.21791414155729924,-0.12145913199774522,-0.19865283963980318,0.29290085994834275,1.2739559675721863,1.4489233638460777,1.536198111972308,1.3854406168283369,0.8397583361336726,1.1662811581863972,-0.6249129287962303,-0.7782206252341769,-0.3393587030807284,-0.13583202776901626,1.3731224950359813,1.3582663767825545,0.7211449488343498,0.9809401457557799,0.9200880572329792,0.6097574628752798,0.14893635916685924,0.2074739745472183,0.7361349033270943,0.7503679246358144,0.3019560151498325,0.4942132256784923,0.8719332712984358,1.0563408628744078,-0.17625589848665868,-0.32822167469977737,0.6553776878779344,0.9028944169187545,0.9298406352849957,1.6950525947408546,0.04595943175258676,0.39505615317553244,1.0146713550381448,1.474185722842462,0.7142305584735774,0.4407691195751401,1.4206044083193416,1.6703046394051677,2.0347770621387573,1.5166608555085488,1.6081807752004063,1.4655848185750318,-0.1296745098493484,0.09945689298790142,0.596900493163757,1.1223279831297015,-0.06679230672795687,0.4450118748015893,0.723924420579532,1.0867542975821196,0.05092004339280697,0.7436534549055718,-0.6857519838886303,-0.5211334549448926,2.4252309659655813,4.0316347519969815,1.0898105980233779,0.5389341841864758,1.3835691511725088,1.2613337593395129,1.8978670184848287,0.4508552072360051,2.1983557294085627,1.4325904730651307,-0.17624329772574054,1.03194652846926,0.6974928862059577,0.30440129948219274,0.6526050640846087,1.195733694718489
0.7373107620996631,0.2933215277036464,-0.6693187937671515,-0.781700047652255,2.484684065953758,2.309005468338728,0.2852696932282763,2.226992203160028,1.6324716573375866,0.24322520474504025,-2.2080766984682487,0.9810162520417691,0.33820531417986044,-1.0466911571598585,-0.6001072343156131,-0.22210328931208076,0.2494613495159514,0.31161187541251023,0.5399468791674483,0.5201535497877768,0.6823218363191554,0.5951307389801753,0.6836001608023725,0.7416917935186114,0.7046558454845636,0.7612318382416924,0.6974371422807593,0.6863723777614861,0.790862707169859,0.7871180713085609,-1.4737880399678427,-1.4471937015147582,-1.406227602868033,-1.391930416946255,-1.3523601043672284,-1.311415994991706,-1.2860516235623944,-1.2560439021424161,-1.2292627426516685,-1.185072812616972,-1.1720632643261866,-1.1688637113934741,-1.1609398009922343,-0.3583277641823712,-0.48045164036546517,0.03034178818705923,0.8816463070806899,0.002640424589272306,0.015156959135511594,0.14095160713627639,-0.03139580712161837,-0.6416393709400722,-0.7063648809601756,0.06464616504788588,0.9705897685504902,-0.3393587030807284,-0.35338082099266604,-0.5645371324754574,-0.6303000384476496,0.11980731866403474,-0.10461379988002156,-0.04747825387042273,0.025675279318835363,0.14893635916685924,-0.2069559371575874,0.006415450192144806,-0.09505599738633667,0.4584774916853828,0.17137388391790936,-0.34330473747987195,-0.4581263240423058,-0.32132248160325017,-0.020754063739798538,-0.061861915818847465,0.45257301197174477,-0.7092467864439723,-0.22064761324073698,-0.6463165277006028,-0.88521841730073,-0.7104267756294894,-0.6183419178139781,0.06488393240199623,0.02819272059684977,-0.6855429150151282,-0.8066491383628271,1.9705175623080686,3.1211213550180332,-0.7260358042917515,-0.8542587060823982,-0.18929497414789936,0.5787672206404386,-0.6547536683385389,-0.7137243683112561,-0.685239591246076,-0.6305455265315572,-0.34459870942715737,-0.4629844511980867,-0.2638870254962625,-0.6846579824913509,1.1101067518041938,1.9312592742075434,-0.6126366323211593,-0.8663269816364053,0.01575284701479263,0.025663532580308426,-0.5873630703863569,-0.7557000553411546,3.0732190340611893,5.4284498518797974,0.30609472106549507,0.3625717342057973,-0.8156747633973614,-1.0140441103793345,0.16969764413532024,0.10331043277223882,-0.7417717947973218,-0.5808732160389558
0.7373107620996631,0.23367639102644763,-0.7765359302251268,0.6715857041502927,-0.5953269242704671,-0.4421634397376829,0.5386663770944116,-0.49846368962028104,0.1210971592968739,0.7691175393289112,-1.1203813965838538,-0.18616840978093027,0.8219316276671459,0.6656542000049462,0.6396202215212282,0.6091980102340881,0.5053924876563639,0.4492639945010573,0.3804426747041733,0.3560216930616899,0.35935424174435165,0.3675316605492703,0.4623045648633097,0.5150555705813394,0.4520069666781287,0.49710659145064007,0.5507160587369748,0.6311438688363337,0.6658550823305568,0.6451026445012416,0.6636270073350299,0.6939710077105775,0.7459146354200488,0.7080633000298477,0.6872373564985198,0.6508836392473571,0.604650116970726,0.7379114318526192,0.7952737714067072,0.8771109839441789,0.8399757601251473,0.7981136890658683,0.8053884866574151,0.23452975356793274,1.9128317487526678,0.25933641601392166,1.470391754213037,-0.2125052826847593,-0.3944905850675073,0.7434444160427446,0.4838174379510926,-0.4978143508358251,-0.5386652356634676,0.40942571196994393,0.9705897685504902,1.2248196878725293,0.6255887485137579,0.5722231823312532,0.2003669451295242,1.138399630993344,0.7741679656346748,0.740075720283509,0.7557780087643909,0.5158311623492685,0.5182964083258226,0.6874869397847643,0.5119150235526435,1.032389572315734,0.7094394535188809,-0.34330473747987195,-0.4581263240423058,2.1448094313788055,1.5165839910600956,0.20710293556744572,0.9028944169187545,0.8615453260462888,-0.08381188409919473,0.6613158401554219,0.9437452548082164,-0.08311836447762241,0.637174666579886,0.45043349163199753,0.2574018311403444,-0.47653592873002815,-0.44239122986753376,1.1994035643398044,0.625293911336613,-0.024421572305669426,-0.3098056339689197,2.821538472928925,1.8569280943805377,0.4249174786061897,-0.18913798218526817,0.5516549777901623,-0.09276682586498394,0.5458372322450838,1.8616236719722228,1.3731097327268986,0.3089499739586823,2.3073459089327435,0.7050629096313253,-0.6126366323211593,-0.8663269816364053,-0.19905870318692442,-0.14542668462174735,-0.33467945223778445,-0.34312495688374534,0.3307309977163481,0.8337471029778354,0.30609472106549507,-0.13128306834466427,1.2624775000354067,1.03194652846926,2.120245277874633,1.2093101996769855,-0.5216070276054381,-0.2718981011246176
0.7373107620996631,0.4788841751438204,-0.33575436923122837,0.6715857041502927,-0.6647671720500679,-0.3826384870274428,-0.7543024003165767,-0.6726648945059527,0.1210971592968739,0.41852264960633057,0.22577615525326863,-0.021410969860266322,0.33820531417986044,-0.3601484068641972,-0.6307013668094408,-0.8448500523054389,-0.9699752498589554,-0.8879280195019716,-0.792128774323146,-0.676039422031945,-0.583462697802864,-0.48567308987632757,-0.41384534558930663,-0.42119406883428423,-0.3155339309616738,-0.2838306539827471,-0.2878356895722934,-0.23744995335015406,-0.19443361144542898,-0.1641907466199211,-0.16193033332736556,-0.16856103540365686,-0.11550344431194744,-0.10695628792431372,-0.10219612500621399,-0.06446377287070125,-0.07550912985665935,-0.12198724557518303,0.03380630641758674,-0.03988641798202603,0.010399184535124742,0.019728615208880692,0.08634555774146278,-0.15550808705726726,-0.12145913199774522,-0.656642095293528,-0.8845900343163515,0.4720492404598867,0.4248045033385305,0.9654154509030224,0.3550141266829149,1.055495866290043,0.5793323996479193,-0.2801333818741722,0.09618457165815668,-0.5433819714659359,-0.2989936226867536,1.5668884577871252,1.0058622019316321,0.2302570874708273,0.205544470301636,0.6950726360461414,1.0964926158389836,-0.7224387983913629,-0.6213858488623931,1.2712625022927238,0.7720454610979208,0.3019560151498325,0.2789869978381037,-0.34330473747987195,-0.4581263240423058,-0.6114556478364332,-0.6356892856597561,0.4760677869537389,0.0022516070247350006,0.3151828521366327,0.05302384504234753,0.7382353912057763,0.2121597859646378,-0.5535996728415227,-1.0368474459452661,0.5316018198909452,0.9908709848795272,1.1312101196168953,0.6212418629387229,-0.8569004302422337,-0.6226198105040971,0.17796714845954656,0.11628807464162869,0.19823804379268192,0.4189971114229262,0.9504211341987567,0.46659500047221664,0.5516549777901623,-0.36165617619827056,-0.34459870942715737,-0.4629844511980867,2.380492353171921,1.613060416799351,-0.4196988378600638,-0.5211334549448926,-0.1063253659400359,0.35816345177194137,-0.1274548531196854,0.7100244013885315,1.0550804475793645,0.6653919504565884,-0.3222423442705189,-0.31492858424765535,-0.08095866700467784,0.03333519917215625,-0.6558168969794562,-0.502546450667186,0.7663357438673452,0.8071284662570776,0.7993815755458645,0.5777834648898125
0.7373107620996631,0.9891814556042989,0.5815477982425618,0.6715857041502927,-1.1754889944290665,-1.1397214793108095,-0.8888541987956166,-1.2341732552847624,0.1210971592968739,0.24322520474504025,1.162701811331906,0.32146262132597997,0.17696320968409862,-0.23636440514144022,-0.5429095083488918,-0.7267177623699307,-0.8359877716560337,-0.9862509617080767,-0.8036245728430217,-0.7088657933771624,-0.6145172742042875,-0.5603722745921118,-0.5312674985365645,-0.42779512387129215,-0.3890899336521549,-0.32334545468377063,-0.31228920349625744,-0.3579485182777593,-0.3046765561856011,-0.3130151322467695,-0.3233897433754243,-0.3306412325163317,-0.24925239697391863,-0.26052411039921813,-0.2333131046332978,-0.15990289144505568,-0.175947153351895,-0.22294700932176711,-0.20620271315948296,-0.15016362635428007,-0.16141159863275809,-0.14838911132610585,-0.16277823802431907,-0.3271247369323552,-0.48045164036546517,-0.656642095293528,-0.8845900343163515,0.33513833583095753,0.7115577842806438,0.9654154509030224,1.256637305560159,0.9835833562379197,1.2501309808347514,-0.6249129287962303,-0.7782206252341769,-0.37336258114492965,-0.08144482946310382,0.8176600684827021,1.0813773822568298,0.14435171173221087,0.205544470301636,-0.6325183489562006,-0.3150393277557572,-0.9058861999825676,-0.8286008047147959,-0.18817640397717506,-0.160088606772656,-0.3763037165042188,-0.4743047996032565,-0.34330473747987195,-0.4581263240423058,-0.6114556478364332,-0.6356892856597561,-0.4204817176672384,-0.44806979792227475,0.1102969244205117,0.6003667616085165,1.0459135954071939,0.39505615317553244,-0.7104267756294894,-0.6183419178139781,-0.564170611604848,-0.24685821205534378,1.8305796506478071,1.6703046394051677,-0.47134343125810163,-0.6226198105040971,1.1359404267482356,1.3235535823715157,-0.4277768313421032,-0.5396235438821483,1.4759247897913237,1.6305210446892522,-0.06679230672795687,-0.36165617619827056,-0.1665115210927091,0.3118849231920165,1.4045904396158055,1.4888594222430966,-0.752265270395772,-0.6963043641700666,-0.6126366323211593,-0.8663269816364053,-0.5570779535231195,-0.3165169018238031,1.9900098347290829,1.9031172458288161,0.0695416609216013,-0.31492858424765535,0.9081777691746529,1.1033539380314896,-0.01638543130783529,0.5204488687571113,-0.9317880784468797,-0.8015984674225538,1.6800406443133995,0.9640023585327352
-1.9285828196781298,-1.6617135078267582,1.741081274010295,-2.0114033761005645,0.22675600912028973,0.441410077054944,-1.3209199407554424,0.7051976185118948,-1.1882763241018588,-2.386236468174315,0.5380847072794811,-0.818480746773748,-2.080426253256567,-1.209444196462002,-1.132179103773485,-1.0111103122146727,-0.9248109313635886,-0.8788520556060234,-0.7720111269133636,-2.2346355335028667,-2.0902307447999293,-1.9294682694610943,-1.8556538966820786,-1.794213516531932,-1.7088338659828153,-1.6470912781680607,-1.5940608916773746,-1.568959095800192,-1.5212861963539286,-1.4938831332336584,-1.4737880399678427,-1.4471937015147582,-1.406227602868033,-1.391930416946255,-1.3523601043672284,-1.311415994991706,-1.2860516235623944,-1.2560439021424161,-1.2292627426516685,-1.185072812616972,-1.1720632643261866,-1.1688637113934741,-1.1609398009922343,-0.3583277641823712,-0.48045164036546517,-0.656642095293528,-0.8845900343163515,-1.6207317302966024,-1.4595741999953564,-1.3177151933741202,-1.3194289198033957,-1.677179515690651,-1.4051134030297923,-0.6249129287962303,-0.7782206252341769,-1.2914672888783636,-1.1691887955813527,-1.6108733313316344,-1.5113104755749551,-1.3774006584947087,-1.2677073130612375,-1.2400599861606623,-1.1424890877940534,-0.9517480503803688,-0.9322082826409973,-1.428699474306589,-1.2439654298779779,-1.1067372736701202,-1.012370369204228,-0.34330473747987195,-0.4581263240423058,-0.6114556478364332,-0.6356892856597561,-0.6894465690535315,-0.6732305003957796,-1.2556092603536284,-1.1784977172315327,-1.2616729361034378,-1.4339075189334138,-0.8672538784174562,-1.0368474459452661,-1.1932251556116922,-1.1178528321206234,-1.6341130835398132,-1.4623133736543552,-0.9854194299036112,-0.9791665881728715,-1.6975016639647882,-1.4933992689982207,-0.725879152834858,-1.0189338715346854,-1.7153155914435376,-1.4842106229338008,-0.8089290481496999,-0.8994348768648438,-0.34459870942715737,-0.4629844511980867,-1.586076714830354,-1.4919644471070028,-0.8187785569029137,-0.8714752733952406,-0.6126366323211593,-0.8663269816364053,-0.9867010539265537,-1.0008777706320262,-1.5475608193509327,-1.351641864224079,-0.5834316810652657,-0.6978204799894856,-1.3711366272385874,-1.3659200747208182,-0.8156747633973614,-1.0140441103793345,-1.1153690322105796,-1.0529620508099962,-1.3288778406423452,-1.430554782053386
0.7373107620996631,0.5716654988639074,-0.16897215696326648,0.6715857041502927,-0.640127084128274,-0.5351711783474331,1.332169342211112,-0.4927987813232763,0.1210971592968739,0.593820094467621,-1.2496125215602178,0.040929683082687573,0.6606895231713841,1.2593589490085397,1.279436644544319,1.1706909932608864,1.0533862187334826,1.0634042181268828,1.0960561325664344,1.0099230102584205,1.1208124551072545,1.309441692824862,1.3023245821013851,1.2642753172817385,1.2813775477389153,1.2312499939486046,1.3118316796203568,1.2878610476917822,1.2800657744543726,1.2053826845082003,1.1749151391538826,1.020974914165974,1.0798193633943405,1.083656889938349,1.1297571627399277,1.1387826846695241,1.208159293235958,1.1817862552212217,1.1734174785101479,1.1477142875653252,1.1667531320326892,1.1469579716259655,1.1953213843777692,0.3593418625679967,3.588130121135361,-0.19865283963980318,0.29290085994834275,0.002640424589272306,-0.025807795284790297,-0.4932513496073743,0.0330058485124705,-0.09510429454393333,-0.03556629977334352,-0.2801333818741722,0.09618457165815668,0.782769273037913,0.516814351901933,0.27511537277949927,0.22553867190459007,0.5247898042889407,0.3089305603621885,0.11003254096036362,0.3177163710970576,1.478930020703093,0.8291188421044269,0.6266769853568518,0.20842951308315344,-0.3763037165042188,-0.3666916856830622,-0.34330473747987195,-0.4581263240423058,-0.6114556478364332,-0.6356892856597561,-0.5101366681293361,-0.44806979792227475,1.8176796553881867,0.7372024907500588,-0.33863832349918516,0.2121597859646378,-0.7104267756294894,-0.6183419178139781,-0.42212603715168967,-0.2927000341640427,0.02990407649925277,0.24241363810361777,0.10699206721809662,0.09047374483345154,-0.44269159522044915,-0.40449312477126376,-0.2787256705957258,0.09945689298790142,-0.1388046246658367,-0.02520473652089698,0.18058660707929078,-0.09276682586498394,0.18966285557618737,0.3118849231920165,-0.5786940943853319,-0.2499545015444614,-0.4862121243672054,-0.3459625457197186,0.3999859004410875,0.35816345177194137,0.01575284701479263,-0.6586973362279146,0.17068778405936064,0.39034188481831555,-0.1916476758731455,-0.31492858424765535,-0.8120595111372266,-0.6251378708951258,-0.8156747633973614,-1.0140441103793345,1.2023405090561328,0.9076738996120545,0.2856637854314691,0.11432079251830517
0.7373107620996631,1.1681168656358953,0.9031992076164874,0.6715857041502927,-0.9313281232040189,-1.1080988481834944,0.9959636855464311,-0.9760991697690471,0.1210971592968739,0.7691175393289112,-0.15114795926112576,0.44169102343024824,0.8219316276671459,1.1103596876755917,1.2953988006280552,1.3194501731796746,1.2611420838121705,1.1223979834505458,1.3317200022238858,1.1858723606687855,1.0549767531362368,0.9266083711564678,0.9466709457707483,0.8924158835302923,0.9061353311150118,0.8516999345835096,0.8349881581030573,0.9203404246625863,0.9670545563528126,0.9369151653381992,0.8942833074036852,0.893964701223878,0.9236230340618287,1.0161240523439632,0.8638810651627855,0.7846767961272934,0.8249089404251903,0.8423525667628786,0.9023281542396447,0.8211240935398036,0.8551355351105487,0.8426648865976398,0.8303841852292327,-0.3583277641823712,-0.48045164036546517,0.25933641601392166,0.8816463070806899,1.3326320695560132,1.735676644788191,0.36292264199655416,0.9346290273897147,0.4658132838626302,0.7470320449446273,1.09898480581406,0.9705897685504902,0.2727111020748942,0.6799759468196704,0.44304587383049066,0.8800035680563028,0.9297722899138468,1.187712325876885,0.11003254096036362,0.5124104322825391,2.6713381310459234,3.5229132681856634,0.6510009671280168,0.7286903881737079,3.380211720348988,3.399767301523739,-0.34330473747987195,-0.4581263240423058,1.129343349562665,1.5165839910600956,0.9243425392642275,2.2538586317597837,0.1785922336592187,1.1477096781746856,0.9689940443568394,0.39505615317553244,-0.23994546726558916,0.21866913844859798,0.4910176557614714,0.7616618743360326,0.8498545611561837,1.1894842001913806,1.070884564678427,1.3383874666741618,0.46131135753084895,0.18730369274338676,-0.2787256705957258,0.4189971114229262,0.9408665222788918,1.1551146322625756,0.05689715017566696,0.4450118748015893,0.011575667241739127,0.3118849231920165,-0.20092561171844858,0.4952514657930635,-0.15364569183149723,0.3547210911809774,0.3999859004410875,1.582653885180288,0.08735669708203166,0.19675374978236418,1.712057854765653,1.719750535403301,-0.3222423442705189,0.06796331149417485,0.9941896331902469,1.0210448042730793,-0.33610116414364577,0.008951209044962638,0.7204405054264202,0.8071284662570776,0.7259933198152366,0.5777834648898125
-1.296058471186616,-1.184552414409168,-0.1567497128360226,0.11262964576469747,2.614604529541398,2.4243350642148185,0.04998854952867585,1.8699207455973825,-1.1704886088556874,-0.6332620195614115,0.7059173371189141,-1.042907097368382,-0.6292473127947105,-1.0741987130982489,-0.9911800583671488,-0.6100438957669596,-0.4430582007463414,-0.17849017496869043,-0.15267498165506133,-0.060216695595666656,0.03762883022560481,0.19595697065520343,0.31891405116810057,0.3082225127550912,0.32728157081166076,0.3536054731153439,0.43965634966563794,0.4895580550463975,0.5270670893987329,0.4612607563739582,0.48582944269877476,0.5480040465681687,0.6318071373448007,0.6229534225136357,0.6835952181755452,0.6945894038281363,0.7288760933990438,0.8179829686171515,-1.2292627426516685,-1.185072812616972,-1.1720632643261866,-1.1688637113934741,-1.1609398009922343,-0.3583277641823712,-0.48045164036546517,-0.656642095293528,-0.8845900343163515,-0.9166185064906809,-0.9679971469517338,-1.000613715002295,-1.190625608535218,-1.044349427231964,-1.1535639350847302,-0.6249129287962303,-0.7782206252341769,-0.2713509469523259,-0.5165424159104034,-0.69371444097622,-0.9071890329733743,-0.8006074213925699,-0.8541629528190273,-0.880035312261722,-0.8991215113122016,-0.9517480503803688,-0.9322082826409973,-0.8084379391418821,-0.7670596277116362,-0.2719560654805186,-1.012370369204228,-0.34330473747987195,-0.4581263240423058,-0.6114556478364332,-0.6356892856597561,-0.6894465690535315,-0.6732305003957796,-0.9141327141600933,-0.767990529806906,-0.49247742559989394,-1.0681147845116246,-0.8672538784174562,-1.0368474459452661,-0.7873835143169541,-0.9344855436858277,-0.8865111710584936,-0.9669226181007562,-0.5356029310887903,-0.6226198105040971,-0.6315877346013175,-0.7595712152800541,-0.4277768313421032,-0.37985343466463584,-1.0464927570529978,-0.97601756137425,0.18058660707929078,-0.8994348768648438,-0.34459870942715737,-0.4629844511980867,-0.5472133874964249,-0.746758479769478,-0.8187785569029137,-0.8714752733952406,-0.1063253659400359,0.35816345177194137,-0.9150972038593147,-0.8297875534299703,-0.890583412164644,-0.9849084433730486,-0.4528370126678923,-0.31492858424765535,-0.5970298510982417,-0.707447004653536,-0.01638543130783529,0.008951209044962638,-0.7711547439036421,-0.9524166174550193,-0.7050776669320079,-0.7353607734961249
-1.985760161914651,-1.8075127308154664,-1.1013223435890527,-1.7878209527463265,0.24691608105630283,0.458151470004699,-1.494511131484215,0.2868034939102413,-1.5032671149194785,-3.2627236924807668,0.08464216350276617,-1.3862259789327924,-3.2091209847268996,-1.2197595299388984,-1.3011119223263592,-1.3596734886910489,-1.38699245729951,-1.3462641962473536,-1.2059775210386705,-0.934711228232258,-0.6008532605876611,-1.9294682694610943,-1.8556538966820786,-1.794213516531932,-1.7088338659828153,-1.6470912781680607,-1.5940608916773746,-1.568959095800192,-1.5212861963539286,-1.4938831332336584,-1.4737880399678427,-1.4471937015147582,-1.406227602868033,-1.391930416946255,-1.3523601043672284,-1.311415994991706,-1.2860516235623944,-1.2560439021424161,-1.2292627426516685,-1.185072812616972,-1.1720632643261866,-1.1688637113934741,-1.1609398009922343,-0.3271247369323552,-0.36078747090955854,-0.656642095293528,-0.8845900343163515,-1.503379526328949,-1.4186094455750546,-1.4445557847228505,-1.3838305754374847,-1.6484145116698017,-1.600762989209285,-0.6249129287962303,-0.7782206252341769,-1.2914672888783636,-1.1691887955813527,-1.688379716432092,-1.561653929125087,-1.389672855028797,-1.2935538355763756,-1.2625615282793459,-1.1911626030904239,-0.9517480503803688,-0.9322082826409973,-1.428699474306589,-1.2873205028021908,-1.1589110991819702,-1.1199834831244224,-0.34330473747987195,-0.4581263240423058,-0.6114556478364332,-0.6356892856597561,-0.6894465690535315,-0.6732305003957796,-1.3921998788310423,-1.4521691755146173,-1.0309142829523747,-1.4339075189334138,-0.8672538784174562,-1.0368474459452661,-1.2135172376764292,-1.1636946542293223,-1.7145003859571593,-1.637157169732096,-0.9854194299036112,-0.9791665881728715,-1.710994245349136,-1.5407430143993928,-0.725879152834858,-1.0189338715346854,-1.7821978748825917,-1.7465038159967947,-0.8089290481496999,-0.8994348768648438,-0.34459870942715737,-0.4629844511980867,-1.6805188354970748,-1.6161654416632572,-0.8187785569029137,-0.8714752733952406,-0.6126366323211593,-0.8663269816364053,-0.9867010539265537,-1.0008777706320262,-1.673902628425219,-1.626691929862352,-0.5834316810652657,-0.6978204799894856,-1.0700951031840085,-1.1189926734455873,-0.8156747633973614,-1.0140441103793345,-1.1153690322105796,-1.0529620508099962,-1.475654352103601,-1.5077985607819704
0.7373107620996631,0.26681257806933584,-0.7169708544151407,0.6715857041502927,0.6769976156912492,0.49349441067640415,0.5484013909378563,0.9527068737319241,0.1210971592968739,0.7691175393289112,-0.4419179904579442,-0.1639038908727323,0.8219316276671459,0.6278313105896594,0.4653666842737752,0.40356032034635164,0.240428485816878,0.2480801281408731,0.33445948062467057,0.3822827901378638,0.2289250208583732,0.2963340001170385,0.30423628204969333,0.27301688589104894,0.3464700932526558,0.33176834641214664,0.3459178796237757,0.34596393184100127,0.44635350485682124,0.5390774285971469,0.5550263327193714,0.5584302580783407,0.6177775269257127,0.7136139442156877,0.8183543361256036,0.8301664694664715,0.8989159051058901,0.8849993635179012,0.9929790429288257,1.0781548176689804,1.2686605083234432,1.2326980121588085,1.1969877642825573,-0.3271247369323552,-0.24112330145365188,1.6333041829750963,1.470391754213037,0.4329318391373355,0.09708646797611538,0.045821163624728774,0.16180915978064825,0.2500757537062596,-0.11941612242169752,0.754205258892002,0.09618457165815668,1.8368894930281519,1.3326223264906196,-0.22867613037347478,-0.4289262242471226,2.402435874004414,1.6787962536645094,1.1451034784198169,0.8044515240607613,2.258581477465713,1.657978665514038,1.4536923655764613,1.1839186538779432,0.5106513171972329,0.06376076999771506,-0.34330473747987195,-0.4581263240423058,-0.32132248160325017,-0.020754063739798538,0.745032638340032,1.3532158218657642,-0.0262936940569023,-0.22064761324073698,-0.7232360787509571,-0.5194256828789408,0.07370873831034433,1.474185722842462,1.465037594868843,0.8075036964447315,-0.11479306785197035,-0.4132505971879103,3.1271885592604654,1.8732076331773233,-0.11886964199610356,-0.14410252506481752,0.37709943668833484,0.25922700220541384,0.23382524020889262,-0.10717135935308258,0.05689715017566696,0.9827905754681625,4.107580998934049,1.0867542975821196,1.9082817498383167,0.6194524603493177,1.1766200383113354,0.7050629096313253,-0.1063253659400359,0.35816345177194137,0.37377209735098776,0.36784396698441996,-0.43575289949721346,-0.38896663449012414,5.685112402008658,3.896882268912477,1.2522252252370287,-0.04897393458625401,-0.8156747633973614,-1.0140441103793345,2.6250929007248076,2.1142190998717783,0.17558140183552717,-0.34914187985320216
0.7373107620996631,0.783737095938392,0.21224432822064587,0.6715857041502927,-0.9604482271115934,-1.1267003959054445,-0.33236901970400956,-1.0183315147009842,0.1210971592968739,0.24322520474504025,-0.969611750778096,0.18342260409515354,0.17696320968409862,0.09716471061154383,0.08227493826410749,-0.01792402275688138,-0.2262694719685802,-0.24050926159100286,-0.28056574018867825,-0.19546134553796232,-0.020753773409071263,0.05006012550718738,-0.02093275688117458,-0.030631645811315483,0.009604921510742518,-0.046741849776605573,-0.08405640687259272,-0.167159123809051,-0.06352011456647462,-0.036765945854449596,-0.011042670365786883,0.06555480487020676,0.15480038309581248,0.1474482372600159,0.12907965850266997,0.1406857343452008,0.17734799946906554,0.17915136008273153,0.13222727128012612,0.15691598465153506,0.13251959413974734,0.0970627694149745,0.08551236778906887,0.3125373216929727,0.47686171528178806,-0.4276474674666656,-0.2958445871840044,0.41337313847605994,0.3838397489182286,-0.8420629758163822,-0.8042156747306848,0.37951827180008196,0.5234325178823499,-0.6249129287962303,-0.7782206252341769,-0.951428508236351,-0.8972528040517904,0.6884827599819395,0.4017407593300512,-0.19926979122225486,-0.28553945748598847,0.6950726360461414,0.3177163710970576,-0.40140584560675474,-0.5177783709361916,-0.06655649512135015,-0.05170092446212381,-0.532825193039769,-0.3666916856830622,-0.34330473747987195,-0.4581263240423058,0.11387726774652436,0.2867135472201803,-0.15151686628094518,-0.6732305003957796,-0.0945890032956093,0.05302384504234753,0.19979853385329555,0.5779525203864271,-0.8672538784174562,-1.0368474459452661,0.22722058891989153,-0.06349092362054808,0.23891106278435284,0.4172574341813586,-0.47134343125810163,-0.6226198105040971,0.6906852410647604,0.8974598737609674,0.10880734734485548,-0.22008332544712342,0.11916989717051436,0.3518417285071568,-0.685239591246076,-0.6305455265315572,-0.34459870942715737,-0.4629844511980867,0.05092004339280697,0.06054798484617399,-0.6857519838886303,-0.5211334549448926,-0.6126366323211593,-0.8663269816364053,1.018206747956139,0.025663532580308426,0.044345974985074366,0.25281685199917914,0.0695416609216013,0.06796331149417485,1.7682964093305926,1.26797220554831,-0.6558168969794562,-0.502546450667186,0.16969764413532024,0.2038558661272158,0.7626874476805505,0.8095148010755662
-1.599813101818134,-1.4363874359351183,-0.0431511338139531,-1.6760297410692073,0.12147563345444348,0.26655552846861363,-1.1636365538290392,0.3921658553390173,-0.6529978560457732,-0.9838569092839923,1.4822390450063396,-0.5809925450863047,-0.7904894172904723,-1.1017062690366395,-1.0643399404176062,-1.1175752154898837,-0.9790081135580289,-0.8894406801512963,-0.810809446917944,-0.5998822405110407,-0.542470656952985,-0.5300257308013244,-1.8556538966820786,-1.794213516531932,-1.7088338659828153,-1.6470912781680607,-1.5940608916773746,-1.568959095800192,-1.5212861963539286,-1.4938831332336584,-1.4737880399678427,-1.4471937015147582,-1.406227602868033,-1.391930416946255,-1.3523601043672284,-1.311415994991706,-1.2860516235623944,-1.2560439021424161,-1.2292627426516685,-1.185072812616972,-1.1720632643261866,-1.1688637113934741,-1.1609398009922343,-0.3583277641823712,-0.48045164036546517,-0.4276474674666656,-0.2958445871840044,-0.9166185064906809,-0.9270323925314319,-1.0957441585138425,-0.9974206416329514,-1.2600869573883346,-1.181513875967515,-0.6249129287962303,-0.7782206252341769,-0.6793974837227409,-0.9516400023577029,-1.1716704824290416,-1.2595932078242964,-1.3037674792901803,-1.190167745515823,-1.172555359804611,-0.9964685419049424,-0.9058861999825676,-0.8286008047147959,-1.2584316019084343,-1.0705451381811264,-1.00238962264642,-0.7971441413638395,-0.34330473747987195,-0.4581263240423058,-0.4663890647198417,-0.32822167469977737,-0.6894465690535315,-0.6732305003957796,-1.2556092603536284,-1.1784977172315327,-0.5693969766502484,-0.3365293156680461,-0.8672538784174562,-1.0368474459452661,-1.1323489094174815,-1.0261691879032255,-1.1357118085522668,-1.0980554651590617,-0.9854194299036112,-0.9791665881728715,-1.3332019665873995,-1.2803524146929466,-0.6364484563870316,-0.6993936530996606,-1.3522403384886732,-1.254704079003681,-0.8089290481496999,-0.8994348768648438,-0.34459870942715737,-0.4629844511980867,-1.4601538872747264,-1.2435624579944946,-0.4196988378600638,-0.3459625457197186,-0.6126366323211593,-0.8663269816364053,-0.9867010539265537,-1.0008777706320262,-1.3959506484617892,-1.3058001866177003,-0.5834316810652657,-0.6978204799894856,-1.1131010351918056,-1.2013018072039976,-0.8156747633973614,-1.0140441103793345,-1.0694737937696546,-0.9524166174550193,-1.1821013291810893,-1.1988234458676321
-0.6635341226951021,-0.42904734983131665,0.5731386110693864,0.6715857041502927,-1.2404492262228866,-1.1564628722605645,-0.9619661394974056,-1.1788836970679606,-0.8473451152169058,-0.6332620195614115,0.7914790699782336,-0.6314587879448864,-0.9517315217862341,-0.22490292350044422,-0.4830514230348813,-0.7573446523532106,-0.8901849538504739,-0.930282517683063,-0.8682884395173224,-0.7351268904533362,-0.5946423453073765,-0.5428646531743498,-0.5448162084920173,-0.5367125319819228,-0.4349291817056431,-0.41589327737827325,-0.5058795220609731,-0.5055592603140757,-0.48185271737516333,-0.3635959691918422,-0.29071343419903145,-0.2908320612956747,-0.281988154618457,-0.32620673326499056,-0.26336074579783786,-0.3052914552545863,-0.3274852238885664,-0.27603791956781565,-0.2899468674723454,-0.20699880297690332,-0.1799402125038043,-0.1626791180815797,-0.16194504807192517,-0.26471868243232327,-0.24112330145365188,-0.656642095293528,-0.8845900343163515,-0.7992663025230273,-0.88606763811113,-0.6200919409561045,-0.35340408529206274,-0.19578180861690628,-0.2591658268356209,-0.6249129287962303,-0.7782206252341769,-1.0194362643647534,-0.842865605745878,-0.5645371324754574,-0.2778958635967274,-1.1196845312788595,-0.9833955653947181,-0.9925430228551408,-0.9964685419049424,-0.9058861999825676,-0.9322082826409973,-0.905733866226542,-0.8971248464842748,-1.1067372736701202,-1.1199834831244224,-0.34330473747987195,-0.4581263240423058,-0.6114556478364332,-0.6356892856597561,-0.6894465690535315,-0.6732305003957796,-0.43606554948914433,-0.08381188409919473,-0.49247742559989394,0.029263418753743168,-0.7104267756294894,-0.6183419178139781,-0.9700122528995863,-0.9803273657945266,-0.11479306785197035,-0.18012553575092252,-0.9211599300729225,-0.9791665881728715,0.016056171847373773,0.1399599473422147,-0.725879152834858,-1.0189338715346854,-0.3681153107425932,-0.18913798218526817,-0.8089290481496999,-0.8994348768648438,-0.34459870942715737,-0.4629844511980867,-0.5786940943853319,-0.6225574852132238,-0.752265270395772,-0.6963043641700666,-0.6126366323211593,-0.8663269816364053,-0.7718895037248367,-0.8297875534299703,-0.6126314322012142,-0.5264916673092606,-0.5834316810652657,-0.6978204799894856,0.1770769250421041,0.44488086796420756,-0.33610116414364577,0.008951209044962638,-0.9547356976673421,-0.9524166174550193,-0.63168941120138,-0.9670921096818785
0.7373107620996631,0.7572281463040814,0.16459226757265677,0.6715857041502927,0.7889980153357664,0.3353812550398288,1.16578007498897,1.0600377845787092,0.1210971592968739,0.9444149841902016,-0.39884094879915627,0.16561098896859536,0.9831737321629077,0.9178067961068586,0.827175555505128,0.7200381835069107,0.651423784124717,0.6111186839787995,0.604610745841749,0.7118595584438464,0.8239307047096464,0.7538665065012168,0.7490855922537278,0.9243209828758306,0.8890788667230162,0.8839356930501341,0.9969926878493193,1.0127226577737503,1.0005211645775076,0.9651237090191052,0.9048550544901652,1.00012249114563,0.9984476229636307,1.174317411640401,1.3264326321805533,1.430451766667785,1.2680696932155722,1.3950202389963346,1.4764504492711243,1.5481053825784323,1.3890964984852434,1.3495398321006242,1.3369636762847357,0.6713721350681567,0.7161900541936014,0.9463202994945089,1.470391754213037,0.2569035331858551,0.7934872931212475,0.8702850073914747,1.5142439280965145,0.2500757537062596,0.4954825769995652,0.06464616504788588,0.9705897685504902,1.326831322065133,1.6589455163260944,0.8434955301828546,0.8800035680563028,1.997453388379508,1.6787962536645094,1.707642031386911,1.680574799395428,2.258581477465713,2.4868384889236492,1.818552092143936,1.6391469195821784,0.6149989682209331,0.8170525674390753,-0.34330473747987195,-0.4581263240423058,1.5645430989124396,2.438986823940032,2.448476697119889,2.929340739180298,1.6810890369107727,0.7372024907500588,0.19979853385329555,-0.15363294845715147,1.0146713550381448,2.7297023072363262,1.7897109079046336,2.274442003923097,0.6649637655962876,0.6940934446377816,2.291815061461512,2.2297544108460974,-0.26728803722392863,0.09261620194104267,0.6752017581810896,0.7385373298579511,0.06184222565132524,0.49938164960509085,1.9122390037300245,2.3272373271345956,0.5458372322450838,2.636493046362326,0.7120148880598528,0.6194524603493177,0.178920740704211,1.5809174557571952,-0.1063253659400359,0.35816345177194137,0.6601874976199439,1.736565704600866,0.27176123131878965,0.25281685199917914,1.2448936764979617,1.2166389987196655,0.8651718371668559,0.28026260044738704,-0.01638543130783529,-0.502546450667186,2.166140516315558,2.315309966581732,0.21227552970084113,0.5777834648898125
0.7373107620996631,0.9494180311528331,0.5100697072705775,0.6715857041502927,0.03187531373882966,0.021015098538873084,1.2733619116466295,-0.09439605747019021,0.1210971592968739,0.41852264960633057,-0.40961020921385305,0.2947451986361427,0.49944741867562226,0.9200990924350577,1.0213817878572513,1.0627676666531383,1.0142438093708313,1.072480182022831,0.950921676253004,0.933765828737516,0.969266122268308,1.0981830610505348,1.2108707899020785,1.127853513183575,1.126803339186455,1.1127055918455337,1.0999012256126681,1.1332212227013554,1.180650261786896,1.0876849677706273,1.0855358228772787,1.1081759558874131,1.1836384804955908,1.182643377919161,1.2080631366838805,1.1905160386630995,1.33062319907664,1.189619340339491,1.2260813281295768,1.2537500648463389,1.2248656028100613,1.2671621460984808,1.1978209542349512,-0.3115232233073472,-0.24112330145365188,-0.19865283963980318,0.29290085994834275,1.0196928589756036,0.9163815563821531,1.0922560422517524,1.6430472393646922,0.1493982396332867,0.18803322728893385,2.4781029935022922,1.8449949654428237,1.9729050052849568,1.876494309549744,0.7659891450823971,1.3582663767825545,0.9420444864479348,1.1101727583314707,1.2801127311319194,1.680574799395428,0.7910022647360756,0.4146889303996211,1.4658543564620437,1.6391469195821784,2.3367352101119865,2.1084099344814073,-0.34330473747987195,-0.4581263240423058,-0.6114556478364332,-0.6356892856597561,0.4760677869537389,0.6777337144452497,0.4517734706140467,0.874038219891601,1.661270003810029,2.4069161924953733,-0.08311836447762241,-0.19983638968269005,1.465037594868843,1.4034473838578174,0.592615193420676,0.7086637609775933,0.8138465653556722,0.8035673001710002,0.4882965202995444,0.447694292449833,1.062734776121671,2.1764683128155626,1.05552186531727,1.1715079568290128,1.2937917192119053,1.7894586264680223,-0.34459870942715737,-0.4629844511980867,1.4360711465047125,1.5509599195212238,2.8394522009898764,2.456772001883065,-0.6126366323211593,-0.8663269816364053,0.8749990478216609,1.3943852701967545,0.4739081258376477,0.5737085952438308,2.4202456920743223,1.5995308944614957,0.26308878905769806,0.03333519917215625,0.3033303015279752,0.008951209044962638,2.143192897095095,2.2650372499042435,0.2856637854314691,0.19156457124688972
0.7373107620996631,0.6644468225839945,-0.0021899446953045844,0.6715857041502927,0.24243606507052215,0.17726809940325342,2.4983345974674345,0.04767350434693196,0.1210971592968739,0.593820094467621,0.0534679886181168,0.10327033602564147,0.6606895231713841,1.814094660432747,1.9551679187558162,2.2688837626613516,2.2276584996130224,2.364292376546119,2.3893334660524483,2.1680373913176902,1.9530751026654027,2.0867800837734913,2.0508908071401537,2.0134950639821376,1.9316552526837478,1.8811644791628082,1.867130224977041,1.8150422692500552,1.981880235166361,2.1022198318804506,1.883222193948045,1.9280553155509437,1.9328196768748838,1.913478195721417,1.9364908012787905,1.8362910092035911,1.9799462106204004,2.0895537861495597,1.8148804337107336,1.9586759122105166,2.0519155492358503,1.9749377748107744,1.9176970731032972,-0.3583277641823712,-0.48045164036546517,0.488331043840784,0.8816463070806899,0.3546970364922331,0.30191024007762485,0.7751545638799271,0.9990306830238036,-0.2820768206794545,-0.0076163588905588464,0.754205258892002,0.9705897685504902,1.0888041756157243,1.006299136655145,1.6314771120375064,1.1317208358069615,0.8806835037774946,0.6707818755741224,0.357549504265885,0.7071044934680205,0.7910022647360756,0.8291188421044269,1.5266643108899562,1.1839186538779432,0.04108688759058203,0.17137388391790936,0.4668539350389998,1.0563408628744078,0.9842767664460734,1.2091163801001168,2.0002019448094,1.1280551193922594,2.8421092939687913,1.8318883238823969,-0.10787967034812201,0.7608488875973217,1.4851526634020449,0.637174666579886,1.3229930204156846,1.2200800954230218,1.0025904357491415,0.6503824956183464,0.4282895663715401,0.2687471336678387,-0.010928990921321694,0.06894432924045665,0.46653013313616126,0.8983074390754635,0.8739842388398379,0.9420014128988932,0.18058660707929078,0.9827905754681625,-0.34459870942715737,-0.4629844511980867,0.08240075028171391,0.18474897940242815,0.7110270327613442,1.7560883649823693,-0.6126366323211593,-0.8663269816364053,0.5169797974854657,0.8811146185905873,0.8529335530605064,0.98628369370124,-0.4528370126678923,-0.31492858424765535,0.005053197010916134,-0.21359220210307453,1.1026196336175014,1.03194652846926,1.6612928934653828,1.360128349709451,0.2489696575661551,0.19156457124688972
0.7373107620996631,0.856636707432746,0.3432874950026162,0.6715857041502927,-0.49900658057618225,-1.6866069823361407,1.837347024872727,-0.47886047946322463,0.1210971592968739,0.9444149841902016,-1.4326899486100664,0.2324045456931888,0.8219316276671459,1.9906014777040857,2.073553909710193,2.216380522690015,2.2141092040644126,2.014867766552115,2.2025267401044686,2.073497441843464,1.9928249604592247,1.7553024515971989,1.6579782184320218,1.5833263107371214,1.5041776138593579,1.4101064602795534,1.3423985720253118,1.2677779535371814,1.297783390573329,1.220946018952838,1.3421409567036577,1.3783096177418712,1.4595541520709858,1.4074444674456776,1.4393389201927644,1.384070138949407,1.4671836696184077,1.3915388678326592,1.4367367266072928,1.3292475382704205,1.170121970918334,1.252872139343007,1.2111519934732538,1.6698690070686686,0.1178692069140681,0.03034178818705923,0.29290085994834275,-0.2711813846685861,0.4657692577588324,-0.2712803147470966,0.4194157823170037,-0.454666844804551,-0.1473660633044822,-0.6249129287962303,-0.7782206252341769,0.03468395562548539,0.5712015502078455,0.5463877206311007,1.433781557107752,0.43888442855032433,0.7224749206043987,0.06502945672299609,0.1230223099115761,0.14893635916685924,1.1399412758830312,0.10371137727680473,0.5552700964768564,0.19760836412613234,1.0322787952794639,1.2770126075578716,1.0563408628744078,0.549077017096299,1.2091163801001168,5.227780161444919,7.20739408617689,0.3834781613753397,0.6003667616085165,0.507476738054713,1.126641622019111,0.23053584109831107,1.474185722842462,1.688250497580949,2.962069335553581,-0.10675433761023573,0.504679332220229,0.4282895663715401,0.2687471336678387,-0.3212583627613195,0.1399599473422147,0.28766874024050837,1.6971579851630254,0.12872450909037922,0.6141349215701507,0.3042760639829146,0.713901225134876,1.6143603622517733,1.0867542975821196,-0.32684843927407636,0.12264848212430106,-0.6192386973814887,-0.3459625457197186,1.4126084332033344,-0.8663269816364053,0.5169797974854657,1.5654754873988104,0.06961433679993162,0.6653919504565884,-0.4528370126678923,-0.31492858424765535,-0.12396459901247484,-0.04897393458625401,-0.495959030561551,0.008951209044962638,0.3532785978990202,0.5054921661921467,-0.3748305161441822,0.4232959074326434
-1.8320960546540006,-1.648459033009603,-0.14146927010779153,-2.1231945877776837,0.9749186787456652,1.0627017709680753,-0.5148011923926451,1.7376058037273363,-0.654644866716715,-1.6850466887291538,2.18671222755408,-0.6047413652550491,-1.5966999397692814,-0.7968308573861455,-0.4391554938046069,0.005410750563712837,0.09439718934852497,0.23295352164762617,-2.494943930079731,-2.2346355335028667,-2.0902307447999293,-1.9294682694610943,-1.8556538966820786,-1.794213516531932,-1.7088338659828153,-1.6470912781680607,-1.5940608916773746,-1.568959095800192,-1.5212861963539286,-1.4938831332336584,-1.4737880399678427,-1.4471937015147582,-1.406227602868033,-1.391930416946255,-1.3523601043672284,-1.311415994991706,-1.2860516235623944,-1.2560439021424161,-1.2292627426516685,-1.185072812616972,-1.1720632643261866,-1.1688637113934741,-1.1609398009922343,-0.3583277641823712,-0.48045164036546517,-0.656642095293528,-0.8845900343163515,-1.014412009797059,-1.0908914102126395,-1.3811354890484855,-1.3194289198033957,-1.4039119774925817,-1.4051134030297923,-0.6249129287962303,-0.7782206252341769,-1.1554517766215584,-1.0060272006636153,-1.6754619855820156,-1.536482202350021,-1.1933177104833879,-1.1126281779704086,-0.9475399386177733,-0.9964685419049424,-0.9517480503803688,-0.9322082826409973,-1.1732976657093568,-1.113900211105339,-0.8980419716227198,-0.9047572552840337,-0.34330473747987195,-0.4581263240423058,-0.6114556478364332,-0.6356892856597561,-0.6894465690535315,-0.6732305003957796,-1.3921998788310423,-1.4521691755146173,-1.1847533850530834,-1.4339075189334138,-0.8672538784174562,-1.0368474459452661,-1.0714726632232707,-1.0261691879032255,-1.4009899065295093,-1.4477430573145433,-0.9854194299036112,-0.9791665881728715,-1.5490832687369631,-1.3513680327947046,-0.5172075277899296,-0.5396235438821483,-1.552887188805835,-1.4842106229338008,-0.8089290481496999,-0.8994348768648438,-0.34459870942715737,-0.4629844511980867,-0.9879432839411222,-1.1814619607163674,-0.8187785569029137,-0.8714752733952406,-0.6126366323211593,-0.8663269816364053,-0.9867010539265537,-1.0008777706320262,-1.4970240957212182,-1.4433252194368367,-0.5834316810652657,-0.6978204799894856,-1.2851247632229934,-1.3659200747208182,-0.33610116414364577,-0.502546450667186,-0.9317880784468797,-0.9524166174550193,-1.2187954570464032,-1.1988234458676321
-1.3246471423048765,-1.091771090689081,0.6014206307101087,-0.6699088359751358,1.1048391423333053,1.1705907477553856,1.0067086242954035,1.5577104633444132,-0.937107196783234,0.24322520474504025,0.750572356717448,-0.7145796585354917,0.17696320968409862,0.2220948604984004,0.16873661705101167,0.2620932570902492,0.5309856014704052,0.7669227308592429,0.7971653710496667,1.193750689791638,1.131992102611767,1.1880555176617125,1.2232904406945768,1.20706617362767,1.2227459513914303,1.2364493098303182,1.2863592692828942,1.168366637471907,1.260379534322199,1.1966283088830916,1.255644844177912,-1.4471937015147582,-1.406227602868033,-1.391930416946255,-1.3523601043672284,-1.311415994991706,-1.2860516235623944,-1.2560439021424161,-1.2292627426516685,-1.185072812616972,-1.1720632643261866,-1.1688637113934741,-1.1609398009922343,-0.3583277641823712,-0.48045164036546517,0.03034178818705923,0.8816463070806899,-1.0339707104583344,-0.8451028836908281,-0.6835122366304696,-0.4822073965602405,-1.2025569493466357,-0.9579143489052376,0.06464616504788588,-0.7782206252341769,-0.2713509469523259,-0.13583202776901626,-0.9262335962775927,-0.8820173061983083,-0.7392464387221296,-0.5956977276676461,-0.5875152647188331,-0.3150393277557572,0.8368641151338767,-0.10334845923138597,-0.6138460849725622,-0.3985415078558268,0.3019560151498325,0.06376076999771506,-0.34330473747987195,-0.4581263240423058,0.11387726774652436,-0.020754063739798538,-0.4204817176672384,-0.44806979792227475,-0.5726561679665583,-0.4943190715238215,-0.8770751808516659,-1.0681147845116246,-0.5535996728415227,-0.6183419178139781,-0.4830022833459004,-0.33854185627274164,-0.9186660920254321,-0.8795007200618857,-0.40708393142741295,-0.6226198105040971,-1.1443058272065312,-1.0436336876870864,-0.5768279920884807,-0.5396235438821483,-0.8076274590563765,-0.7956909911434417,0.05689715017566696,-0.09276682586498394,-0.34459870942715737,-0.4629844511980867,-0.9564625770522152,-0.8709594743257322,-0.4196988378600638,-0.3459625457197186,0.3999859004410875,0.35816345177194137,-0.6286818035903585,-0.14542668462174735,-1.0674619448686449,-0.9849084433730486,-0.5834316810652657,-0.6978204799894856,-1.0700951031840085,-1.0366835396871772,-0.8156747633973614,-1.0140441103793345,-0.7482071246831797,-0.6005076007125999,-1.1454072013157754,-1.0443358884104632
0.7373107620996631,1.0687083045072305,0.7245039801865291,0.0008384340875784246,0.8741183190655996,0.9492323298641802,-0.9501450512589372,0.45068097139762375,0.6152003605794146,0.24322520474504025,-0.14037869884642853,0.873622690249286,0.33820531417986044,-1.1796443441954123,-1.1720844939828252,-1.159869492133461,-1.109984637194593,-0.9408711422283359,-0.9329523061916231,-0.8191624010970928,-0.8468055056869348,-0.707436294501312,-0.704013550468588,-0.4949058500808727,-0.5148813585431226,-0.3898966979697051,-0.3224781676312425,-0.2685787492897854,-0.21510416358421125,-0.19337199870361688,-0.20229518583938025,-0.14865644979332837,-0.15291573876284847,-0.0856788185452607,0.000694282617817065,0.039002935116449346,0.03373924657675489,-1.2560439021424161,-1.2292627426516685,-1.185072812616972,-1.1720632643261866,-1.1688637113934741,-1.1609398009922343,-0.3583277641823712,-0.48045164036546517,-0.4276474674666656,-0.2958445871840044,0.8436645530241231,0.8344520475415494,0.7751545638799271,0.805825716121537,0.5952558019564526,0.94268163112412,-0.6249129287962303,-0.7782206252341769,-0.47537421533753343,-0.2989936226867536,0.27511537277949927,0.15002349157939246,0.10753512212994668,0.38647012790760293,0.04252791460431233,0.1230223099115761,-0.8141624991869653,-0.6213858488623931,0.09154938639122225,0.33849473185579204,-0.06326076343311818,0.17137388391790936,-0.34330473747987195,-0.4581263240423058,-0.4663890647198417,-0.32822167469977737,-0.5997916185914338,-0.44806979792227475,-0.7092467864439723,-0.6311548006653638,-0.03096011929776763,0.39505615317553244,0.07370873831034433,0.21866913844859798,-0.40183395508695274,-0.109332745729247,0.8578932913979184,0.8397966080358988,-0.599862430919479,-0.2660730328353228,0.8256110549082377,1.7023035455808921,0.19823804379268192,0.25922700220541384,0.596900493163757,0.6633148952694621,-0.685239591246076,-0.6305455265315572,-0.1665115210927091,0.3118849231920165,1.0583026638378292,1.0541559412962072,0.5780004597470608,-0.17079163649454457,-0.6126366323211593,-0.8663269816364053,-0.6286818035903585,-0.14542668462174735,1.610984407506224,1.2613337593395129,-0.5834316810652657,-0.6978204799894856,1.2522252252370287,1.7618270080987717,1.7420510992891225,0.5204488687571113,-0.3351499787148547,-0.4496894506801345,1.459875877121516,1.1184899159899044
-1.4675904978961791,-1.2640792633120996,0.38703364904011445,-1.7878209527463265,1.1921994540560286,1.2431367838709908,-0.4522189605419289,1.818824622037128,-0.15992403643257116,-0.6332620195614115,0.13791546782626002,-0.016958066078626776,-0.6292473127947105,-0.9057149329756076,-0.8022945447096044,-0.33148503925236616,-0.11185319844698398,-0.0030215396470259924,0.19219897394120905,0.165628739259429,0.26370614642796747,-1.9294682694610943,-1.8556538966820786,-1.794213516531932,-1.7088338659828153,-1.6470912781680607,-1.5940608916773746,-1.568959095800192,-1.5212861963539286,-1.4938831332336584,-1.4737880399678427,-1.4471937015147582,-1.406227602868033,-1.391930416946255,-1.3523601043672284,-1.311415994991706,-1.2860516235623944,-1.2560439021424161,-1.2292627426516685,-1.185072812616972,-1.1720632643261866,-1.1688637113934741,-1.1609398009922343,-0.3583277641823712,-0.48045164036546517,-0.4276474674666656,-0.2958445871840044,-0.818825003184303,-0.9679971469517338,-1.000613715002295,-0.8686173303647737,-1.288851961409184,-0.9579143489052376,-0.6249129287962303,-0.7782206252341769,-0.951428508236351,-0.8972528040517904,-1.2233414058293466,-1.0330476668487036,-0.7883352248584818,-0.7249303402433367,-0.497509096244098,-0.7044274501267203,-0.8600243495847664,-0.8286008047147959,-0.9178958571121245,-0.9188023829463813,-0.6371728440634693,-0.5819179135234508,-0.34330473747987195,-0.4581263240423058,-0.6114556478364332,-0.6356892856597561,-0.6894465690535315,-0.6732305003957796,-0.8458374049213864,-0.767990529806906,-1.1078338340027292,-1.0681147845116246,-0.8672538784174562,-1.0368474459452661,-0.564170611604848,-0.8428018994684298,-1.1839441900026746,-1.0252038834600032,-0.40708393142741295,-0.08779964400093564,-1.0633503389004448,-0.8779305787829842,-0.39796659919282773,-1.0189338715346854,-1.3140218908092138,-1.1235574824721841,-0.685239591246076,-0.6305455265315572,-0.34459870942715737,-0.4629844511980867,-0.6731362150520527,-0.6846579824913509,-0.8187785569029137,-0.8714752733952406,-0.6126366323211593,-0.8663269816364053,-0.9867010539265537,-1.0008777706320262,-0.9158517739795012,-0.7557000553411546,0.2001363293189747,0.06796331149417485,-1.0700951031840085,-1.0366835396871772,-0.495959030561551,-0.502546450667186,-0.6105214093604047,-0.9021439007775308,-0.7050776669320079,-1.0443358884104632
0.7373107620996631,0.969299743378566,0.5458087527565696,0.6715857041502927,-1.0455685308414266,-0.8718591921147288,0.18209666085925935,-1.1123663589851003,0.1210971592968739,0.24322520474504025,-0.22653278216400444,0.30810390998106135,0.33820531417986044,0.387140196128743,0.4653666842737752,0.375850277028146,0.44216244176285024,0.3645549981388745,0.23099729394578947,0.33369976054694206,0.3581120586882947,0.36869883531045444,0.2974619270719669,0.3632313047301572,0.3635265576446514,0.3629642417024284,0.3978815967121993,0.3710677995342524,0.3794202884074311,0.3639899160949723,0.3724234284983526,0.4712292163569016,0.41575113689084714,0.2547606915195877,0.377655599045683,0.3966766411754786,0.3667705876399047,0.34625717593914657,0.49310414244277045,0.4902924684230415,0.3952890272200388,0.45599411556717073,0.41045644922269736,-0.3583277641823712,-0.48045164036546517,0.9463202994945089,2.059137201345384,1.1370450629432571,1.4489233638460777,1.4093575206235778,1.5786455837306035,0.6527858099981514,0.774981985827412,0.06464616504788588,0.9705897685504902,1.190815809808328,1.2238479298787948,0.49471679723079565,0.6031145735305782,1.2733937928683126,1.7304892986947857,1.6851404892682271,2.069962921766391,1.3413444695096894,2.0724085772188436,2.049629918970003,2.1810853311348395,1.8671707805053355,2.754088618002573,-0.34330473747987195,-0.4581263240423058,0.549077017096299,1.2091163801001168,-0.6894465690535315,-0.6732305003957796,0.5200687798527537,1.0108739490331433,-0.1847992213984764,0.5779525203864271,0.7010171494622113,2.311196779105038,1.3432851024804215,1.5409728501839142,0.7935834494640415,0.7815153426766519,0.235511066879474,0.625293911336613,0.4748039389151967,0.21097556544397278,-0.2787256705957258,0.09945689298790142,0.730665060041865,0.9911813865982045,1.7885495468264008,1.7894586264680223,-0.34459870942715737,-0.4629844511980867,1.656436094727061,1.8614624059118592,1.442673184339902,3.332626548008935,-0.6126366323211593,-0.8663269816364053,0.8033951977544219,1.3943852701967545,0.4233714022079332,0.34450020721193675,0.2001363293189747,0.4508552072360051,0.564130313112277,0.44488086796420756,2.701198297796554,2.054941847893557,1.1564452706152077,1.6617646497743817,1.9002054115052833,1.6591963670899963
-1.9678922424657381,-1.6882224574610687,2.4798729119636143,-1.3406561060378501,0.578437264004074,0.7334543762895597,-0.9006007843771202,0.6668384564475078,-1.589735175143923,-1.5097492438678632,1.2393388738178894,-1.2637711249377044,-1.5966999397692814,-1.0466911571598585,-1.0377363469447127,-0.993609232224227,-0.8359877716560337,-0.7850670953478924,-0.611069947635104,-0.47645508425302324,-0.4468225616366009,-0.35494951662370516,-0.2512608261238727,-0.16485309823047656,-0.11192238728222621,-1.6470912781680607,-1.5940608916773746,-1.568959095800192,-1.5212861963539286,-1.4938831332336584,-1.4737880399678427,-1.4471937015147582,-1.406227602868033,-1.391930416946255,-1.3523601043672284,-1.311415994991706,-1.2860516235623944,-1.2560439021424161,-1.2292627426516685,-1.185072812616972,-1.1720632643261866,-1.1688637113934741,-1.1609398009922343,-0.3583277641823712,-0.48045164036546517,-0.656642095293528,-0.8845900343163515,-1.5620556283127758,-1.3776446911547526,-1.3177151933741202,-1.3194289198033957,-1.6627970136802264,-1.4610132847953616,-0.6249129287962303,-0.7782206252341769,-1.1894556546857598,-1.0604143989695278,-1.5592024079313294,-1.3854518416996258,-1.3283118723583565,-1.2418607905460992,-1.2175584440419784,-1.1424890877940534,-0.9058861999825676,-0.9322082826409973,-1.4043754925354242,-1.2439654298779779,-1.05456344815827,-1.012370369204228,-0.34330473747987195,-0.4581263240423058,-0.6114556478364332,-0.6356892856597561,-0.6894465690535315,-0.6732305003957796,-1.3239045695923353,-1.315333446373075,-1.1847533850530834,-1.4339075189334138,-0.7104267756294894,-0.6183419178139781,-1.1729330735469554,-1.1178528321206234,-1.6501905440232822,-1.5060243226737904,-0.9854194299036112,-0.9791665881728715,-1.6435313384273973,-1.4460555235970487,-0.725879152834858,-1.0189338715346854,-1.7248702033634025,-1.516997272066675,-0.685239591246076,-0.6305455265315572,-0.34459870942715737,-0.4629844511980867,-1.5545960079414471,-1.4298639498288759,-0.8187785569029137,-0.8714752733952406,-0.6126366323211593,-0.8663269816364053,-0.9867010539265537,-1.0008777706320262,-1.6486342666103617,-1.580850252255973,-0.5834316810652657,-0.6978204799894856,-1.5431603552697755,-1.3659200747208182,-0.8156747633973614,-1.0140441103793345,-1.1153690322105796,-1.0529620508099962,-1.4022660963729732,-1.430554782053386
0.6050881581777082,0.33308495215511225,-0.4031573658948484,0.6715857041502927,-0.06668503794834554,0.19772980189739847,-1.1622292814196977,-0.5228181149464328,0.02968806705960382,-0.6332620195614115,0.5663134370689878,-0.11937485305633683,-0.6292473127947105,-0.7188927822273725,-0.8714638877391278,-1.097157288834364,-1.2003132741853269,-1.2721438244304437,-1.0378514676854886,-0.8546148821499276,-0.843078956518764,-0.7389500130532834,-0.7006263729797249,-0.7886527992277252,-0.614022057821597,-0.5812315224167667,-0.5629377212168892,-0.5638002333624182,-0.5015389575073369,-0.4705938934987267,-0.524252938018545,-0.4500687461783026,-0.38861319380352494,-0.4936511662044948,-0.4372728507198726,-0.5104409624704883,-0.501930212064502,-0.43879202146963653,-0.31412043778946036,-0.2451716827980682,-0.17320253473251476,-0.035750234547664864,0.08551236778906887,-0.24911716880731524,-0.36078747090955854,-0.4276474674666656,-0.2958445871840044,-0.2125052826847593,-0.7631733748502243,-0.30299046258427914,-0.28900242965797385,0.7534633240711244,0.29983299082007253,-0.6249129287962303,-0.7782206252341769,-0.815412995979546,-0.842865605745878,1.1018501471843798,0.7289732074059075,-0.628796669915337,-0.6732372952130604,-1.2400599861606623,-1.1424890877940534,-0.9517480503803688,-0.9322082826409973,-0.8692478935697945,-0.8104147006358491,-0.7415204950871694,-0.9047572552840337,-0.34330473747987195,-0.4581263240423058,-0.6114556478364332,-0.6356892856597561,-0.6894465690535315,-0.6732305003957796,0.4517734706140467,0.32669530332543206,-0.1847992213984764,-0.5194256828789408,-0.23994546726558916,-0.6183419178139781,-1.1932251556116922,-1.1178528321206234,1.2357136127594455,0.664952811958158,-0.8569004302422337,-0.8008931993384844,1.4867475427412766,1.0158192372638974,-0.725879152834858,-1.0189338715346854,1.2370594917947022,0.48298832503865374,-0.5615501343424522,-0.8994348768648438,-0.34459870942715737,-0.4629844511980867,0.30276569850406254,-0.1878540042663343,-0.8187785569029137,-0.8714752733952406,-0.6126366323211593,-0.8663269816364053,-0.6286818035903585,-0.6586973362279146,1.4593742366170805,1.0779670489139976,-0.4528370126678923,-0.31492858424765535,2.0693379333851714,2.502609211924464,-0.8156747633973614,-1.0140441103793345,-0.9317880784468797,-0.9524166174550193,0.5058285526233528,-0.19465432239603303
0.7373107620996631,-0.24348470239114264,-1.6342730218889303,0.6715857041502927,0.24691608105630283,0.28329692141836865,1.847330380906056,0.42134492030049653,0.1210971592968739,0.9444149841902016,-0.5065335529461262,-0.5067774820589787,0.49944741867562226,1.497757767141257,1.5893685085035294,1.4434161564453314,1.4402938805104593,1.3946769003289907,1.3202242037040102,1.330308394587742,1.4425378666260014,1.4868522565248494,1.4423279183077309,1.5184159362065437,1.4508761626343716,1.4444219450988633,1.4320614564131802,1.4957210721919012,1.4808654238025432,1.4057606154829112,1.5468484230145894,1.503424155863936,1.61294455931968,1.4944045596905031,1.5030763408448191,1.6686035859140713,1.7464718577586684,1.6831037027904667,1.6128584532034158,1.5048427854477788,1.7023985148502063,1.7252829509063192,1.7352284735290289,-0.2803201960573313,-0.48045164036546517,-0.4276474674666656,-0.2958445871840044,0.33513833583095753,-0.18966681296599786,0.42634293767091924,-0.28900242965797385,0.07748572958116315,-0.5666151765462523,0.06464616504788588,-0.7782206252341769,0.5787460046527054,0.4624271535960206,1.1922742631349137,0.2003669451295242,2.3288026947998857,0.6966283980892605,0.5825649254527226,-0.2176922971630165,1.6165155718964968,1.347156231735434,0.529381058272192,0.16507444015894054,0.24978218963798243,0.17137388391790936,-0.34330473747987195,-0.4581263240423058,4.46587476124427,2.746454434900011,3.3450262017408665,2.028697929286279,-0.3677702402504373,-1.0416619880899904,1.9689482080114464,0.029263418753743168,2.2692881773418785,1.055680194711174,1.7897109079046336,0.5782945859012368,-0.47653592873002815,-0.5735240769258394,-0.40708393142741295,-0.2660730328353228,-0.13236222338045128,-0.5465243609747799,-0.21910520629717484,-0.060313216229611,0.10961528525064951,-0.3858578769825136,0.6753444346937861,0.713901225134876,1.9705347389206698,2.636493046362326,0.9323798362822013,-0.12575350698820725,2.0412927629041766,0.1795501819558034,1.9189196995844577,-0.8663269816364053,2.307076049166441,0.5389341841864758,0.3981030403930759,-0.0680748912454725,6.468680412392898,2.7482065816869863,-0.5540239190904447,-0.707447004653536,0.3033303015279752,-0.502546450667186,1.4088690820402952,0.10331043277223882,-0.3748305161441822,-0.4263856585817867
0.7373107620996631,0.48551141255239805,-0.3238413540692308,0.6715857041502927,-0.5281266844837568,-0.22266517661867244,-0.18460541672315198,-0.5267829163628451,0.1210971592968739,0.7691175393289112,-0.40961020921385305,-0.016958066078626776,0.6606895231713841,-0.008280920485619517,-0.20238351189585393,-0.36502877590072036,-0.2849830860125572,-0.4053892723673944,-0.3768430527926371,-0.07991251840279709,-0.06298799731500715,0.12009061117823508,0.07729539029585843,0.15529807106440766,0.12153796908321371,0.05100528879961066,0.09323156907614685,0.052750757183828545,0.11464035862969633,0.16653011032863094,0.1523388755161773,0.21057392860260002,0.20717759532707394,0.19462871283965524,0.22286472031926463,0.2370168072987548,0.3544360935264547,0.28707386615666625,0.31352904865848813,0.391891267106261,0.31864794257162044,0.36100760007490335,0.41378920903227306,-0.13990657343225926,-0.0017949625418385616,-0.4276474674666656,-0.2958445871840044,1.0392515596368792,0.7934872931212475,0.8385748595542922,0.6126207492192703,1.1417908783525914,0.7190821040618426,-0.2801333818741722,0.09618457165815668,1.1568119317441268,0.7887503434314953,1.1276856088845324,0.3765690325549853,1.2856659894024005,0.9550936232406418,1.3701188996066545,0.6584309781716502,0.5158311623492685,0.621903886252024,1.028022684581074,0.7503679246358144,0.7193466192446333,0.7094394535188809,-0.34330473747987195,-0.4581263240423058,0.4040104339797074,-0.6356892856597561,0.02779303464325026,-0.44806979792227475,0.3151828521366327,-0.08381188409919473,-0.7232360787509571,-0.3365293156680461,-0.08311836447762241,0.21866913844859798,0.7751068046677881,0.02819272059684977,0.6569250353545529,0.4755386995406055,0.235511066879474,0.8035673001710002,0.3533707064560671,0.3766786743480749,0.5261505974347123,0.25922700220541384,0.9599757461186216,0.6305282461365879,0.18058660707929078,0.9827905754681625,-0.34459870942715737,-0.4629844511980867,1.6249553878381542,0.867854449461826,-0.6857519838886303,-0.6963043641700666,1.4126084332033344,1.582653885180288,-0.19905870318692442,0.025663532580308426,0.5749815730970766,0.6195502728502096,0.4613256661137215,1.2166389987196655,0.7361540411434649,1.1033539380314896,0.4631881679458804,0.5204488687571113,1.27118336671752,0.7568557495795891,1.0929345984683763,1.1184899159899044
0.5157485609331441,0.25355810325218053,-0.41552960084449436,0.6715857041502927,-0.13612528572794627,-0.1110558902869722,0.28938048688905865,-0.20969978616027965,-0.03207483310071367,0.9444149841902016,-0.1973769795778738,-0.1728096984360114,0.9831737321629077,0.4421553080055239,0.3336788965829519,0.040412910544604164,-0.02303003873942903,0.14824452528544335,0.12035023319198605,0.30743866347076815,0.34196367895955454,0.4118843014742672,0.32343028781991817,0.16960035697792483,0.3486021513016553,0.26417723994986947,0.3673147043072442,0.38412181073474294,0.3302046880769971,0.5098961765134511,0.4964011897852548,0.4863946149171519,0.5055406435730097,0.48696263996055766,0.5324464777721014,0.5367134787098117,0.6011259757954546,0.602137956469282,0.6821759959944909,0.7490197649887145,0.7186975602419359,0.7930701572698188,0.7912242574667185,0.01610856281782074,1.194846732017228,-0.19865283963980318,0.29290085994834275,0.19822743120202832,-0.025807795284790297,0.6166038246940144,0.5482190935851815,0.6671683120085761,0.29983299082007253,4.54678027503464,3.5938053592274914,0.8167731511021142,0.2992655586782833,0.9985083003837697,0.5779428467555123,0.6966005557661736,0.12800490275622162,0.4925587569779876,0.025675279318835363,-0.12623474321994776,0.00025901869481545205,0.5901910127001043,0.4902374870905371,0.562825142709083,-0.043852343922479255,0.06177459877956396,1.0563408628744078,-0.17625589848665868,-0.020754063739798538,-0.5997916185914338,-0.44806979792227475,1.0664312537624097,1.4213811364577702,0.4305571870043587,0.029263418753743168,-0.08311836447762241,-0.19983638968269005,0.10546809653147006,-0.20101638994664486,0.6006539236624107,0.3006949034628647,0.7495870655249836,0.625293911336613,0.7716407293708468,0.06894432924045665,-0.040243813401521944,0.4189971114229262,0.9981941937980809,0.5321682987379651,-0.43786067743882834,-0.36165617619827056,-0.34459870942715737,-0.4629844511980867,0.9638605431711084,0.9920554440180801,0.31194731371849427,0.8802338188564993,-0.1063253659400359,0.35816345177194137,-0.41387025338864153,0.025663532580308426,0.37283467857821867,0.06945014157366391,1.5060830132927086,1.2166389987196655,0.09106506102651012,0.5271900017226178,1.7420510992891225,0.008951209044962638,0.6745452669854952,0.30440129948219274,-0.04458336535635659,0.03707701378972062
0.7373107620996631,1.009063167830032,0.6172868437285528,0.6715857041502927,-0.6625271640571775,-0.4496040588264629,0.6185828937990165,-0.689997440387715,0.1210971592968739,0.7691175393289112,-0.5065335529461262,0.33482133267089864,0.6606895231713841,0.6427312367229542,0.6795256117305686,0.523151033614397,0.6167978066116023,0.618681987225423,0.6664006628860808,0.5897454570396378,0.5618300798816325,0.5776231175624134,0.5210156413369386,0.5469606699268778,0.5564778110791018,0.5532592029731472,0.7809866481876365,0.7044471625006269,0.7091648106213386,0.628566601653814,0.6338339019094953,0.5925524048389038,0.6982139599951499,0.7293407694089008,0.7537063808928054,0.7320514877545184,0.8081692698426509,0.7675030867438594,0.7849136698422293,0.8321518143770291,0.8643998420460718,0.789707802739119,0.785391927799961,-0.3115232233073472,-0.48045164036546517,0.9463202994945089,1.470391754213037,0.706753648395194,1.694711890367889,1.1556763379261175,1.9650555175351367,0.5952558019564526,1.0824313355380433,1.4437643527361181,0.9705897685504902,1.598862346578743,1.767719912937919,0.9080841844332359,0.7289732074059075,1.54338211661825,2.040647568876443,1.7301435735055946,1.7292483146917985,1.0203115167250814,1.5543711875878368,1.0158606936954915,1.5524367737337526,0.8758680957801837,1.2475050231198526,-0.34330473747987195,-0.4581263240423058,0.549077017096299,0.2867135472201803,1.8208920438852048,1.803537226812774,2.159156201581722,1.4213811364577702,1.661270003810029,1.675330723651795,4.62169471916138,3.5667133634989026,1.3635771845451585,1.632656494401312,0.5845764631789414,0.6795231282979698,1.9705175623080686,2.9428479661836464,0.7041778224491081,0.471366165150419,0.4367199009868858,1.2178476575104884,0.2624890759684872,0.8764281146331446,1.4174811761155293,3.1339053781344552,1.6143603622517733,6.5108399183128425,0.17684287094843473,0.5573519630711906,0.178920740704211,1.0554047280816734,-0.6126366323211593,-0.8663269816364053,2.235472199099202,3.2763776594193676,1.00454372394965,1.3530171145522705,4.7709497232270435,3.1310984774288166,1.2092192932292318,0.7741174029978486,0.6230460343637857,1.03194652846926,1.3859214628198326,1.7120373664518702,0.8360757034111784,1.7364401458185807
0.7373107620996631,1.4862242612476222,1.4750239353923567,0.6715857041502927,-0.6154869962064802,-1.4168845403678652,0.9119743569277317,-0.7203874265522808,0.1210971592968739,1.119712429051492,0.031929467788722826,0.6554304049489474,1.1444158366586694,1.2467513192034443,1.1397677788116276,1.102145096631641,0.9224096950969185,0.771460712807217,0.8244678925343715,0.614693499262003,0.6351188801889918,0.7036779917702993,0.7344078231353206,0.829705860678717,0.8944090118455148,0.8953741879899041,0.8054401621116006,0.8912199381384149,0.9522898762536824,0.9330243317270398,0.920232141161409,0.960313319924973,0.9460704107323693,0.9134371349059248,0.8930181717465819,0.8801159147016477,0.881295199229533,1.027735581228589,0.9670787890176311,0.9220701535113286,0.8745063587030061,0.7796207391470198,0.7912242574667185,-0.030695978057203258,-0.0017949625418385616,1.1753149273213714,1.470391754213037,0.9414580563305012,1.8176061536287949,0.9337053030658398,1.7718505506328701,1.0842608703108927,2.0047793846699373,1.4437643527361181,3.5938053592274914,0.9867925414231205,1.4413967231024445,0.8176600684827021,1.5596401909830813,0.8193225211070543,1.6529497311493713,0.9875926835890304,1.680574799395428,0.8368641151338767,1.8651936213664408,1.3563964384918012,1.7258570654306042,1.084563397827584,1.5703443648804354,0.06177459877956396,1.0563408628744078,0.4040104339797074,0.2867135472201803,0.6553776878779344,0.45257301197174477,1.6127937276720656,2.1055597821654812,-0.03096011929776763,0.7608488875973217,0.3873629438862778,1.474185722842462,0.8562751329267357,1.4492892059665163,0.9865129752656723,1.9908515988810258,0.4282895663715401,1.3383874666741618,0.5152816830682398,1.2288660915691716,0.19823804379268192,0.5787672206404386,0.8071019554007839,1.6469143692556893,1.2937917192119053,1.5205692761347356,0.5458372322450838,1.0867542975821196,1.3101483189490848,1.9235629031899864,-0.2866722648457805,0.3547210911809774,0.3999859004410875,1.582653885180288,0.01575284701479263,0.19675374978236418,0.6255182967267912,1.6280671801905433,-0.1916476758731455,0.06796331149417485,0.1340709930343071,0.7741174029978486,-0.17624329772574054,1.03194652846926,0.8351786015287327,1.6114919330968933,0.9094639591418064,2.045415260732919
0.7373107620996631,1.6121417720105973,1.7013712234703042,0.6715857041502927,-0.5908469082846864,-0.38821895134402784,1.6636068288300245,-0.4386425963224576,0.1210971592968739,0.9444149841902016,-0.5603798550196109,0.7400355768000991,0.9831737321629077,1.4381580626080777,1.5401518605786761,1.6519706929981421,1.5938525633947067,1.4718225934445501,1.5156527785418967,1.4799966479219335,1.4127254732806347,1.455338537972878,1.3757134276934213,1.1916637118746514,1.1896990516319388,1.252047257475459,1.3576820182277893,1.3561435678174252,1.3794812871218491,1.4563414524279839,1.5362766759281092,1.426649325652669,1.4053063251171793,1.3325107709368387,1.290011248950808,1.3198494236470377,1.3993439519944328,1.4446297780787078,1.4332833594191334,1.4793941989003356,1.475844099790596,1.427714574939393,1.3911210231903404,0.18772521269290873,1.3145109014731347,0.03034178818705923,0.8816463070806899,0.4720492404598867,1.4079586094257759,0.9337053030658398,1.7718505506328701,0.45143078185220553,1.5855302714281674,0.40942571196994393,0.9705897685504902,1.190815809808328,2.3115918959970436,0.49471679723079565,1.3582663767825545,0.4143400354821482,1.4461775510282662,0.5375618412153551,1.3885337076172057,0.8368641151338767,1.347156231735434,0.9428887483819965,1.9643099665137749,0.19760836412613234,1.1398919091996582,1.2770126075578716,4.085275236707834,0.4040104339797074,1.2091163801001168,0.5657227374158367,1.1280551193922594,0.1785922336592187,1.0108739490331433,0.5843962891050675,1.8582270908626894,0.5441900466742445,2.311196779105038,0.45043349163199753,1.3117637396404196,0.5443828119702683,1.3788983126089331,0.4282895663715401,0.8035673001710002,0.6232223341430218,1.2762098369703436,0.3472892045390593,1.537387875945513,0.3484805832472709,1.3682278516262583,0.7990338915974099,1.7894586264680223,-0.34459870942715737,-0.4629844511980867,0.42868852605969027,1.4888594222430966,0.44497388673277755,1.7560883649823693,-0.1063253659400359,0.35816345177194137,-0.19905870318692442,0.7100244013885315,0.4739081258376477,1.215492081733134,-0.061053007475772095,0.8337471029778354,0.7361540411434649,1.514899606823541,-0.33610116414364577,0.5204488687571113,0.3532785978990202,0.957946616289543,0.17558140183552717,1.2729774734470733
0.7373107620996631,1.3072888512160257,1.15337252601843,0.6715857041502927,-0.4497264047325946,-0.7621100605552237,0.7324229536417481,-0.6557597807051325,0.1210971592968739,0.9444149841902016,-0.14037869884642853,0.535202002844679,0.9831737321629077,0.8284072393070896,0.7207611816135536,0.4473130203224658,0.6092704201957079,0.6489352002119169,0.7540561266001329,0.7328684361047856,0.7195873280008636,0.6873375451137215,0.7411821781130471,0.7064861666545692,0.7163821647540607,0.7737101963578051,0.7728354768796485,0.7787546108726501,0.6884942584825564,0.7054105654742128,0.6799651619232263,0.6484748120298267,0.8132567654316706,0.7885476407245267,0.7892172295418072,0.823030834432875,0.875127952172808,0.8249457109445021,0.8807446093136493,0.9152838637653437,0.918301264216388,0.852751950189739,0.7803927880855975,0.2501312671929407,0.5965258847376947,0.488331043840784,0.8816463070806899,1.2543972669109107,1.8585709080490966,1.1556763379261175,1.6430472393646922,1.2712333964464138,1.6414301531937368,-0.2801333818741722,0.09618457165815668,1.870893371092353,1.6589455163260944,0.5463877206311007,1.1065491090318957,1.359299168606929,1.8338753887553383,1.4826266102000731,2.2159834676555024,2.0751340758745083,3.0048758785546563,1.2347765296359763,1.8342447477411363,1.084563397827584,1.8931837066410186,0.8719332712984358,1.0563408628744078,0.6941436002128905,0.594181158180159,-0.5101366681293361,-0.22290909544876988,2.2274515108204285,2.1055597821654812,0.4305571870043587,1.4924343564409004,0.5441900466742445,1.8926912509737501,1.059195953574105,1.7701819607274087,0.8578932913979184,1.43717957796818,-0.21430543193534685,0.4470205225022259,0.9875220315204105,1.1578504734674135,0.5261505974347123,1.537387875945513,0.6828920004425407,0.9583947374653302,2.6543757451517673,1.5205692761347356,-0.34459870942715737,-0.4629844511980867,-0.043522077273913856,0.4952514657930635,0.11240745419706934,0.8802338188564993,-0.1063253659400359,0.35816345177194137,0.37377209735098776,1.5654754873988104,0.49917648765250494,1.1238087265203764,-0.1916476758731455,0.4508552072360051,0.39210658508108903,1.1856630717899,1.7420510992891225,1.03194652846926,1.27118336671752,1.7120373664518702,0.6159109362192947,1.8909277032757499
0.7373107620996631,-0.09105824199385687,-1.3602736731629932,0.6715857041502927,-0.5886069002917961,-0.7658303700996136,0.32668148380960454,-0.8103702090902725,0.1210971592968739,0.7691175393289112,-0.4849950321167322,-0.4043606950812688,0.6606895231713841,0.8341379801275877,0.7314026190027111,0.6835776001934822,0.45721721459463927,0.2722826985300682,0.20082082283111582,0.21683787855796816,0.24134685141894258,0.3792034081611116,0.3945610150860455,0.35883060137215195,0.3539322964241539,0.3972797265217384,0.3805603576827248,0.43533370082897516,0.40501240057925675,0.39317116817866804,0.43104857143246916,0.5593780954883564,0.5990713797002623,0.5489448333691034,0.533357012352845,0.5251180717802172,0.49363966994967606,0.5081409350500486,0.5069176111954076,0.5505207899186572,0.5426757284669971,0.5610676946515374,0.7828923579427793,4.400133891445069,-0.48045164036546517,0.9463202994945089,1.470391754213037,0.19822743120202832,0.7525225387009457,0.7434444160427446,0.3550141266829149,0.005573219529039615,0.2439331090545032,3.1676620873464083,0.9705897685504902,0.2727111020748942,0.2992655586782833,0.4172104121303381,0.4017407593300512,0.09526292559585861,0.41231665042274107,0.08753099884167985,0.41506340168979833,-0.03451104242434543,0.4146889303996211,0.22533128613262965,0.40352734124211137,0.24978218963798243,1.1398919091996582,-0.34330473747987195,-0.4581263240423058,-0.17625589848665868,0.2867135472201803,0.4760677869537389,0.45257301197174477,0.1102969244205117,0.1898595741838898,0.3536376359540043,0.5779525203864271,0.23053584109831107,0.21866913844859798,0.47072557369673446,0.5324527637925379,0.3594920164103721,0.4901090158804173,0.10699206721809662,-0.6226198105040971,0.20495231122824203,0.16363182004280075,7.6209858489622775,0.25922700220541384,0.27204368788835204,0.3518417285071568,-0.3141712205352045,0.17612252446830268,-0.1665115210927091,0.3118849231920165,0.49164993983750416,0.37105047123680934,0.24543402721135263,0.3547210911809774,-0.1063253659400359,0.35816345177194137,-0.1274548531196854,-0.14542668462174735,-0.10726419590406916,0.34450020721193675,-0.5834316810652657,-0.6978204799894856,-0.42500612306705376,-0.378210469619895,-0.01638543130783529,0.008951209044962638,-0.12862140573069222,-0.1480531506152036,0.4324402968927249,0.5777834648898125
-0.8779491560820559,-0.9327173928832175,-0.6141355166374403,0.6715857041502927,0.4753968963311181,0.17726809940325342,-0.652432434026244,0.2684008997350342,-0.995576075601668,-0.4579645747001212,0.6123554687601496,-0.9698794753494933,-0.30676310380318683,-0.25814122025933267,-0.5096550165077749,-0.6421292090827766,-0.7697467711961622,-0.8092696657370876,-0.5909523002253216,-0.4567592614458928,-0.3747759443852985,-0.33860906996712736,-0.30206848845682077,-0.3727863318962261,-0.3315243663291697,-0.26199352727954983,-0.2654199684753263,-0.398114706586961,-0.47200959730907655,-0.5737009841944517,-0.5079147834303486,-0.36950256632697304,-0.2483170896126461,-0.202242346447899,-0.06304313803423757,0.15674091317079314,0.2187566582785048,0.1713182749644621,0.12186716971564829,0.15776427086978317,0.2933816509292847,0.3828629045244516,0.4112896391750913,-0.3583277641823712,-0.48045164036546517,-0.656642095293528,-0.8845900343163515,-0.9557359078132321,-0.88606763811113,-0.6835122366304696,-0.8042156747306848,-1.0155844232111146,-0.8461145853740989,-0.6249129287962303,-0.7782206252341769,-1.2234595327499609,-1.0604143989695278,-0.9003981345774402,-1.0582193936237694,-1.009234762472067,-0.8800094753341655,-0.6100168068375168,-0.7531009654230906,-0.768300648789164,-0.5177783709361916,-1.0881637295102793,-0.9404799194084877,-0.42847754201606886,-0.4743047996032565,-0.34330473747987195,-0.4581263240423058,-0.6114556478364332,-0.6356892856597561,-0.5997916185914338,-0.44806979792227475,-1.2556092603536284,-1.1784977172315327,-0.5693969766502484,-0.5194256828789408,-0.7104267756294894,-0.6183419178139781,-0.6656310219285326,-0.8428018994684298,-0.42830354727962044,-0.6755162913045215,-0.8569004302422337,-0.6226198105040971,-0.3347509441456673,-0.5228524882741938,-0.5470177599392052,-0.6993936530996606,-0.8840643544152953,-0.9104442631085015,-0.06679230672795687,0.17612252446830268,-0.34459870942715737,-0.4629844511980867,-1.4916345941636333,-1.3677634525507487,-0.3531855513529221,-0.6963043641700666,-0.6126366323211593,-0.8663269816364053,-0.19905870318692442,-0.6586973362279146,-0.4104845376823562,-0.7098583777347758,-0.5834316810652657,-0.6978204799894856,-0.5970298510982417,-0.6251378708951258,-0.8156747633973614,-1.0140441103793345,-0.7252595054627172,-0.6507803173900885,-1.2187954570464032,-1.3533110033248013
-0.08103994866054413,0.18065849175782647,0.6283653219264878,0.6715857041502927,-1.2673293221375708,-1.3257369565303099,0.2089672858046859,-1.1885398223738723,-0.44465100617163505,0.593820094467621,1.2547780448600152,-0.22179164003404664,0.49944741867562226,0.6645080518408466,0.5651301597971261,0.3670997370329232,0.4256021916478824,0.1588331498307162,0.3186527576598415,0.40066555809118554,0.3879244520336612,0.39787820434005766,0.3990772517378631,0.376433414804173,0.31022510641966516,0.33696766229386027,0.31636988363231905,0.3710677995342524,0.3636712963016922,0.4165161698456247,0.303226538477756,0.3470625156448525,0.37553292035612856,0.3870510446154391,0.38767147943386304,0.4466260864106547,0.389677505279169,0.46288310992226955,0.46029715415525735,0.5165893411887329,0.4879320965752697,0.46103764736322034,0.40879006931790957,-0.2959217096823393,-0.48045164036546517,-0.656642095293528,-0.8845900343163515,0.04175782591182351,0.7934872931212475,-0.04930927988681884,0.22621081541473712,0.26445825571668435,0.5793323996479193,-0.2801333818741722,0.09618457165815668,0.06868783368968664,-0.02705763115719137,1.1793565322848374,1.0562056554817638,0.40206783894806014,0.6190888305438461,0.26754333579114997,0.3177163710970576,0.5158311623492685,0.10386649662101688,0.04290142284889228,0.20842951308315344,0.40630366617353275,0.386600111758298,-0.34330473747987195,-0.4581263240423058,-0.4663890647198417,-0.32822167469977737,-0.33082676720514065,-0.22290909544876988,0.6566593983301677,1.284545407316228,-0.2617187724488308,-0.3365293156680461,0.3873629438862778,0.637174666579886,-0.13803688824537289,0.02819272059684977,0.82573837043098,1.0292107204534515,0.235511066879474,0.625293911336613,1.014507194289106,0.8737880010603813,-0.040243813401521944,-0.060313216229611,0.7688835077213244,0.6141349215701507,-0.8089290481496999,-0.8994348768648438,0.011575667241739127,1.0867542975821196,0.1453621640595278,0.37105047123680934,-0.15364569183149723,-0.5211334549448926,-0.1063253659400359,0.35816345177194137,-0.5570779535231195,-0.3165169018238031,0.14541942224450338,0.48202524003107317,-0.3222423442705189,-0.31492858424765535,0.005053197010916134,0.6094991354810281,-0.33610116414364577,0.008951209044962638,0.3303309786785577,0.2038558661272158,0.6892991919499226,1.1184899159899044
-0.09176070032989182,0.05474098099485127,0.33724709294864585,0.6715857041502927,-0.7610875157443526,-0.8346560966708289,-1.0220152810113075,-0.7106363905782515,-0.45206255419087327,-0.2826671298388308,0.21955728656309148,-0.3063968118851983,-0.46800520829894865,-0.4243327040537749,-0.7118423269017662,-0.9877755388940784,-1.2816090474769872,-1.1813841854709621,-1.135565755104432,-0.9754159287003276,-0.9759925435168563,-0.7132721683072326,-0.53013843937361,-0.48170374000685684,-0.43386315268114334,-0.44292971996318414,-0.3907442273356422,-0.3167781752608275,-0.29975499615255763,-0.28383388016307376,-0.2945577058668424,-0.4112074123676613,-0.3268829079595382,-0.3252816259006839,-0.237865777537016,-0.23215119616022117,-0.21911788274896998,-0.2647234632858709,-0.244189752229235,-0.2867377074922255,-0.2153130208030743,-0.20218678381730154,-0.16277823802431907,-0.2959217096823393,-0.24112330145365188,-0.656642095293528,-0.8845900343163515,-0.7210314998779249,-0.9270323925314319,-0.4298310539330093,-0.5466090521943293,0.19254574566456079,0.04828352287501049,-0.2801333818741722,0.09618457165815668,-0.8494168740437472,-0.7884784074399656,-0.12533428357286472,-0.12686550294633217,-1.0337791555402431,-1.0609351329401324,-0.7225245174309356,-0.8504479960158313,-0.6765769479935617,-0.9322082826409973,-1.1489736839381919,-0.9838349923327006,-0.5849990185516192,-1.012370369204228,-0.34330473747987195,-0.4581263240423058,-0.6114556478364332,-0.6356892856597561,-0.6894465690535315,-0.6732305003957796,0.4517734706140467,0.1898595741838898,-0.1847992213984764,-0.15363294845715147,-0.3967725700535559,-0.6183419178139781,-0.7467993501874802,-0.7511182552510319,0.2630272535095567,0.15499174006474736,-0.9211599300729225,-0.8008931993384844,0.6367149155273695,1.1578504734674135,-0.5470177599392052,-1.0189338715346854,0.5013543739651085,0.2534817811085341,-0.8089290481496999,-0.8994348768648438,-0.34459870942715737,-0.4629844511980867,0.6490534742820389,0.37105047123680934,-0.6192386973814887,-0.5211334549448926,-0.6126366323211593,-0.8663269816364053,0.08735669708203166,-0.14542668462174735,0.3475663167633614,0.39034188481831555,-0.5834316810652657,-0.6978204799894856,0.9081777691746529,0.9387356705146691,-0.6558168969794562,-0.502546450667186,-0.7711547439036421,-0.9021439007775308,-0.4482187718748102,-0.5036294373103712
0.7373107620996631,0.8235005203898579,0.2837224191926301,0.6715857041502927,-0.393726204910336,-0.17616130731379734,-1.3197278982440004,-0.4506808503634163,0.1210971592968739,-0.2826671298388308,0.21500689483857188,0.21014002678499083,-0.14552099930742501,-0.8300691541450338,-1.140160181815353,-1.2517501620833005,-1.4351677303612347,-1.3901313550777699,-1.2878850854927846,-1.1841916504559102,-1.0604609913287282,-0.936202547693401,-0.8767596024006117,-0.8392608878447859,-0.8997178363875235,-0.7944034735670255,-0.7290178366171453,-0.6561824664735822,-0.605876030207857,-0.6310907799590534,-0.6088269147103853,-0.5818181461704769,-0.554162596748762,-0.43074386543164234,-0.4217937628472308,-0.4845742854737007,-0.4658077650179699,-0.47360573310638965,-0.2562765373877925,-0.1849433613024525,-0.1883623097179162,-0.11560615465178346,-0.16277823802431907,-0.030695978057203258,0.47686171528178806,-0.656642095293528,-0.8845900343163515,0.6871949477339183,0.8754168019618512,-0.39812090609582673,-0.5466090521943293,0.5377257939147537,0.9147316902413353,0.06464616504788588,0.9705897685504902,-0.8494168740437472,-0.6797040108281407,0.507634528080872,0.5779428467555123,-0.34653614963131163,-0.33723250251626474,-0.9925430228551408,-0.7531009654230906,-0.8141624991869653,-0.8286008047147959,-0.5165501578879023,-0.24679875262108172,-0.8980419716227198,-0.5819179135234508,-0.34330473747987195,-0.4581263240423058,-0.6114556478364332,-0.6356892856597561,-0.6894465690535315,-0.6732305003957796,0.3151828521366327,0.4635310324669743,-0.49247742559989394,-0.15363294845715147,-0.7104267756294894,-0.6183419178139781,-0.9497201708348494,-0.7969600773597308,1.1231713893751607,0.9417888224145811,-0.9854194299036112,-0.9791665881728715,1.6351659379691017,1.2998817096709296,-0.45758706349137873,-0.37985343466463584,1.131958760676189,1.1387213076961387,-0.685239591246076,-0.6305455265315572,-0.34459870942715737,-0.4629844511980867,1.8453203360605028,2.668768870527511,-0.8187785569029137,-0.8714752733952406,-0.1063253659400359,0.35816345177194137,-0.8434933537920757,-0.8297875534299703,0.7265917439862202,0.527866917637452,-0.5834316810652657,-0.6978204799894856,3.0584743695645025,2.255681810649233,-0.6558168969794562,-0.502546450667186,-0.9547356976673421,-0.8015984674225538,0.359052041162097,0.8867585798041507
-2.003628081363564,-1.774376543772578,0.8746801713195854,-2.0114033761005645,0.19763590521271523,0.41722806501640897,-1.4142966041517493,0.6524699875587145,-1.4476805047751926,-2.7368313578968957,1.7129131161555151,-1.196977568213111,-2.5641525667438523,-1.1956904184928068,-1.2705177898325315,-1.2225816954325577,-1.0241724320533958,-0.9877636223574013,-0.773448101728348,-2.2346355335028667,-2.0902307447999293,-1.9294682694610943,-1.8556538966820786,-1.794213516531932,-1.7088338659828153,-1.6470912781680607,-1.5940608916773746,-1.568959095800192,-1.5212861963539286,-1.4938831332336584,-1.4737880399678427,-1.4471937015147582,-1.406227602868033,-1.391930416946255,-1.3523601043672284,-1.311415994991706,-1.2860516235623944,-1.2560439021424161,-1.2292627426516685,-1.185072812616972,-1.1720632643261866,-1.1688637113934741,-1.1609398009922343,-0.3583277641823712,-0.48045164036546517,-0.656642095293528,-0.8845900343163515,-1.5816143289740514,-1.4595741999953564,-1.4445557847228505,-1.3838305754374847,-1.7347095237323498,-1.5728130483265004,-0.6249129287962303,-0.7782206252341769,-1.2914672888783636,-1.1691887955813527,-1.6625442547319393,-1.536482202350021,-1.3774006584947087,-1.2677073130612375,-1.1950569019232946,-1.1424890877940534,-0.9517480503803688,-0.9322082826409973,-1.428699474306589,-1.2439654298779779,-1.1589110991819702,-1.1199834831244224,-0.34330473747987195,-0.4581263240423058,-0.6114556478364332,-0.6356892856597561,-0.6894465690535315,-0.6732305003957796,-1.3239045695923353,-1.315333446373075,-1.2616729361034378,-1.4339075189334138,-0.5535996728415227,-0.6183419178139781,-1.2135172376764292,-1.1636946542293223,-1.6823454649902208,-1.5643055880330372,-0.9854194299036112,-0.9791665881728715,-1.7244868267334839,-1.5644148870999788,-0.725879152834858,-1.0189338715346854,-1.7917524868024566,-1.6645371931646091,-0.8089290481496999,-0.8994348768648438,-0.34459870942715737,-0.4629844511980867,-1.4916345941636333,-1.4298639498288759,-0.8187785569029137,-0.8714752733952406,-0.6126366323211593,-0.8663269816364053,-0.9867010539265537,-1.0008777706320262,-1.5980975429806472,-1.580850252255973,-0.5834316810652657,-0.6978204799894856,-1.5861662872775724,-1.5305383422376386,-0.8156747633973614,-1.0140441103793345,-1.1153690322105796,-1.0529620508099962,-1.475654352103601,-1.5077985607819704
-0.8457869010740129,-0.6610006591315342,0.3795938269248937,0.6715857041502927,-1.0119684109480713,-1.1657636461215395,-0.8920329788261293,-1.0372836741083198,-0.9733414315439536,-0.4579645747001212,0.8638774593207341,-0.7873104203022712,-0.30676310380318683,-0.2203183308440458,-0.5282775319388004,-0.7252593390373936,-0.8284603852401391,-0.8833900375539975,-0.8079354972879751,-0.645839160394345,-0.6492983997738817,-0.5451990026967181,-0.5899785750101935,-0.5675174554879598,-0.5404660551311159,-0.4938830156039777,-0.43659456594307483,-0.3559402088622992,-0.24660214779568898,-0.254652628079378,-0.24842644585311133,-0.27566666273542445,-0.20622825835538244,-0.12175800575322017,-0.1440807157204213,-0.1866615228210429,-0.20414028275406643,-0.1977070683851211,-0.1578555725252531,-0.17815707155646765,-0.22878837634565333,-0.18789677706182767,-0.16277823802431907,-0.3427262505573632,-0.36078747090955854,-0.656642095293528,-0.8845900343163515,-0.7405902005392005,-0.8041381292705262,-0.9689035671651124,-0.7398140190965959,-0.2245468126377557,-0.2312158859528362,-0.6249129287962303,-0.7782206252341769,-0.8834207521079485,-0.7340912091340531,-0.38368890057438987,-0.2778958635967274,-0.9969625659379788,-0.9833955653947181,-0.27249367505726035,-0.07167175127390538,-0.8141624991869653,-0.8286008047147959,-0.48006418523115485,-0.6586719454011041,-0.5849990185516192,-0.3666916856830622,-0.34330473747987195,-0.4581263240423058,-0.6114556478364332,-0.6356892856597561,-0.5101366681293361,-0.22290909544876988,-0.7092467864439723,-0.6311548006653638,-0.4155578745495396,-0.3365293156680461,-0.23994546726558916,0.21866913844859798,0.7751068046677881,0.9908709848795272,-0.30772259365360116,-0.3258286991490399,-0.9854194299036112,-0.9791665881728715,-0.41570643245175365,-0.19144627046598958,-0.4873972956406542,-0.8591637623171731,-0.511434489540566,-0.5006111489475735,-0.8089290481496999,-0.8994348768648438,-0.34459870942715737,-0.4629844511980867,-0.7360976288298666,-0.8088589770476051,-0.752265270395772,-0.6963043641700666,-0.6126366323211593,-0.8663269816364053,-0.27066255325416344,0.025663532580308426,-0.43575289949721346,-0.48064998970288175,-0.5834316810652657,-0.6978204799894856,-1.0700951031840085,-0.6251378708951258,0.3033303015279752,0.008951209044962638,-0.5875737901399422,-0.6005076007125999,-0.558301155470752,-0.34914187985320216
-1.3639565650924848,-1.2044341266349008,0.10772447821444367,-0.5581176242980168,0.8270781512149024,0.7557762335558997,-0.6467885309950956,0.6863936937137645,-1.0283429194761944,-0.4579645747001212,0.49744598873345475,-0.8817588531444156,-0.6292473127947105,-1.0604449351290537,-1.011132753471819,-0.983400268896467,-0.7637248620634466,-0.5808579076890589,-0.5492800305907722,-0.2847490755969536,-0.15118299429504972,-0.16119850626713986,-0.19819504546501576,-0.20886013181052937,-0.12684679362522236,0.0010918563351598148,-0.10341543872906428,0.03467597244468776,-0.005445706176562545,0.014787599493412929,0.055271015903951524,-0.027333261311326167,-1.406227602868033,-1.391930416946255,-1.3523601043672284,-1.311415994991706,-1.2860516235623944,-1.2560439021424161,-1.2292627426516685,-1.185072812616972,-1.1720632643261866,-1.1688637113934741,-1.1609398009922343,-0.17110960068227526,-0.36078747090955854,-0.656642095293528,-0.8845900343163515,-0.9361772071519565,-0.8041381292705262,-1.2542948976997552,-1.255027264169307,-1.044349427231964,-0.8740645262568836,-0.2801333818741722,0.09618457165815668,-1.1554517766215584,-0.9516400023577029,-0.8745626728772877,-0.9071890329733743,-1.1810455139492997,-0.9833955653947181,-0.3850013856506792,-0.6557539348303498,-0.9517480503803688,-0.9322082826409973,-1.0638397477391144,-1.04886760171902,-0.7936943205990196,-0.7971441413638395,-0.34330473747987195,-0.4581263240423058,-0.32132248160325017,-0.6356892856597561,-0.6894465690535315,-0.6732305003957796,-0.5726561679665583,-0.4943190715238215,-0.8001556298013115,-1.4339075189334138,-0.08311836447762241,0.21866913844859798,-0.6047547757343219,-0.7511182552510319,-1.007092124684513,-0.8940710364016975,-0.9211599300729225,-0.8008931993384844,-1.198276152743922,-1.0909774330882585,-0.4873972956406542,-0.8591637623171731,-1.2566942192900246,-1.1235574824721841,-0.8089290481496999,-0.8994348768648438,-0.34459870942715737,-0.4629844511980867,-1.050904697718936,-0.9330599716038592,-0.8187785569029137,-0.8714752733952406,-0.6126366323211593,-0.8663269816364053,0.7317913476871829,-0.3165169018238031,-0.486289623126928,-0.43480831209650295,-0.4528370126678923,-0.31492858424765535,-1.3281306952307905,-1.1189926734455873,-0.8156747633973614,-1.0140441103793345,-0.7252595054627172,-0.9524166174550193,-0.8885483062585777,-0.8126045522247095
-1.24602829672966,-1.0785166158719257,0.21102871442860519,-1.5642385293920884,1.7656415002359571,1.719336405552912,-0.7700472951552092,2.3154853856006863,-0.03948638111995188,-0.10736968497754047,-0.11246653409813254,0.03647677930104803,0.0157211051883368,-1.200275011149205,-1.2452443760332828,-1.2298738120952435,-0.8314713398064969,-0.6065731387275787,-0.26619599203883365,-0.22172244261413623,0.053777209954345,0.20996306778941298,0.28278415795355966,-1.794213516531932,-1.7088338659828153,-1.6470912781680607,-1.5940608916773746,-1.568959095800192,-1.5212861963539286,-1.4938831332336584,-1.4737880399678427,-1.4471937015147582,-1.406227602868033,-1.391930416946255,-1.3523601043672284,-1.311415994991706,-1.2860516235623944,-1.2560439021424161,-1.2292627426516685,-1.185072812616972,-1.1720632643261866,-1.1688637113934741,-1.1609398009922343,-0.3583277641823712,-0.48045164036546517,-0.19865283963980318,-0.2958445871840044,-0.9557359078132321,-0.9270323925314319,-1.0323238628394775,-0.9974206416329514,-1.0731144312528134,-0.9020144671396683,-0.6249129287962303,-0.7782206252341769,-0.6113897275943384,-0.5165424159104034,-1.0295754430782027,-0.8316738526481766,-0.9478737798016266,-0.9833955653947181,-0.6325183489562006,-0.6557539348303498,-0.3555439952089536,-0.5177783709361916,-0.9665438206544544,-0.7453820912495298,-0.21978223996866847,-0.5819179135234508,-0.34330473747987195,-0.4581263240423058,-0.17625589848665868,-0.020754063739798538,-0.6894465690535315,-0.6732305003957796,-1.1873139511149213,-1.315333446373075,-0.8001556298013115,-0.7023220500898354,0.07370873831034433,-0.19983638968269005,-0.8279676784464278,-0.6135927889249352,-1.0151308549262474,-0.9960632507803797,-0.47134343125810163,-0.6226198105040971,-0.9419171064413152,-0.688555597178296,-0.3085359027450013,-0.37985343466463584,-1.1515934881715113,-0.9596242368078128,-0.3141712205352045,-0.36165617619827056,-0.34459870942715737,-0.4629844511980867,-1.019423990830029,-0.9330599716038592,-0.752265270395772,-0.6963043641700666,-0.6126366323211593,-0.8663269816364053,-0.9150972038593147,-0.8297875534299703,-1.0169252212389304,-0.664016700128397,-0.5834316810652657,-0.6978204799894856,-0.6400357831060387,-0.378210469619895,0.6230460343637857,1.03194652846926,-0.7252595054627172,-0.7010530340675769,-0.7050776669320079,-1.1215796671390477
0.7373107620996631,0.6843285348097273,0.03354910079068698,0.22442085744181653,2.4242038501457186,2.266221908578243,0.0923381521371058,1.8168538732550135,0.4251606677784373,0.7691175393289112,-0.6357646779224896,0.3838032742689339,0.8219316276671459,-1.028352786534265,-0.8727940674127724,-0.5385811524726398,-0.477684178259456,-0.24050926159100286,-0.023347248306459935,-0.033955598519492744,0.04011319633771868,0.07457079549205407,0.08068256778472165,0.2763174134095529,0.3741868478896487,0.4274357586356774,0.5486782659099778,0.5959984540657821,0.5359258974582111,0.5536680546389948,0.5752087589753787,0.626674551599467,0.4372632062001153,0.6275789593351689,0.6626529228184416,0.7195641264457244,0.7464967992754009,0.7509665737164016,0.7892303788274284,-1.185072812616972,-1.1720632643261866,-1.1688637113934741,-1.1609398009922343,-0.015094464432195257,-0.0017949625418385616,-0.19865283963980318,0.29290085994834275,1.000134158314328,1.2440995917445683,0.5531835290196494,0.805825716121537,0.4658132838626302,0.8867817493585506,-0.6249129287962303,-0.7782206252341769,0.34071885820329667,0.35365275698419574,0.19760898767904173,0.6534580270807099,1.0156776656524633,0.9292471007255036,0.7175741781648253,0.41506340168979833,0.7910022647360756,0.8291188421044269,0.6023530035856869,0.53359256001475,0.7193466192446333,0.4942132256784923,-0.34330473747987195,-0.4581263240423058,-0.17625589848665868,-0.020754063739798538,0.29675788602954345,0.6777337144452497,2.0225655831043077,1.0108739490331433,-0.8001556298013115,-0.3365293156680461,0.857844252250178,1.055680194711174,0.10546809653147006,0.2574018311403444,0.488111700278126,0.4901090158804173,0.49254906620222877,0.9818406890053873,0.8256110549082377,0.7791005102580373,0.2280482759419574,0.4189971114229262,0.14783373293010893,0.38462837764003105,-0.3141712205352045,-0.36165617619827056,-0.1665115210927091,0.3118849231920165,0.11388145717062086,0.7436534549055718,-0.08713240532435558,0.1795501819558034,0.3999859004410875,1.582653885180288,-0.34226640332140246,0.025663532580308426,0.6760550203565057,0.7112336280629672,0.2001363293189747,0.8337471029778354,0.1340709930343071,0.1156443329305665,-0.01638543130783529,0.008951209044962638,0.8581262207491952,0.6060375995471237,0.2489696575661551,0.5777834648898125
0.7373107620996631,0.7240919592611932,0.10502719176267064,0.6715857041502927,0.03411532173172,-1.6977679109693107,2.00572302961394,-0.08744940286622654,0.1210971592968739,0.9444149841902016,-0.7865343237282474,0.14334647006039739,0.9831737321629077,2.1120931830986436,2.2624394233677374,2.375348665936563,2.4173486372935638,2.334039163559625,2.326106574193132,2.1627851719024553,1.98661404517894,2.155643394683355,1.9515336008001665,1.9232806451430295,1.7728169280332888,1.7220654131823712,1.6592753566233462,1.6724523007523888,1.653120024959062,1.573066460762767,1.4891843479974254,1.5252244162942958,1.5081901348571571,1.326035019386692,1.3136851480501426,1.2342218032438788,1.1420816461996186,1.185267626384897,1.2606150000111696,1.3394269728893977,1.383201030435365,1.3503804207332992,1.2944709887126458,-0.3427262505573632,-0.36078747090955854,0.03034178818705923,0.29290085994834275,0.15911002987947712,0.3428749944979267,0.17266175497345893,0.3550141266829149,-0.33960682872115333,-0.3150657086011902,-0.2801333818741722,0.09618457165815668,0.20470334594649164,0.5712015502078455,0.2363621802292705,0.6534580270807099,2.009725584913596,1.7304892986947857,0.5825649254527226,1.0478191005426132,2.717199981443725,1.9688010992926424,0.45640911295869696,0.5769476329389629,0.6149989682209331,1.1398919091996582,-0.34330473747987195,-0.4581263240423058,1.5645430989124396,0.9016487691401379,0.6553776878779344,1.5783765243392691,1.6127937276720656,0.6003667616085165,0.5843962891050675,1.675330723651795,1.1714984578261116,1.055680194711174,0.9374434611856834,1.3576055617491185,-0.026367035192889555,0.40268711784154687,-0.3428244315967242,0.09047374483345154,0.21844489261258976,0.04527245653987063,1.2117859368680484,2.0166982035980503,-0.14835923658570155,0.10594186001059998,0.18058660707929078,1.251679925801449,0.011575667241739127,0.3118849231920165,-0.45277126682970414,-0.1878540042663343,0.5114871732399192,0.8802338188564993,0.3999859004410875,1.582653885180288,0.6601874976199439,1.5654754873988104,-0.38521617586749896,0.11529181918004272,0.4613256661137215,0.4508552072360051,-0.03795273499688086,-0.29590133586148476,-0.6558168969794562,-0.502546450667186,1.3400262243789076,1.3098556330319624,-0.08127749322167055,0.03707701378972062
-0.7850359749477093,-0.144076141262478,2.1403053115246418,-1.8996121644234454,0.629957447840552,0.7762379360500448,-0.9890638201592974,1.2478769607929032,2.1045685815882154,-1.334451799006573,1.1370168372947138,3.437223010250348,-1.1129736262819958,-1.0719064167700498,-1.0297552689028446,-0.9775665755663185,-0.5860785426483367,-0.48858560808025253,-0.38259095205257493,-0.2663663076436319,-2.0902307447999293,-1.9294682694610943,-1.8556538966820786,-1.794213516531932,-1.7088338659828153,-1.6470912781680607,-1.5940608916773746,-1.568959095800192,-1.5212861963539286,-1.4938831332336584,-1.4737880399678427,-1.4471937015147582,-1.406227602868033,-1.391930416946255,-1.3523601043672284,-1.311415994991706,-1.2860516235623944,-1.2560439021424161,-1.2292627426516685,-1.185072812616972,-1.1720632643261866,-1.1688637113934741,-1.1609398009922343,-0.3583277641823712,-0.48045164036546517,-0.656642095293528,-0.8845900343163515,-1.1317642137647126,-0.9270323925314319,-1.1274543063510252,-0.8042156747306848,-0.6416393709400722,-0.2871157677184055,-0.2801333818741722,0.09618457165815668,-0.8494168740437472,-0.7340912091340531,-0.8616449420272114,-0.4289262242471226,-1.1442289243470356,-0.8800094753341655,-1.1950569019232946,-1.0938155724976832,-0.9517480503803688,-0.9322082826409973,-1.2097836383661043,-0.9838349923327006,-1.05456344815827,-1.012370369204228,-0.34330473747987195,-0.4581263240423058,-0.6114556478364332,-0.6356892856597561,-0.6894465690535315,-0.6732305003957796,-1.0507233326375074,-0.767990529806906,-0.8770751808516659,-0.5194256828789408,-0.8672538784174562,-1.0368474459452661,-1.1729330735469554,-1.1178528321206234,-0.6373105335647206,-0.19469585209073426,-0.8569004302422337,-0.6226198105040971,-0.07839189784306036,0.5660536559527631,-0.725879152834858,-1.0189338715346854,0.10961528525064951,0.49938164960509085,-0.8089290481496999,-0.8994348768648438,-0.34459870942715737,-0.4629844511980867,-0.45277126682970414,-0.0015525124319530886,-0.8187785569029137,-0.8714752733952406,-0.6126366323211593,-0.8663269816364053,-0.9150972038593147,-0.8297875534299703,-0.486289623126928,0.11529181918004272,-0.5834316810652657,-0.6978204799894856,-0.08095866700467784,0.6094991354810281,-0.8156747633973614,-1.0140441103793345,-1.0694737937696546,-0.9524166174550193,-0.594995283336066,-0.04016676493886393
0.7373107620996631,0.42586627587519926,-0.4310584905272066,0.6715857041502927,-0.7118073399007651,-0.5016883924479231,-0.8153449105900135,-0.6376422899482671,0.1210971592968739,0.24322520474504025,0.5488539676941778,-0.057034200113382935,0.17696320968409862,-0.2845026280336235,-0.49768339944497275,-0.551706962465474,-0.6432866794091348,-0.8485988426195296,-0.8582296158124312,-0.7915882491671102,-0.6691733286707927,-0.6047249155171086,-0.4951376053220236,-0.5257107735869097,-0.5010229812246261,-0.40341491926216055,-0.3815741596141557,-0.3599568276932194,-0.3489705964829916,-0.30036992301050136,-0.2762974154447405,-0.23870100374481437,-0.25112301169646367,-0.28642711659980447,-0.29522945612386514,-0.2080684279218327,-0.09753501220210577,-0.049748793928920294,0.07438337087845824,0.02967305191431884,0.06935386503390807,0.08613511719020038,0.08801193764625062,0.5153569988180767,0.7161900541936014,-0.656642095293528,-0.8845900343163515,0.804547151701572,-0.35352583064720544,-0.04930927988681884,-0.8686173303647737,1.1417908783525914,0.6352322814134885,-0.2801333818741722,0.09618457165815668,-0.7474052398511435,-0.8972528040517904,0.8693309918830071,0.35139730577991946,-1.021506959006155,-1.2160142680309611,-0.8575337701430382,-0.7531009654230906,-0.6307150975957606,-0.3105634150837888,-0.7719519664851346,-0.9188023829463813,-0.8458681461108697,-1.1199834831244224,0.06177459877956396,1.0563408628744078,-0.6114556478364332,-0.6356892856597561,-0.6894465690535315,-0.6732305003957796,0.2468875428979257,0.874038219891601,2.73814371851499,0.5779525203864271,0.3873629438862778,0.637174666579886,-0.7062151860580064,-0.7969600773597308,1.372372026868934,0.5629605975794759,-0.9211599300729225,-0.8008931993384844,1.9320027284247518,1.631287927479134,-0.5470177599392052,-0.22008332544712342,1.456815565951594,0.5813482724372765,-0.3141712205352045,-0.6305455265315572,-0.34459870942715737,-0.4629844511980867,0.3657271122818764,0.18474897940242815,-0.02061911881721394,-0.6963043641700666,-0.6126366323211593,-0.8663269816364053,-0.5570779535231195,-0.6586973362279146,1.105617171209079,1.0321253713076188,-0.061053007475772095,-0.31492858424765535,1.5532667492916077,1.597208740581951,-0.495959030561551,0.008951209044962638,-0.9547356976673421,-0.7513257507450654,-0.26474813254824037,-0.889848330953294
0.7373107620996631,1.300661613807448,1.141459510856433,0.6715857041502927,-0.14732532569239798,-0.41426111815475786,0.48576949064916336,-0.37097839632090146,0.1210971592968739,0.7691175393289112,-0.8296113653870354,0.5307490990630397,0.8219316276671459,0.6484619775434521,0.5691206988180602,0.1789631271356323,0.33677903194032743,0.30556123281521147,0.3172157828448571,0.7039812293209943,0.7692746502431411,0.6278116322933309,0.5458549429219355,0.6668798364325216,0.5543457530301024,0.4503127485152174,0.4732799313110886,0.4021965954738837,0.4434005688369952,0.5624224302641035,0.5377271102142223,0.5688564695885128,0.5841064619199018,0.5248920418971305,0.711821790178598,0.7124284914121278,0.6011259757954546,0.6064896704238761,0.5828916893349116,0.8219723797580518,0.8349225017966801,0.8762884319046371,0.8053884866574151,-0.2803201960573313,-0.12145913199774522,0.488331043840784,2.059137201345384,0.6676362470726427,1.735676644788191,1.4410676684607604,1.9650555175351367,1.1993208863942904,1.3898806852486747,0.40942571196994393,1.8449949654428237,2.1769282736701645,2.637915085832518,0.5205522589309481,0.6786297538557758,1.6538318854250422,2.2991127940278244,1.3701188996066545,2.459351044137354,1.1578970679184848,2.176016055145045,1.2104525478648114,1.9426324300516684,2.5976043376712368,2.8617017319227673,-0.34330473747987195,-0.4581263240423058,0.2589438508631159,0.9016487691401379,-0.15151686628094518,0.22741230949823987,0.3151828521366327,0.6003667616085165,-0.7232360787509571,-0.3365293156680461,-0.08311836447762241,0.21866913844859798,1.059195953574105,1.8618656049448066,0.319298365201699,0.6066715465989111,1.070884564678427,1.8732076331773233,0.04304133461606924,0.40035054704866097,0.16842781164340645,1.2178476575104884,0.6828920004425407,0.9420014128988932,0.42796552088653844,1.251679925801449,-0.1665115210927091,0.3118849231920165,1.184225491393457,1.4888594222430966,0.31194731371849427,1.5809174557571952,-0.6126366323211593,-0.8663269816364053,0.6601874976199439,1.736565704600866,0.37283467857821867,0.8029169832757248,-0.061053007475772095,0.8337471029778354,-0.08095866700467784,1.0210448042730793,-0.6558168969794562,-0.502546450667186,1.3400262243789076,2.3655826832592206,0.2856637854314691,0.8095148010755662
0.7373107620996631,1.2741526641731376,1.0938074502084438,0.6715857041502927,-0.4318063407894719,-0.1482589857308723,1.098529009968438,-0.477385903773298,0.1210971592968739,0.41852264960633057,-0.08653239677294382,0.5129374839364812,0.33820531417986044,0.9831372414605358,0.9295993903757683,1.0248486600071727,0.9841342637072533,0.9802078824140247,1.0127115932973356,0.946896377275603,0.9767192206046497,0.9546205654248868,1.0403828562959636,1.0123350500359363,0.9658329564869964,0.8891350089318477,0.8951030464994689,0.8530620592446733,0.9709918043792474,0.9816597518665328,1.0634312607873657,1.0314011256761462,1.0059300818538108,0.9855955093218437,1.0814988299605148,1.0478033379911678,1.127104046204715,0.9885701556372418,1.0611830448949715,1.1400797116010923,1.1254848556835408,1.1293056103397918,1.16782611594877,-0.3583277641823712,-0.48045164036546517,0.488331043840784,0.8816463070806899,1.7629234841040764,2.186288943411512,0.8385748595542922,1.0634323386578926,1.9184459869155253,1.3898806852486747,-0.6249129287962303,-0.7782206252341769,1.9729050052849568,2.4203662926088683,0.9597551078335409,1.7861857319586742,1.9360924057090676,2.1181871364218576,1.887654368336381,2.0212894064700206,1.4330681703052919,1.2435487538092325,1.9523339918853433,2.007665039437988,1.084563397827584,1.1398919091996582,-0.34330473747987195,-0.4581263240423058,0.6941436002128905,1.8240516020200743,-0.33082676720514065,0.22741230949823987,0.5883640890914608,1.4213811364577702,-0.1847992213984764,0.9437452548082164,0.07370873831034433,0.21866913844859798,1.5867900872572644,1.8618656049448066,0.8980869426065915,1.655734323065356,1.90625806247738,1.5166608555085488,1.2034033336699743,1.3945692004732737,0.2280482759419574,1.0580775482929758,1.265723327554297,1.876420913185809,1.1701022623082815,1.5205692761347356,0.3677500439106356,-0.4629844511980867,0.39720781917078335,0.867854449461826,0.6445137462542024,1.2305756373068473,-0.6126366323211593,-0.8663269816364053,2.1638683490319632,2.0787461390049775,0.4739081258376477,1.6280671801905433,0.2001363293189747,0.06796331149417485,1.080201497205841,0.9387356705146691,-0.17624329772574054,0.5204488687571113,2.303826231638333,2.1142190998717783,1.239711109929632,2.1226590394615035
0.7373107620996631,1.2940343763988704,1.1295464956944359,0.6715857041502927,-1.0993287226707948,-1.0615949788786192,0.7100721565522066,-0.9817149690538398,0.1210971592968739,0.7691175393289112,-0.5603798550196109,0.5262961952813998,0.6606895231713841,1.0622214647834083,0.7992417823585898,0.9256758733946472,0.7854112623276389,0.7154922687822034,0.5988628465818112,0.5779279633553595,0.6761109210388707,0.7095138655762199,0.7976351362607672,0.7592946069506326,0.6886654101170677,0.8038662284717442,0.8166480226600842,0.8209291085973119,0.7987372032227285,0.8094903645727277,0.7856826327880267,0.7479977400814691,0.7777150857033146,0.6988122263867812,0.6225894012657215,0.6187732815961725,0.6460587757801654,0.7013570346340284,0.7503799979606366,0.7939789345558642,0.7077488338635904,0.7434754279419977,0.816219956038536,-0.3583277641823712,-0.48045164036546517,0.03034178818705923,0.8816463070806899,0.4720492404598867,1.28506434616487,0.5214733811824668,1.256637305560159,0.32198826375838313,0.9147316902413353,0.06464616504788588,0.9705897685504902,0.6467537607811079,1.006299136655145,1.011426031233846,1.433781557107752,0.5984229834934691,1.0326331907860562,0.3350479621472013,0.9504720699498724,0.1947982095646604,0.7255113641782254,0.6510009671280168,0.7937229975600272,1.032389572315734,1.462731250960241,-0.34330473747987195,-0.4581263240423058,-0.4663890647198417,-0.32822167469977737,1.2829623411126183,1.1280551193922594,0.1785922336592187,0.874038219891601,0.2767180849036499,1.3095379892300056,-0.3967725700535559,0.21866913844859798,1.241824692156737,1.3117637396404196,0.5443828119702683,1.2331951492108157,0.7495870655249836,1.3383874666741618,0.4343261947621535,0.8737880010603813,0.2578585080912329,0.25922700220541384,0.5204635978048382,0.9747880620317674,1.4174811761155293,0.9827905754681625,2.148621927255118,-0.4629844511980867,0.20832357783734168,0.8057539521836989,0.8440536057756274,-0.17079163649454457,-0.1063253659400359,0.35816345177194137,0.8749990478216609,1.3943852701967545,0.6255182967267912,1.5363838249777857,-0.1916476758731455,-0.31492858424765535,0.09106506102651012,0.6918082692394383,0.14347243511006993,0.5204488687571113,0.2614881210171702,0.7065830329021006,0.5792168083539807,1.350221252175658
-0.6385190354666241,-0.886326731023174,-1.0989049911148363,-0.893491259329374,0.33651640077191664,0.45629131523250405,-1.2194100706404414,0.13487116546823394,0.06705462165659594,-0.6332620195614115,0.029464215404635858,-0.3425766551110198,-0.7904894172904723,-1.2197595299388984,-1.259876352443374,-1.184662688786592,-1.1431051374245287,-1.1586942757310916,-1.0766497876900691,-0.9924856417998407,-0.8641960684717319,-0.7541232849486771,-0.6453024739949591,-0.5906211481174876,-0.49142872000412857,-0.43149122502341414,-0.4304811874620838,-0.32481141292266785,-0.3420804124367309,-1.4938831332336584,-1.4737880399678427,-1.4471937015147582,-1.406227602868033,-1.391930416946255,-1.3523601043672284,-1.311415994991706,-1.2860516235623944,-1.2560439021424161,-1.2292627426516685,-1.185072812616972,-1.1720632643261866,-1.1688637113934741,-1.1609398009922343,0.047311590067836744,-0.12145913199774522,-0.656642095293528,-0.8845900343163515,-0.5450031939264445,-0.9679971469517338,-0.8737731236535647,-0.9974206416329514,-0.21016431062733099,-0.762264762725745,-0.6249129287962303,-0.7782206252341769,-0.8834207521079485,-0.8972528040517904,-0.9003981345774402,-0.8820173061983083,-0.9601459763357146,-1.0609351329401324,-1.2175584440419784,-1.0938155724976832,-0.9517480503803688,-0.9322082826409973,-0.7597899755995521,-1.0271900652569135,-1.1589110991819702,-1.1199834831244224,-0.34330473747987195,-0.4581263240423058,-0.17625589848665868,-0.6356892856597561,-0.6894465690535315,-0.6732305003957796,-0.2311796217730233,-1.0416619880899904,-0.2617187724488308,-0.3365293156680461,-0.5535996728415227,-0.19983638968269005,-0.9294280887701124,-1.1178528321206234,-0.38007116582921274,-0.6900866076443333,-0.8569004302422337,-0.9791665881728715,-0.010928990921321694,-0.26246188856774766,-0.39796659919282773,-0.8591637623171731,-0.3872245345823229,-0.7629043420105674,-0.8089290481496999,-0.8994348768648438,-0.34459870942715737,-0.4629844511980867,-0.7675783357187735,-1.1193614634382405,-0.752265270395772,-0.6963043641700666,-0.6126366323211593,-0.8663269816364053,-0.1274548531196854,-0.8297875534299703,-0.43575289949721346,-0.8015417329475334,-0.4528370126678923,-0.31492858424765535,-0.16697053102027182,-0.29590133586148476,-0.8156747633973614,-1.0140441103793345,-1.092421412990117,-1.0026893341325078,-0.3748305161441822,-0.889848330953294
0.7373107620996631,0.7771098585298143,0.20033131305864887,-0.5581176242980168,1.6200409806980847,1.3770679274690312,-0.07068693303098351,1.2100423376980742,1.2653361517406523,1.119712429051492,0.18269911359448068,1.2204804585033149,1.1444158366586694,-0.9951144897753764,-0.6892292724498066,-0.30231657260162337,-0.06969983451797485,0.16790911372666437,0.2511149413555719,0.3350128154007508,0.2835810753248785,0.3511912138926925,0.41149690253036153,0.3302260295451176,0.31129113544416487,0.3900006842873393,0.34999346527776964,0.3007769699931493,0.34989092820917067,0.3066001203303706,0.27535556888612683,0.34327116600478996,-1.406227602868033,-1.391930416946255,-1.3523601043672284,-1.311415994991706,-1.2860516235623944,-1.2560439021424161,-1.2292627426516685,-1.185072812616972,-1.1720632643261866,-1.1688637113934741,-1.1609398009922343,-0.3115232233073472,-0.12145913199774522,2.091293438628821,0.8816463070806899,1.0783689609594302,1.326029100585172,1.2825169292748477,1.1278339942919813,0.8109933321128232,0.7190821040618426,0.754205258892002,1.8449949654428237,0.782769273037913,0.8431375417374077,0.19760898767904173,0.1751952183544583,0.5370620008230288,0.43816317293787915,1.032595767826398,1.3398601923208353,-0.03451104242434543,-0.2069559371575874,1.4780163473476262,1.1622411174158367,0.8236942702683335,0.8170525674390753,0.06177459877956396,1.0563408628744078,-0.4663890647198417,-0.32822167469977737,-0.5101366681293361,-0.22290909544876988,2.6372233662526705,1.5582168655993123,-0.49247742559989394,-0.7023220500898354,0.3873629438862778,-0.19983638968269005,-0.11774480618063597,0.2574018311403444,0.4639955095529221,0.34440585248229993,-0.02152693244328077,0.09047374483345154,0.5557594272212831,0.5660536559527631,0.5559608295839877,1.3776177667280005,1.5810255209098372,1.319047877926947,-0.43786067743882834,-0.09276682586498394,0.9020116089139802,1.8616236719722228,3.6082399218392918,3.7244773242556715,2.373859195439885,3.157455638783761,-0.1063253659400359,0.35816345177194137,-0.48547410345588055,0.025663532580308426,0.32229795494850416,0.39034188481831555,-0.1916476758731455,0.06796331149417485,1.080201497205841,0.1156443329305665,1.9019089657070276,3.589434827030003,0.6745452669854952,0.6563103162246121,0.6526050640846087,0.8867585798041507
0.7373107620996631,0.22704915361786998,-0.7884489453871244,0.6715857041502927,-1.13292884256415,-1.2104073606542196,0.20280839949556762,-1.0918703388107485,0.1210971592968739,0.593820094467621,1.0980862488437235,-0.1906213135625698,0.49944741867562226,0.6060544954717669,0.515913511872273,0.45168829032007723,0.5099089195059007,0.4356500486571351,0.3258376317347638,0.2943081149326812,0.28730762449304925,0.2601515825203305,0.2048790757097059,0.2554140724590278,0.337941861056658,0.32760889370677576,0.3622202222397517,0.4704791155995267,0.43749469679734315,0.42721596227631314,0.40413866975779267,0.3972978983756815,0.4372632062001153,0.4601345263956647,0.4250033972443522,0.5126307104714232,0.45311204643405467,0.4089218568853022,0.3756896580453551,0.3893464084515167,0.3826558813988709,0.38622525905515137,0.41795515879424266,-0.3583277641823712,-0.48045164036546517,1.4043095551482339,0.29290085994834275,1.5086603755074937,1.039275819643059,1.4093575206235778,0.5482190935851815,2.0910360110406216,0.9985815128896892,-0.2801333818741722,0.09618457165815668,1.4288429562577367,0.13610396376054595,1.8252430747886503,0.8548318412812369,0.9420444864479348,0.5932423080287079,0.9875926835890304,0.07434879461520573,-0.26382029441335125,-0.3105634150837888,0.6023530035856869,0.12171936723472769,0.5106513171972329,-0.15146545784267357,-0.34330473747987195,-0.4581263240423058,-0.32132248160325017,-0.6356892856597561,-0.5997916185914338,-0.44806979792227475,0.5200687798527537,0.4635310324669743,-0.10787967034812201,0.029263418753743168,0.5441900466742445,0.637174666579886,0.5518939019556821,-0.06349092362054808,1.7823472691973994,0.8543669243757106,1.3921820638318705,0.2687471336678387,2.336780169955184,1.1105067280662415,-0.07005404555079743,-0.37985343466463584,1.714790087787945,0.7616748426680848,-0.3141712205352045,-0.09276682586498394,-0.34459870942715737,-0.4629844511980867,1.4990325602825263,0.4952514657930635,-0.4196988378600638,-0.5211334549448926,0.906297166822211,1.582653885180288,0.9466028978889,-0.14542668462174735,0.37283467857821867,0.5737085952438308,0.8531096713058417,0.06796331149417485,1.080201497205841,0.3625717342057973,1.2624775000354067,1.5434441881814085,0.6057024093241077,-0.09778043393771511,2.4873114573503066,1.1184899159899044
-0.38836816318184464,-0.2037212779396768,0.4179587652963722,0.22442085744181653,0.24915608904919317,0.46001162477689406,-1.223321460131111,0.032679017029045826,-0.47277688070617985,-1.1591543541452827,0.6357852141344636,-0.3046841565845677,-0.9517315217862341,-1.2220518262670976,-1.2918006646108464,-1.3655071820211973,-1.4201129575294458,-1.3326502504034314,-1.289322060307769,-1.2209571863625537,-1.0679140896650696,-0.8545003144105121,-0.7424015620090377,-0.66763345688258,-0.5852392741601045,-0.504281647367405,-0.5089362113014686,-0.5386963656691671,-0.3981861968134256,-0.39666805488669743,-0.38489809006039905,-0.3581285174067853,-0.3783248128295272,-0.3900391414021496,-0.3270981664498925,-0.2821006413953973,-0.2508351533264128,-0.22033598094901063,-0.19497926979796532,-1.185072812616972,-1.1720632643261866,-1.1688637113934741,-1.1609398009922343,-0.3427262505573632,-0.36078747090955854,-0.656642095293528,-0.8845900343163515,-0.9948533091357833,-0.9270323925314319,-0.8103528279791997,-0.9974206416329514,0.06310322757073844,0.04828352287501049,-0.6249129287962303,-0.7782206252341769,-0.9854323863005522,-0.842865605745878,-0.6807967101261438,-0.5044414045723202,-0.9969625659379788,-0.9575490428795799,-1.1950569019232946,-1.0938155724976832,-0.9517480503803688,-0.9322082826409973,-0.832761920913047,-0.8754473100221684,-0.7936943205990196,-0.9047572552840337,-0.34330473747987195,-0.4581263240423058,-0.6114556478364332,-0.6356892856597561,-0.6894465690535315,-0.6732305003957796,-0.0262936940569023,-0.08381188409919473,-0.9539947319020203,-0.7023220500898354,-0.5535996728415227,-0.19983638968269005,-1.1323489094174815,-1.0720110100119244,-0.17106417954411268,-0.15098490307129905,-0.9854194299036112,-0.9791665881728715,0.407341031993458,0.447694292449833,-0.725879152834858,-1.0189338715346854,0.4440267024459194,0.3682350530735939,-0.685239591246076,-0.6305455265315572,-0.34459870942715737,-0.4629844511980867,-0.5472133874964249,-0.43625599337884263,-0.6192386973814887,-0.6963043641700666,-0.6126366323211593,-0.8663269816364053,-0.9867010539265537,-1.0008777706320262,0.06961433679993162,0.25281685199917914,-0.5834316810652657,-0.6978204799894856,0.04805912901871312,-0.04897393458625401,-0.495959030561551,0.008951209044962638,-1.1153690322105796,-1.0529620508099962,-0.9252424341238916,-1.0443358884104632
-0.9744359211061853,-0.8333088317545528,0.16752413111719788,0.6715857041502927,-0.8618878754244182,-0.6188781430962084,-0.5476320298952827,-0.834863668548018,-1.062280007774811,-0.6332620195614115,1.8129504261532665,-0.9030859186248998,-0.6292473127947105,-0.2122952936953486,-0.3407221979549006,-0.5035789924917485,-0.5755402016660843,-0.6065731387275787,-0.6354985194898398,-0.5224120041363276,-0.46793967358956884,-0.3070953514151559,-0.29190695599023114,-0.2253627694030492,-0.1364410548457199,-0.11121336670985457,-0.0748863391511062,-0.06172287949739643,0.014240533955611041,0.018678433104572362,-0.0023930591132123075,0.05323291854000342,0.06314026169110497,0.009607239978324585,0.01708390507120254,-0.018082145152323398,-0.043791859279216507,-0.018416453455842478,0.039849698996865475,0.06954250417197992,0.0491408317200395,0.034018621964354546,0.08801193764625062,-0.3583277641823712,-0.48045164036546517,-0.656642095293528,-0.8845900343163515,-0.5841205952489957,-0.5993143571690167,-1.000613715002295,-0.9330189859988626,-0.3108418247003039,-0.3430156494839749,-0.6249129287962303,-0.7782206252341769,-0.7474052398511435,-0.7340912091340531,-0.7583030952266013,-0.7058152187728473,-0.9356015832675386,-0.9058559978493036,-0.9025368543804058,-0.8504479960158313,-0.6307150975957606,-0.7249933267885945,-0.832761920913047,-0.7887371641737426,-0.6371728440634693,-0.7971441413638395,-0.34330473747987195,-0.4581263240423058,-0.6114556478364332,-0.6356892856597561,-0.6894465690535315,-0.6732305003957796,-0.2994749310117303,-0.4943190715238215,-0.5693969766502484,-0.3365293156680461,-0.23994546726558916,-0.19983638968269005,-1.051180581158534,-0.9803273657945266,-0.17910290978584728,-0.3258286991490399,-0.9854194299036112,-0.9791665881728715,-0.4561841766047969,-0.4518368701724358,-0.6364484563870316,-1.0189338715346854,-0.6834175040981334,-0.6317577454790705,-0.43786067743882834,-0.6305455265315572,-0.34459870942715737,-0.4629844511980867,-1.176827525274564,-0.9951604688819863,-0.6192386973814887,-0.6963043641700666,1.4126084332033344,1.582653885180288,-0.9867010539265537,-1.0008777706320262,-0.0819958340892119,-0.20559992406460892,-0.5834316810652657,-0.6978204799894856,0.005053197010916134,-0.04897393458625401,-0.495959030561551,0.008951209044962638,-0.9317880784468797,-0.9524166174550193,0.0654990182395853,-0.11741054366744849
-1.0709226861303145,-1.3369788748064537,-1.8571355504296956,-0.11095277758954063,0.8494782311438058,0.47303270818225907,-0.358539967523155,0.28832646837084097,-0.9079264642437217,-0.2826671298388308,0.7725175870551979,-1.1263119212436137,-0.46800520829894865,-0.8862304141859143,-0.6014374139892578,-0.5079542624893599,-0.2157311309863279,-0.05596466237339026,-0.15554893128503025,-0.035268653373301435,0.016511718272636866,0.07690514501442233,0.045681733733135166,-0.01852971157680096,0.02666138590273813,0.0166898039803007,0.09017487983565134,0.04572167422971824,0.09593843050413142,0.15485760949515262,0.14465033218055545,0.22005230270275644,0.15386507573453997,0.03643535354321753,0.06352116868912806,0.024731665049256158,-1.2860516235623944,-1.2560439021424161,-1.2292627426516685,-1.185072812616972,-1.1720632643261866,-1.1688637113934741,-1.1609398009922343,-0.3115232233073472,-0.36078747090955854,0.7173256716676465,-0.8845900343163515,-0.8383837038455785,-1.1318561646329413,-0.5566716452817394,-1.126223952901129,-0.943671913158991,-1.2933136394986537,-0.6249129287962303,-0.7782206252341769,-0.2713509469523259,-0.842865605745878,-0.69371444097622,-1.0833911203988353,-0.7515186352562176,-1.009242087909856,-1.0150445649738247,-1.1424890877940534,-0.8600243495847664,-0.8286008047147959,-0.7841139573707171,-1.0922226746432329,-0.7415204950871694,-0.7971441413638395,0.8719332712984358,1.0563408628744078,-0.6114556478364332,-0.6356892856597561,0.5657227374158367,-0.22290909544876988,-1.3239045695923353,-1.315333446373075,-0.9539947319020203,-1.0681147845116246,1.1714984578261116,-0.6183419178139781,-0.8482597605111648,-1.0261691879032255,-0.605155612597782,-1.1417664141784971,-0.9854194299036112,-0.9791665881728715,-0.901439362288272,-1.1383211784894305,-0.4277768313421032,-0.6993936530996606,-0.6643082802584037,-1.139950807038621,-0.8089290481496999,-0.8994348768648438,-0.34459870942715737,-0.4629844511980867,-0.6101748012742388,-0.9330599716038592,-0.8187785569029137,-0.8714752733952406,2.4252309659655813,0.35816345177194137,-0.6286818035903585,-1.0008777706320262,-1.0674619448686449,-1.2599585090113214,-0.5834316810652657,-0.6978204799894856,-0.5540239190904447,-1.1189926734455873,-0.8156747633973614,-1.0140441103793345,-0.22041188261254221,-0.8015984674225538,-0.48491289974012414,-1.0443358884104632
0.7373107620996631,1.0488265922814977,0.688764934700537,0.6715857041502927,-0.7790075796874755,-1.2736526229088498,0.28272491620017287,-0.8994083929084672,0.1210971592968739,0.41852264960633057,0.8180854780616024,0.36153875536073615,0.33820531417986044,0.6324159032460578,0.5691206988180602,0.45314671365261433,0.2961311452944972,0.1784977382719372,0.06718216503756104,0.2286553722422464,0.3854400859215473,0.33251641771374646,0.3832704234565015,0.44794484437175885,0.5980529430345911,0.5075052232140673,0.4529020030411185,0.4072173690125339,0.33217331209021445,0.372744291720081,0.40606080559169816,0.46175084225674523,0.47374019328974376,0.5174911829826772,0.5624941189366415,0.5563364750522023,0.5262379758209368,0.5290291620321005,0.4594338123582175,0.6056593941047842,0.5881550534232014,0.5173570857524409,0.40879006931790957,-0.3583277641823712,-0.48045164036546517,1.4043095551482339,0.29290085994834275,0.3938144378147843,0.13805122239641726,0.9654154509030224,0.4194157823170037,1.0411133642796184,1.1383312173036126,1.09898480581406,0.09618457165815668,0.03468395562548539,-0.02705763115719137,1.6056416503373538,2.088246453259465,0.2548014805390034,-0.15630684491029784,-0.04747825387042273,-0.3637128430521276,-0.768300648789164,-0.8286008047147959,0.2983032314461246,0.20842951308315344,-0.11543458894496827,-0.25907857176286786,-0.34330473747987195,-0.4581263240423058,-0.6114556478364332,-0.6356892856597561,-0.5101366681293361,-0.22290909544876988,1.1347265630011167,0.6003667616085165,1.8151091059107376,1.4924343564409004,-0.5535996728415227,-0.6183419178139781,0.02429976827252241,-0.2927000341640427,1.5733402829122993,1.6848749557449796,0.3640300665408514,-0.2660730328353228,1.3788068916664948,1.2762098369703436,-0.07005404555079743,0.7385373298579511,1.4663701778714588,1.6305210446892522,-0.3141712205352045,-0.36165617619827056,-0.34459870942715737,-0.4629844511980867,0.8694184225043875,1.799361908633732,0.24543402721135263,0.004379272730629412,-0.1063253659400359,0.35816345177194137,0.37377209735098776,-0.3165169018238031,1.7878629402102248,1.7655922130096797,0.2001363293189747,-0.6978204799894856,1.3382370892526227,1.844136141857182,0.3033303015279752,0.5204488687571113,-0.2663071210534672,-0.24859858397018056,0.39574616902741094,0.19156457124688972
-1.8392432224335657,-1.6153228459667146,0.5749127011903098,-1.7878209527463265,0.19091588123404418,0.4116476006998239,-1.2358006551727718,0.5688419316159559,-1.1234252789335253,-2.2109390233130246,0.2654452031099373,-0.9019726926794899,-1.919184148760805,-1.192251974000508,-1.1587826972463784,-1.0606967055209353,-0.9504040451776298,-0.8682634310607505,-0.84817079210754,-0.6734133123243276,-0.602095443643718,-1.9294682694610943,-1.8556538966820786,-1.794213516531932,-1.7088338659828153,-1.6470912781680607,-1.5940608916773746,-1.568959095800192,-1.5212861963539286,-1.4938831332336584,-1.4737880399678427,-1.4471937015147582,-1.406227602868033,-1.391930416946255,-1.3523601043672284,-1.311415994991706,-1.2860516235623944,-1.2560439021424161,-1.2292627426516685,-1.185072812616972,-1.1720632643261866,-1.1688637113934741,-1.1609398009922343,-0.3427262505573632,-0.36078747090955854,-0.656642095293528,-0.8845900343163515,-1.4838208256676733,-1.4186094455750546,-1.3494253412113029,-1.3194289198033957,-1.5908845036281027,-1.4889632256781464,-0.6249129287962303,-0.7782206252341769,-1.2574634108141622,-1.1148015972754401,-1.442942830280643,-1.4106235684746917,-1.389672855028797,-1.2935538355763756,-1.2625615282793459,-1.1911626030904239,-0.9517480503803688,-0.9322082826409973,-1.4651854469633365,-1.2873205028021908,-1.1589110991819702,-1.1199834831244224,-0.34330473747987195,-0.4581263240423058,-0.6114556478364332,-0.6356892856597561,-0.6894465690535315,-0.6732305003957796,-1.0507233326375074,-1.1784977172315327,-1.0309142829523747,-0.88521841730073,-0.8672538784174562,-1.0368474459452661,-1.1526409914822184,-1.1178528321206234,-1.5698032416059362,-1.5060243226737904,-0.9854194299036112,-0.9791665881728715,-1.50860552458392,-1.3276961600941186,-0.725879152834858,-1.0189338715346854,-1.5719964126455648,-1.5006039475002377,-0.8089290481496999,-0.8994348768648438,-0.34459870942715737,-0.4629844511980867,-1.3342310597190985,-1.4298639498288759,-0.752265270395772,-0.6963043641700666,-0.6126366323211593,-0.8663269816364053,-0.9867010539265537,-1.0008777706320262,-1.5980975429806472,-1.4891668970432155,-0.5834316810652657,-0.6978204799894856,-1.2851247632229934,-1.0366835396871772,-0.8156747633973614,-1.0140441103793345,-1.1153690322105796,-1.0529620508099962,-1.475654352103601,-1.430554782053386
0.7373107620996631,0.41923903846662164,-0.44297150568920357,0.6715857041502927,-0.8663678914101989,-0.496107928131338,-0.07146071501209506,-0.9607577170756575,0.1210971592968739,0.24322520474504025,1.2919329363082699,-0.06148710389502248,0.33820531417986044,0.15332597065242431,0.19401003085026056,-0.028132986084641348,-0.12389701671241515,-0.06050264432136434,-0.023347248306459935,0.043514637855220306,0.09228488469211006,0.09557994119336839,0.16874918249516502,0.098088927410339,0.17270736225920055,0.20282531254564864,0.21651803510946574,0.09392110020076033,0.269177343667259,0.14513052546725402,0.1686770301043737,0.19066934299227153,0.21840128366234424,0.2011044643898018,0.2620177072912411,0.31907661018511563,0.3509119523511833,0.31927654942066286,0.3325225681933641,0.4266710020544334,0.33801876616407783,0.39967467717795024,0.40879006931790957,-0.3583277641823712,-0.48045164036546517,0.7173256716676465,0.8816463070806899,1.4304255728623911,1.3669938550054739,1.123966190088935,0.6770224048533592,2.7813961075410076,1.529630389662598,-0.6249129287962303,-0.7782206252341769,0.34071885820329667,0.35365275698419574,1.166438801434761,0.8548318412812369,1.5311099200841618,0.7483214431195367,1.7751466577429622,0.22036934050431684,0.6992785639404732,0.31108145247341973,0.6388389762424344,0.2517845860073663,1.4497801764105347,-0.15146545784267357,-0.34330473747987195,-0.4581263240423058,0.11387726774652436,-0.020754063739798538,0.29675788602954345,0.45257301197174477,1.1347265630011167,0.05302384504234753,0.7382353912057763,1.126641622019111,1.1714984578261116,1.055680194711174,1.7491267437751599,0.3949272974664412,1.9270444135486227,1.1749138838515687,1.9705175623080686,-0.2660730328353228,1.0819701012108447,0.7554286375574513,0.6155812938825387,0.25922700220541384,1.1128495368364593,0.9911813865982045,0.3042760639829146,0.17612252446830268,-0.34459870942715737,-0.4629844511980867,1.656436094727061,1.613060416799351,-0.3531855513529221,-0.17079163649454457,-0.1063253659400359,0.35816345177194137,1.376225998292334,1.3943852701967545,0.09488269861478887,0.20697517439280033,-0.5834316810652657,-0.6978204799894856,0.6931481091356679,0.6918082692394383,0.6230460343637857,0.5204488687571113,1.1334976513947452,-0.04750771726022663,1.7901230279093414,0.7322710223469816
0.7373107620996631,1.0355721174643424,0.6649389043765419,0.6715857041502927,-0.8103676915879403,-1.0169512643459393,1.8780751440136696,-0.8138006853864737,0.1210971592968739,0.9444149841902016,-1.034227313266278,0.3526329477974571,0.9831737321629077,1.943609402976002,2.0708935503629036,2.1842952093741976,1.9792547478885045,1.7894813298027357,1.9280645504424367,1.7596773317831857,1.8897237668064988,1.6852719659261512,1.534910769669992,1.5327182221200608,1.508441729957357,1.4402624923934924,1.4504015918561532,1.4033388390807373,1.4306655114655005,1.393115406246643,1.2960096966899266,1.347030983211355,1.4193359355362674,1.4000436085312244,1.3865279145096334,1.4634540786981691,1.4002249872882506,1.3845761255053086,1.5325676660787126,1.5599813896339059,1.564276120538771,1.5445563948812087,1.476939588286914,0.5309585124430847,2.2718242571203877,0.03034178818705923,-0.2958445871840044,-0.016918276072003295,0.7115577842806438,0.0775313114619113,0.4838174379510926,-0.06633929052308392,0.43958269523399585,-0.2801333818741722,0.09618457165815668,0.4767343704601017,0.7343631451255829,0.43012814298041435,1.0813773822568298,0.1934404978685631,0.9550936232406418,0.17753716731641492,0.9504720699498724,0.3323837607580639,0.4146889303996211,0.09154938639122225,0.7070128517116014,0.9802157468038838,1.6779574788006297,1.6820919438173076,4.085275236707834,0.8392101833294819,1.5165839910600956,0.11744798510534799,0.0022516070247350006,0.3151828521366327,0.6003667616085165,0.8151549422561306,0.7608488875973217,-0.23994546726558916,-0.19983638968269005,0.14605226066094387,1.082554629096925,0.1826399510922105,0.6795231282979698,-0.08578643227396945,0.9818406890053873,0.28590779953432843,0.2346474381445588,-0.01043358125224646,0.5787672206404386,0.5013543739651085,0.6633148952694621,0.7990338915974099,1.251679925801449,-0.34459870942715737,-0.4629844511980867,0.23980428472624862,0.7436534549055718,-0.2866722648457805,0.3547210911809774,-0.1063253659400359,0.35816345177194137,1.018206747956139,1.3943852701967545,-0.006190748644640142,0.5737085952438308,0.3307309977163481,1.2166389987196655,0.09106506102651012,0.1156443329305665,-0.495959030561551,-0.502546450667186,0.37622621711948273,1.360128349709451,-0.15466574895229848,0.26880834997547426
0.7373107620996631,0.18728572916640412,-0.859927036359108,0.6715857041502927,-0.9134080592608962,-0.8309357871264388,-0.6392206295244263,-0.8912804748815876,0.1210971592968739,0.24322520474504025,1.0550092071849366,-0.2173387362524071,0.0157211051883368,-0.08507284748029283,-0.3407221979549006,-0.5210800724821941,-0.551452565135222,-0.7018707596350343,-0.7748850765433325,-0.5828125274115276,-0.3014871440779392,-0.19387939958029546,-0.15077456062093086,-0.23086364860055578,-0.2931473214471796,-0.2567942113978362,-0.31127030708275893,-0.2615496663356751,-0.08123773068543085,-0.12722782731390647,-0.05332965871170702,-0.008376513111013324,-0.0303904744361476,-0.11065671738154033,-0.09400131377952124,-0.1456316213778625,-0.1680178357075343,-0.12024655999334538,-0.055117898677514626,0.01016246889461235,-0.047713286242247396,0.05923628094460253,0.08551236778906887,-0.3583277641823712,-0.48045164036546517,-0.4276474674666656,-0.2958445871840044,2.1540974973295883,1.0802405740633607,0.14095160713627639,-0.35340408529206274,1.3287634044881127,0.5513824587651346,-0.2801333818741722,0.09618457165815668,-0.37336258114492965,-0.5165424159104034,0.5463877206311007,-0.12686550294633217,0.42661223201623627,0.07631185772594534,0.7175741781648253,0.1230223099115761,0.24066005996246156,-0.4141708930099902,0.2861412405605421,-0.20344367969686886,1.2932586998749844,0.06376076999771506,-0.34330473747987195,-0.4581263240423058,-0.6114556478364332,-0.6356892856597561,-0.061861915818847465,-0.22290909544876988,-0.3677702402504373,-0.4943190715238215,-0.4155578745495396,-0.15363294845715147,-0.3967725700535559,-0.19983638968269005,0.9374434611856834,0.11987636481424761,1.7501923482304609,0.6503824956183464,-0.599862430919479,-0.8008931993384844,0.6906852410647604,0.447694292449833,0.10880734734485548,0.4189971114229262,1.1988410441152428,0.43380835133934237,-0.685239591246076,-0.6305455265315572,-0.34459870942715737,-0.4629844511980867,1.2786676120601776,0.2468494766805552,-0.6857519838886303,-0.8714752733952406,0.906297166822211,-0.8663269816364053,1.805849098695768,0.8811146185905873,0.8276651912456492,0.25281685199917914,-0.5834316810652657,-0.6978204799894856,0.43511251708888604,0.1156443329305665,1.9019089657070276,1.5434441881814085,0.10085478647393276,-0.29887130064766904,1.349793493525574,0.4232959074326434
0.7373107620996631,-0.09768547940243451,-1.3721866883249902,0.6715857041502927,-0.8686078994030892,-0.7360678937444936,-0.6128466889587671,-0.8771567340730043,0.1210971592968739,-0.2826671298388308,-0.3449946467256711,-0.40881359886290836,-0.30676310380318683,-0.1423802556852729,-0.3540239946913474,-0.3971140892165374,-0.3858500639855433,-0.39933862977009565,-0.3912128009424817,-0.28343602074314495,-0.2567685540598894,-0.253405312400686,-0.28400354184955034,-0.35408334262470365,-0.26543056681018673,-0.28279079080640435,-0.28274120750480086,-0.29468677169076657,-0.22790021967012405,-0.06886532314651495,-0.12348761664925635,-0.1533956368434066,-0.13046836209230786,-0.2558985735776849,-0.2360447083755287,-0.11887299000187528,-0.06581774162466292,-0.04626742276524498,0.018266154070869994,0.07632879391796478,0.14767936912514879,0.10799042163974863,0.08634555774146278,-0.3583277641823712,-0.48045164036546517,-0.656642095293528,-0.8845900343163515,0.6676362470726427,-0.31256107622690354,-0.23957016690991406,-0.6110107078284183,0.2213107496854102,-0.2871157677184055,0.06464616504788588,0.09618457165815668,-0.23734706888812465,-0.5709296142163158,0.5851409131813294,-0.15203722972139802,-0.3588083461653997,-0.6473907726979223,-0.0024751696330552013,-0.3637128430521276,-0.9517480503803688,-0.9322082826409973,-0.07871848600693263,-0.5502842630905719,-0.5849990185516192,-0.5819179135234508,-0.34330473747987195,-0.4581263240423058,-0.6114556478364332,-0.6356892856597561,-0.5101366681293361,-0.6732305003957796,0.6566593983301677,0.4635310324669743,1.0459135954071939,-0.15363294845715147,0.7010171494622113,-0.19983638968269005,-0.1786210523748467,-0.4760673225988384,0.7051574168049607,-0.18012553575092252,1.0066250648477384,-0.6226198105040971,0.44781877614650123,-0.025743161561887433,-0.09986427770007292,-0.5396235438821483,1.0937403129967296,-0.02520473652089698,-0.3141712205352045,0.17612252446830268,-0.34459870942715737,-0.4629844511980867,0.6805341811709459,-0.06365300971008017,-0.8187785569029137,-0.8714752733952406,3.437853498727828,0.35816345177194137,-0.8434933537920757,-0.8297875534299703,0.37283467857821867,0.02360846396728511,-0.5834316810652657,-0.6978204799894856,0.09106506102651012,0.19795346668897676,1.1026196336175014,0.5204488687571113,-0.22041188261254221,-0.399416734002646,0.7259933198152366,0.03707701378972062
-0.6599605388053196,-1.0983983280976586,-1.7930161334607766,-0.893491259329374,1.3781201174659274,1.339864832025131,-0.5272803874343058,1.1186032994576958,0.039261316584453025,0.24322520474504025,-0.7784507957397097,-0.6097508820093935,0.17696320968409862,-0.9664607856728864,-0.8874260438228638,-0.6537965957430738,-0.5921004517810522,-0.5732946044424354,-0.48461616391647155,-0.40292401243973625,-0.32011988991879325,-0.23122899193818755,-0.23997023449432867,-0.02403059077430756,0.01919918273124005,0.2901738193584376,0.3673147043072442,0.21843628395928574,0.34300074416290993,-1.4938831332336584,-1.4737880399678427,-1.4471937015147582,-1.406227602868033,-1.391930416946255,-1.3523601043672284,-1.311415994991706,-1.2860516235623944,-1.2560439021424161,-1.2292627426516685,-1.185072812616972,-1.1720632643261866,-1.1688637113934741,-1.1609398009922343,1.6698690070686686,-0.12145913199774522,-0.656642095293528,-0.8845900343163515,-0.525444493265169,-0.9679971469517338,-0.3664107582586442,-0.28900242965797385,-0.6272568689296475,-0.9020144671396683,1.7885438996581762,1.8449949654428237,-0.9174246301721497,-0.842865605745878,-0.59037259417561,-0.756158672322979,-0.6165244733812489,-0.7249303402433367,-1.0375461070925083,-0.8504479960158313,-0.7224387983913629,-0.5177783709361916,-0.5165501578879023,-0.7453820912495298,-1.05456344815827,-1.012370369204228,-0.34330473747987195,-0.4581263240423058,-0.6114556478364332,-0.6356892856597561,-0.33082676720514065,-0.44806979792227475,-0.0945890032956093,-1.0416619880899904,0.3536376359540043,-0.3365293156680461,-0.08311836447762241,0.637174666579886,-0.9497201708348494,-0.7969600773597308,-0.7096591057403321,-0.9669226181007562,-0.3428244315967242,-0.8008931993384844,-0.7800061298291424,-0.8069149606812261,2.046472437047762,-0.5396235438821483,-0.6547536683385389,-0.9104442631085015,0.3042760639829146,-0.36165617619827056,-0.34459870942715737,-0.4629844511980867,-0.012041370385006914,-0.6225574852132238,-0.3531855513529221,-0.3459625457197186,1.4126084332033344,2.8071443185886347,-0.7718895037248367,-1.0008777706320262,-0.6378997940160714,-1.0765917985858062,-0.4528370126678923,-0.31492858424765535,-1.0270891711762116,-0.7897561384119464,-0.8156747633973614,-1.0140441103793345,-0.9317880784468797,-0.8015984674225538,-0.8885483062585777,-0.889848330953294
0.7373107620996631,0.3794756140151558,-0.5144495966611873,0.11262964576469747,2.2539632426860523,1.358466379747081,0.05749841735076175,1.3215662854187942,0.5163797203229064,1.119712429051492,-0.3773024279697623,0.21815525359194213,0.8219316276671459,-0.9836530081343805,-0.6134090310520599,-0.3562782359054975,-0.2036873127208967,-0.039325395230818634,0.16058552801155093,-0.0470861470575797,0.20035481056906362,-0.002462738746098394,0.06939197615517761,0.24221196238501197,0.31448922251766404,0.42223644275396377,0.4946767559945571,0.4524043308603859,0.5280514014053417,0.573122222694792,0.5867415739788114,0.5716999818185597,0.5831711545586292,0.46938560003873125,0.5861680180359761,0.7409710315465141,0.623151858140901,0.3880336299032503,-1.2292627426516685,-1.185072812616972,-1.1720632643261866,-1.1688637113934741,-1.1609398009922343,-0.3271247369323552,-0.48045164036546517,1.4043095551482339,1.470391754213037,1.3521907702172888,0.7934872931212475,0.14095160713627639,0.6770224048533592,1.012348360258769,0.6352322814134885,0.40942571196994393,0.9705897685504902,1.3948390781935356,0.7887503434314953,0.2880331036295755,0.0996800380292607,2.156991943322653,1.2652518934222994,1.2126081047758681,0.4637369169861687,1.4330681703052919,1.2435487538092325,1.4050444020341313,0.9237882163326658,1.2932586998749844,0.8170525674390753,0.06177459877956396,-0.4581263240423058,2.1448094313788055,0.9016487691401379,-0.4204817176672384,-0.22290909544876988,0.3151828521366327,0.32669530332543206,-1.1078338340027292,-1.2510111517225193,-0.08311836447762241,0.637174666579886,0.8968592970562096,0.21156000903164546,0.6810412260797568,0.3298355361424882,1.6492200631546252,2.2297544108460974,1.2843588219760607,0.424022419749247,0.10880734734485548,-0.22008332544712342,0.730665060041865,0.45020167590577953,0.7990338915974099,1.251679925801449,1.9705347389206698,1.0867542975821196,1.719397508504875,0.867854449461826,1.0435934652970522,0.8802338188564993,-0.1063253659400359,0.35816345177194137,0.7317913476871829,0.36784396698441996,0.5749815730970766,0.527866917637452,-0.1916476758731455,0.4508552072360051,0.564130313112277,0.3625717342057973,0.6230460343637857,1.03194652846926,2.0514024202132455,0.857401182934566,1.7167347721787136,1.6591963670899963
-0.7743152232783617,-0.7140185584001553,-0.08747702141209693,-1.0052824710064932,-0.010684838126086907,0.24423367120227357,0.33770787704044514,0.20325558905548727,0.007453423001889438,0.593820094467621,-1.4158076332119602,-0.025863873641905868,0.33820531417986044,0.2220948604984004,0.26850009257436264,0.11625092383653536,0.21784632656919456,0.19211168411585944,0.24680401691061854,0.33895197996217685,0.3481745942398392,0.5986322632637278,0.654244622565558,0.6811821223460388,0.6588165974310755,0.6572455206074198,0.7809866481876365,0.7827712297035703,-1.5212861963539286,-1.4938831332336584,-1.4737880399678427,-1.4471937015147582,-1.406227602868033,-1.391930416946255,-1.3523601043672284,-1.311415994991706,-1.2860516235623944,-1.2560439021424161,-1.2292627426516685,-1.185072812616972,-1.1720632643261866,-1.1688637113934741,-1.1609398009922343,-0.2803201960573313,-0.36078747090955854,-0.4276474674666656,-0.8845900343163515,-1.0730881117808857,-0.9270323925314319,-0.9689035671651124,-0.8686173303647737,-1.389529475482157,-1.2094638168502996,1.4437643527361181,2.719400162335157,-0.8834207521079485,-0.6253168125222283,-1.0037399813780503,-0.8568455794232425,-0.9969625659379788,-0.802469907788751,-0.8125306859056707,-0.6070804195339795,-0.40140584560675474,-0.5177783709361916,-1.1489736839381919,-0.853769773560062,-0.42847754201606886,-0.25907857176286786,0.4668539350389998,1.0563408628744078,-0.17625589848665868,-0.32822167469977737,-0.4204817176672384,-0.22290909544876988,-0.8458374049213864,-0.767990529806906,-1.0309142829523747,-0.88521841730073,-0.3967725700535559,-0.19983638968269005,-0.1989131344395836,-0.38438367838144055,-1.409028636771244,-1.3457508429358613,-0.40708393142741295,-0.08779964400093564,-0.8474690367508811,-0.5701962336753659,-0.18929497414789936,-0.22008332544712342,-0.9413920259344845,-0.8940509385420644,-0.685239591246076,-0.8994348768648438,-0.34459870942715737,-0.4629844511980867,-0.2638870254962625,-0.4983564906569697,-0.22015897833863887,0.004379272730629412,-0.6126366323211593,-0.8663269816364053,0.4453759474182268,-0.6586973362279146,-1.269608839387503,-1.0765917985858062,-0.4528370126678923,-0.31492858424765535,-0.5110179870826477,-0.6251378708951258,-0.8156747633973614,-1.0140441103793345,-0.5875737901399422,-0.399416734002646,-0.8518541783932637,-0.6581169947675404
0.7373107620996631,0.578292736272485,-0.15705914180126893,0.6715857041502927,-0.012924846118977254,0.24237351643007857,1.3860595974158954,0.07253614571428699,0.1210971592968739,0.9444149841902016,-1.1203813965838538,0.04538258686432712,0.9831737321629077,1.0668060574398068,1.067938076434815,1.1488146432728294,1.2340434927149504,1.0286130231924149,0.9020645325435322,1.059819094703151,1.129507736499653,1.1542074495873729,1.2040964349243521,1.2422718004917122,1.22381198041593,1.1698980665443837,1.257830169704936,1.3380687830782845,1.331249998798024,1.200519142494251,1.1989418370777007,1.0020181659656613,1.0835605928394305,1.1511897275327347,1.1898524450690078,1.3162816061302394,1.3411956226024542,1.3958905817872533,1.2804718613430854,1.3080403828142178,1.3402483346433944,1.3285251162837508,1.403618872476249,-0.3115232233073472,-0.12145913199774522,0.7173256716676465,0.8816463070806899,1.0196928589756036,0.5476987665994362,0.9019951552286573,0.8702273717556258,0.767845826081549,0.29983299082007253,0.40942571196994393,1.8449949654428237,1.1228080536799254,1.4413967231024445,0.610976374881482,0.4017407593300512,1.383843561675105,1.7304892986947857,1.6851404892682271,1.291186677024465,0.42410746155366624,0.8291188421044269,1.1618045843224813,1.2923063361884752,0.562825142709083,1.1398919091996582,-0.34330473747987195,-0.4581263240423058,-0.17625589848665868,0.2867135472201803,1.2829623411126183,0.6777337144452497,0.4517734706140467,0.7372024907500588,0.5843962891050675,1.3095379892300056,3.210250794069679,1.474185722842462,2.0129238106167398,1.5409728501839142,0.06205899746619124,0.1695620564045591,5.697568552488012,4.190761688024357,0.24543005538128523,-0.14410252506481752,0.46653013313616126,0.09945689298790142,0.4249174786061897,0.43380835133934237,0.42796552088653844,1.251679925801449,-0.1665115210927091,0.3118849231920165,-0.10648349105172775,0.06054798484617399,0.11240745419706934,0.7050629096313253,-0.1063253659400359,0.35816345177194137,1.949056798830246,1.9076559218029219,0.22122450768907514,0.25281685199917914,6.860464417585018,5.811341747621628,2.9724625055489087,1.26797220554831,-0.17624329772574054,0.008951209044962638,1.1793928898356703,1.5612192164194048,0.9094639591418064,-0.34914187985320216
0.7373107620996631,-0.2501119397997203,-1.6461860370509274,0.6715857041502927,-0.46540646068282704,-0.20778393844111243,-0.127486713049879,-0.20642638766163296,0.1210971592968739,0.41852264960633057,-0.8511498862164294,-0.5112303858406182,0.49944741867562226,-0.01057321681381872,-0.05872410714222854,-0.20314378598909796,-0.3226200180920296,-0.4855602867816032,-0.398397675017404,-0.3162623920883623,-0.18472193680858703,-0.01997036016386032,-0.031094289347764204,-0.04163340420632869,0.014935066633241147,0.04996542562326793,0.16761100726153758,0.2616149363916776,0.2642557836342156,0.2822824102606241,0.2465235313775449,0.24753958759321007,0.25207234866815514,0.3435709984930264,0.410434843952454,0.3966766411754786,0.4064171758617083,0.384552258739575,0.371372949060156,0.4258227158361853,0.4281352063550752,0.4475882292404214,0.41878834874663656,-0.3583277641823712,-0.48045164036546517,-0.19865283963980318,-0.2958445871840044,0.5111666417824379,-0.4354553394878092,-0.4932513496073743,-0.5466090521943293,0.6096383039668772,-0.4268654721323289,0.40942571196994393,0.9705897685504902,-0.20334319082392338,-0.35338082099266604,0.5334699897810244,-0.5799565848975179,-0.5551634907108086,-0.5698512051525079,-0.7450260595496194,-0.41238635834849796,0.8827259655316779,-0.3105634150837888,-0.5287121487734848,-0.4418965807800397,-0.6371728440634693,-0.4743047996032565,-0.34330473747987195,-0.4581263240423058,0.11387726774652436,-0.020754063739798538,-0.6894465690535315,-0.6732305003957796,-0.2311796217730233,-0.22064761324073698,-0.4155578745495396,-0.5194256828789408,-0.5535996728415227,-0.6183419178139781,-0.564170611604848,-0.5219091447075374,-0.40418735655441657,-0.6026647096054628,-0.3428244315967242,-0.2660730328353228,-0.3347509441456673,-0.5938681063759519,1.807990579853558,0.5787672206404386,0.663782776602811,-0.32028457871676513,-0.3141712205352045,-0.6305455265315572,-0.34459870942715737,-0.4629844511980867,1.2786676120601776,-0.2499545015444614,0.8440536057756274,0.004379272730629412,-0.1063253659400359,0.35816345177194137,-0.6286818035903585,-0.8297875534299703,-1.2443404775726457,-0.9390667657666698,-0.061053007475772095,0.06796331149417485,-0.08095866700467784,-0.29590133586148476,3.6603454963039854,-0.502546450667186,-0.7023118862422547,-0.4496894506801345,-0.48491289974012414,-0.34914187985320216
0.7373107620996631,-0.38265668797127317,-1.8844463402908729,0.6715857041502927,-1.1575689304859438,-0.8513974896205838,-0.5793204933244549,-1.1776736265157444,0.1210971592968739,0.41852264960633057,1.7119340924814517,-0.6002884614734094,0.33820531417986044,-0.07131906951109761,-0.1717893794020263,-0.2716896826183435,-0.4701567918435616,-0.6368263517140725,-0.5119186854011764,-0.5473600463586928,-0.4517912938608286,-0.3619525651908099,-0.22755058370183023,-0.25066681371157956,-0.22492146387919712,-0.2287179056365826,-0.15130357016349394,-0.1279970902075793,-0.13832782706873425,-0.08540136599394255,-0.05332965871170702,-0.09462971742243677,-0.07902645722231894,-0.0579255976160611,0.007068024683022528,-0.05286836594110679,-0.027052188696677228,0.006823487480803542,-0.0015907072610458432,0.015252186204101,0.04240315394874998,0.02813450153563002,0.08634555774146278,-0.21791414155729924,-0.48045164036546517,-0.4276474674666656,-0.2958445871840044,0.49160794112116235,-0.5993143571690167,0.10924145929909385,-0.4822073965602405,1.7890034688217031,-0.06351624065612818,-0.2801333818741722,0.09618457165815668,1.0207964194873218,-0.4077680192985785,1.6056416503373538,0.049336584479128955,0.18116830133447503,-0.6473907726979223,0.5150602990966714,-0.7531009654230906,-0.9058861999825676,-0.8286008047147959,0.6388389762424344,-0.6586719454011041,-1.05456344815827,-1.012370369204228,-0.34330473747987195,-0.4581263240423058,-0.4663890647198417,-0.32822167469977737,-0.5101366681293361,-0.44806979792227475,-0.7092467864439723,-1.1784977172315327,-0.2617187724488308,-0.5194256828789408,0.07370873831034433,0.21866913844859798,0.1663443427256808,-0.705276433142333,2.240554892976273,0.27155427078324124,1.9705175623080686,-0.6226198105040971,0.9740294501360628,-0.3334775066695057,-0.3383461348942768,-0.8591637623171731,0.8357657911603784,-0.09077803478664546,-0.43786067743882834,-0.6305455265315572,-0.34459870942715737,-0.4629844511980867,0.6490534742820389,0.18474897940242815,-0.3531855513529221,-0.5211334549448926,-0.6126366323211593,-0.8663269816364053,-0.48547410345588055,-0.48760711902585885,1.2824957039130798,0.06945014157366391,-0.5834316810652657,-0.6978204799894856,1.0371955651980438,-0.29590133586148476,0.4631881679458804,-0.502546450667186,-0.3810452171557797,-0.6507803173900885,1.0195463427377482,-0.5808732160389558
0.7373107620996631,1.1416079160015846,0.8555471469684983,0.6715857041502927,-0.640127084128274,-0.6877038696674235,1.3319706684592052,-0.46703763057713726,0.1210971592968739,1.119712429051492,0.06423724903281403,0.42387940830369003,1.1444158366586694,1.3888736915517947,1.2767762851970297,1.3267422898423602,1.2671639929448861,1.1375245899437927,1.1018040318263722,1.0020446811355683,0.9357271797547707,1.046827371558433,1.0065110814073317,1.1036496447145459,1.1108129038189591,1.1137454550218764,1.1345437036716173,1.120167211500865,1.1895090698463742,1.256936229856063,1.255644844177912,1.246560217749697,1.285586982874296,1.2418502492347867,1.1406835777088513,1.1218355514647322,1.1544161403130686,1.1669904277756016,1.2278080117236565,1.2571432097193314,1.2391831680740515,1.2200891826686846,1.2211502729019807,0.3437403489429887,0.835854223649508,1.4043095551482339,2.6478826484777316,1.0392515596368792,1.4489233638460777,1.0288357465773874,2.0938588288033144,1.0986433723213174,1.8091297984904444,1.09898480581406,1.8449949654428237,1.7008739807713469,1.9852687061615688,0.9080841844332359,1.3834381035576202,1.5188377235500738,1.6529497311493713,0.6725710939274577,1.291186677024465,0.8368641151338767,1.1399412758830312,1.4536923655764613,2.0510201123622007,1.3976063508986847,2.2160230484016017,0.4668539350389998,2.570808049791121,0.2589438508631159,1.2091163801001168,0.8346875888021298,1.1280551193922594,1.4079077999559448,1.4213811364577702,0.4305571870043587,0.7608488875973217,0.5441900466742445,1.8926912509737501,1.059195953574105,1.8618656049448066,1.0106291659908762,1.5246014760070503,0.2997705667101627,0.2687471336678387,0.6637000782960649,1.1578504734674135,0.4367199009868858,1.537387875945513,0.9122026865192973,1.4993744481577551,0.42796552088653844,1.251679925801449,-0.1665115210927091,0.3118849231920165,1.0583026638378292,1.799361908633732,0.910566892282769,1.2305756373068473,0.906297166822211,1.582653885180288,0.2305643972165097,1.2232950529946989,0.9287386385050782,1.490542147371407,-0.3222423442705189,0.06796331149417485,-0.4680120550748507,-0.378210469619895,0.9427617671995961,2.054941847893557,0.7204405054264202,1.1087647663220084,1.459875877121516,1.7364401458185807
0.7373107620996631,1.4729697864304667,1.4511979050683617,0.6715857041502927,-0.48108651663305946,-0.479366535181583,1.1673694650042261,-0.45286452630642815,0.1210971592968739,0.593820094467621,0.5919310093529658,0.6465245973856679,0.6606895231713841,1.2009053926394602,1.1650411926108766,0.9810959600310585,0.8983220585660562,0.8380177813775035,0.950921676253004,0.9206352801994291,1.0947266109300586,1.2032287895571063,1.2368391506500298,1.028837687628456,1.0543133655204737,1.017038179622003,1.0010682735033132,0.9544816847254077,0.9896937325048122,0.9719326678386342,1.0115335932719183,0.9821135803553328,1.0424070689434395,1.096608393038642,1.1324887664821586,1.0852654219175497,1.090981599158183,1.0251245528558326,1.1293870468611171,1.1714663016762723,1.1313803237334192,1.1789003396676128,1.177824395377497,-0.3583277641823712,-0.48045164036546517,1.8622988108019585,2.059137201345384,2.0171865927006594,2.6778659964551346,1.948430033855681,1.7718505506328701,2.1629485210927455,2.871227552036262,1.09898480581406,2.719400162335157,1.8028856149639505,1.7133327146320068,0.5463877206311007,1.3582663767825545,1.4942933304818977,2.040647568876443,1.1001003941824492,2.0212894064700206,1.5247918711008943,1.2435487538092325,1.3563964384918012,1.5957918466579655,1.2932586998749844,2.1084099344814073,-0.34330473747987195,-0.4581263240423058,-0.32132248160325017,-0.32822167469977737,-0.15151686628094518,0.0022516070247350006,1.6810890369107727,1.8318883238823969,-0.4155578745495396,0.39505615317553244,-0.08311836447762241,1.055680194711174,0.6127701481498928,1.4951310280752153,1.4045269478358724,2.340539191036507,0.9423655650170496,1.694934244342936,1.5811956124317108,1.9863660179879243,0.6752017581810896,1.3776177667280005,1.380378670592675,2.0567474834166175,1.1701022623082815,1.5205692761347356,-0.1665115210927091,0.3118849231920165,1.2786676120601776,1.9856634004681133,0.24543402721135263,0.3547210911809774,0.906297166822211,1.582653885180288,0.6601874976199439,0.7100244013885315,0.7771284676159347,1.719750535403301,-0.5834316810652657,-0.6978204799894856,0.39210658508108903,1.4325904730651307,0.9427617671995961,3.589434827030003,1.27118336671752,1.5109464997419162,1.239711109929632,2.4316341543758417
-1.9178620680087821,-1.7478675941382675,-0.7669219179891295,-2.234985799454803,0.027395297753048966,0.16796732554227842,-0.8143018733925015,0.7369001437430865,-0.7991700530918581,-0.2826671298388308,0.009068406206646779,-0.8518775251360449,-0.9517315217862341,-0.7017005597658784,-0.5375887896543131,-0.13751473602492673,-0.3226200180920296,-2.6305130875240184,-2.494943930079731,-2.2346355335028667,-2.0902307447999293,-1.9294682694610943,-1.8556538966820786,-1.794213516531932,-1.7088338659828153,-1.6470912781680607,-1.5940608916773746,-1.568959095800192,-1.5212861963539286,-1.4938831332336584,-1.4737880399678427,-1.4471937015147582,-1.406227602868033,-1.391930416946255,-1.3523601043672284,-1.311415994991706,-1.2860516235623944,-1.2560439021424161,-1.2292627426516685,-1.185072812616972,-1.1720632643261866,-1.1688637113934741,-1.1609398009922343,-0.17110960068227526,-0.24112330145365188,-0.4276474674666656,-0.2958445871840044,-1.4251447236838466,-1.2957151823141488,-1.1274543063510252,-1.126223952901129,-1.619649507648952,-1.4889632256781464,-0.6249129287962303,-0.7782206252341769,-1.1554517766215584,-1.0060272006636153,-1.636708793031787,-1.536482202350021,-1.3037674792901803,-1.2418607905460992,-1.1950569019232946,-1.1424890877940534,-0.7224387983913629,-0.7249933267885945,-1.3922135016498416,-1.2222878934158714,-1.1589110991819702,-1.1199834831244224,-0.34330473747987195,-0.4581263240423058,-0.17625589848665868,-0.32822167469977737,-0.5997916185914338,-0.6732305003957796,-1.3239045695923353,-1.4521691755146173,0.04595943175258676,0.029263418753743168,-0.8672538784174562,-1.0368474459452661,-1.1526409914822184,-1.1636946542293223,-1.6501905440232822,-1.578875904372849,-0.9854194299036112,-0.9791665881728715,-1.6570239198117451,-1.4697273962976347,-0.6662586885363071,-1.0189338715346854,-1.7344248152832673,-1.648143868598172,-0.8089290481496999,-0.8994348768648438,-0.34459870942715737,-0.4629844511980867,-1.3657117666080054,-1.4298639498288759,-0.6192386973814887,-0.6963043641700666,-0.6126366323211593,-0.8663269816364053,-0.8434933537920757,-1.0008777706320262,-1.6991709902400762,-1.626691929862352,-0.4528370126678923,-0.31492858424765535,-1.4141425592463845,-1.5305383422376386,-0.495959030561551,-0.502546450667186,-1.046526174549192,-1.0026893341325078,-1.2921837127770313,-1.2760672245962168
-1.7070206185116108,-1.51591428483805,0.15267925241065974,-1.4524473177149693,0.21779597714872834,0.3856054338890939,-1.175842948737873,0.367402649985203,-1.0737342183499972,-2.0356415784517345,0.5380847072794811,-0.9156350111004294,-1.919184148760805,-1.1762058997031135,-1.114886768016104,-1.152577375470775,-1.140094182858171,-0.9938142649547002,-0.8524817165524933,-0.6694741477629015,-0.5697986841862377,-0.5008463617717213,-0.5764298650547406,-0.4762028608093502,-1.7088338659828153,-1.6470912781680607,-1.5940608916773746,-1.568959095800192,-1.5212861963539286,-1.4938831332336584,-1.4737880399678427,-1.4471937015147582,-1.406227602868033,-1.391930416946255,-1.3523601043672284,-1.311415994991706,-1.2860516235623944,-1.2560439021424161,-1.2292627426516685,-1.185072812616972,-1.1720632643261866,-1.1688637113934741,-1.1609398009922343,-0.3583277641823712,-0.48045164036546517,-0.656642095293528,-0.8845900343163515,-1.503379526328949,-1.3776446911547526,-1.2225847498625726,-1.255027264169307,-1.3607644714613074,-1.2374137577330844,-0.6249129287962303,-0.7782206252341769,-1.2914672888783636,-1.1691887955813527,-1.391271906880338,-1.4106235684746917,-1.2424064966197401,-1.164321223000685,-1.1275522755672434,-1.1911626030904239,-0.9517480503803688,-0.9322082826409973,-1.2827555836795992,-1.0922226746432329,-0.9502157971345698,-1.012370369204228,-0.34330473747987195,-0.4581263240423058,-0.6114556478364332,-0.6356892856597561,-0.6894465690535315,-0.6732305003957796,-1.3239045695923353,-1.315333446373075,-0.33863832349918516,-0.7023220500898354,-0.8672538784174562,-1.0368474459452661,-0.9497201708348494,-1.0720110100119244,-1.38491244604604,-1.2874695775766143,-0.9854194299036112,-0.9791665881728715,-1.3466945479717471,-1.3513680327947046,-0.725879152834858,-1.0189338715346854,-1.495559517286646,-1.3038840527029925,-0.8089290481496999,-0.8994348768648438,-0.34459870942715737,-0.4629844511980867,-1.4286731803858193,-1.3056629552726218,-0.4862121243672054,-0.6963043641700666,-0.6126366323211593,-0.8663269816364053,-0.9867010539265537,-1.0008777706320262,-1.3959506484617892,-1.351641864224079,-0.5834316810652657,-0.6978204799894856,-1.4141425592463845,-1.4482292084792283,-0.8156747633973614,-1.0140441103793345,-1.1153690322105796,-1.0529620508099962,-1.2554895849117174,-1.3533110033248013
0.7373107620996631,1.1813713404530506,0.9270252379404825,0.6715857041502927,0.03635532972461035,0.15122593259252337,0.3148107271331591,0.42047364995490627,0.1210971592968739,0.7691175393289112,-0.25884056340809564,0.4505968309935273,0.8219316276671459,0.34473271405705774,0.2179532649758648,0.2197989804466722,0.05073834813633694,-0.12857237354097553,0.0542493917027009,0.06977573493139423,0.015269535216579928,0.07807231977560647,0.07842444945881283,0.1354949059533839,0.27184806153767505,0.22674216560153132,0.3938060110582053,0.3991841313506936,0.502459289233516,0.5021145092911322,0.5982743889822443,0.6456312997997798,0.6065538385904424,0.7099135147584611,0.6854162873370325,0.7481066665801107,0.6504639522492546,0.7353004034798628,0.7305231366287207,0.831303528158781,0.8265004045825682,0.8308966457401907,0.8378828948007779,0.20332672631791673,0.5965258847376947,-0.4276474674666656,-0.2958445871840044,0.3155796351696819,0.62962827544004,0.236082050647824,0.7414240604874481,0.767845826081549,1.0544813946552587,-0.6249129287962303,-0.7782206252341769,0.5107382485243029,0.40803995529010817,0.8822487227330834,1.4841250106578838,0.5370620008230288,0.5415492629984316,0.47005721485930385,0.22036934050431684,0.24066005996246156,0.31108145247341973,0.5780290218145219,0.5552700964768564,-0.3763037165042188,-0.3666916856830622,2.0871712800767432,1.0563408628744078,-0.17625589848665868,-0.32822167469977737,0.745032638340032,0.6777337144452497,0.6566593983301677,0.874038219891601,0.8151549422561306,1.3095379892300056,-0.8672538784174562,-1.0368474459452661,0.36926516337304993,0.0740345427055487,0.7694672587388376,1.2914764145700626,-0.21430543193534685,-0.2660730328353228,1.2034033336699743,1.2762098369703436,-0.18929497414789936,-0.37985343466463584,1.05552186531727,1.335441202493384,-0.06679230672795687,-0.36165617619827056,-0.1665115210927091,0.3118849231920165,0.5546113536153181,1.1162564385743343,1.7087263303684685,0.8802338188564993,0.906297166822211,1.582653885180288,0.9466028978889,0.8811146185905873,0.9540070003199355,1.444700469765028,0.2001363293189747,0.06796331149417485,1.1662133612214347,1.6795178743403614,-0.01638543130783529,0.5204488687571113,0.07790716725347026,0.15358314944972729,0.5058285526233528,0.7322710223469816
0.7373107620996631,-0.024785867908080444,-1.2411435215430204,0.6715857041502927,-0.4698864766686078,-0.5909758215132832,0.028074834693329758,-0.16450406981794838,0.1210971592968739,0.7691175393289112,0.06423724903281403,-0.3598316572648731,0.8219316276671459,0.211779527021504,0.03837900903383307,-0.1885595526637266,-0.17056681249096098,-0.3116043121092634,-0.15554893128503025,-0.20333967466081448,-0.20459686570549804,0.05823034883547628,0.05923044368858799,0.07828576229931523,0.13966046249970904,0.24649956595204311,0.37240918637473674,0.43232123670578504,0.4394633208105605,0.44083387991537115,0.4791019672801057,0.483551102687105,0.41200990744575705,0.3990774403514256,0.47053012628153407,0.47338471778664193,0.47689999936713684,0.4837713369043214,0.4792906736901334,0.4393952953281551,0.444979400783299,0.37109466366700256,0.40879006931790957,0.0005070491928127422,-0.0017949625418385616,-0.4276474674666656,-0.2958445871840044,2.349684503942344,0.8754168019618512,1.123966190088935,0.4194157823170037,0.4082832758209314,-0.1473660633044822,-0.2801333818741722,0.09618457165815668,1.1568119317441268,0.13610396376054595,1.0760146854842272,0.3765690325549853,2.242897319061269,0.8258610106649511,2.2251775001166374,0.8044515240607613,2.258581477465713,1.2435487538092325,0.7726208759838418,-0.030023388000017373,2.649778163183087,1.6779574788006297,-0.34330473747987195,-0.4581263240423058,-0.32132248160325017,-0.32822167469977737,0.5657227374158367,0.6777337144452497,-0.16288431253431632,0.1898595741838898,0.6613158401554219,-0.5194256828789408,-0.23994546726558916,0.21866913844859798,1.3229930204156846,0.11987636481424761,1.0106291659908762,0.3006949034628647,-0.47134343125810163,-0.44434642166970995,0.9875220315204105,0.04527245653987063,0.019376650897029023,0.09945689298790142,0.6064551050836219,0.18790848284278558,-0.685239591246076,-0.6305455265315572,-0.34459870942715737,-0.4629844511980867,-0.10648349105172775,-0.2499545015444614,0.3784606002256359,0.5298920004061514,0.906297166822211,1.582653885180288,0.4453759474182268,-0.48760711902585885,1.0550804475793645,0.16113349678642153,-0.061053007475772095,0.06796331149417485,0.1340709930343071,-0.29590133586148476,-0.33610116414364577,-0.502546450667186,3.4971024311023826,1.6617646497743817,0.6892991919499226,0.11432079251830517
0.41926179590901486,0.35959390178942285,-0.0416821763926711,0.6715857041502927,-0.7812475876803658,-0.6635218576288884,-0.571870227627941,-0.713930460865866,-0.09877876527385682,0.24322520474504025,0.6774337871883589,-0.10156323792977841,0.0157211051883368,-0.18822618224925697,-0.384618127185175,-0.5954596624415882,-0.6312428611437035,-0.6806935105444886,-0.6584901165295912,-0.5197858944287101,-0.5412284738969282,-0.41214107992172744,-0.37094109739703934,-0.3199778916001627,-0.15882766436021414,-0.10705391400448368,-0.030054896957172044,-0.06774780774377669,-0.11470433891012595,-0.08442865759115269,-0.0936945112237217,-0.04534217210162337,0.013568971543661107,0.06881411129395039,0.006157490102278891,0.025623619428455733,0.02757199952002989,0.0764509107543098,0.1684876267557985,0.10771538399314479,0.03987652478451641,0.02477214700493029,0.08551236778906887,-0.3271247369323552,-0.48045164036546517,2.091293438628821,0.8816463070806899,0.37425573715350874,0.05612171355581348,0.10924145929909385,-0.28900242965797385,0.6959333160294255,0.8029319267101965,-0.2801333818741722,0.09618457165815668,-0.1353354346955209,-0.2989936226867536,0.8047423376326258,0.9555187483815004,0.021629746391330244,-0.4406185925768173,-0.5875152647188331,-0.41238635834849796,-0.3555439952089536,-0.7249933267885945,-0.34628228548974743,-0.5286067266284654,-0.7936943205990196,-0.6895310274436451,-0.34330473747987195,-0.4581263240423058,-0.4663890647198417,-0.32822167469977737,-0.6894465690535315,-0.6732305003957796,0.5883640890914608,0.4635310324669743,0.3536376359540043,1.126641622019111,0.3873629438862778,0.637174666579886,-0.7873835143169541,-0.5677509668162363,1.099055198649957,0.7669450263368403,0.2997705667101627,-0.44434642166970995,1.7296140076595359,1.2051942188685856,-0.725879152834858,-1.0189338715346854,1.0077488057179458,0.7288881935352105,-0.8089290481496999,-0.8994348768648438,-0.34459870942715737,-0.4629844511980867,0.17684287094843473,0.3089499739586823,-0.752265270395772,-0.8714752733952406,6.475721097014568,0.35816345177194137,-0.7718895037248367,-0.6586973362279146,1.3583007893576515,0.6195502728502096,-0.061053007475772095,-0.31492858424765535,1.3812430212604199,0.8564265367562588,1.5821932328712172,1.03194652846926,-0.8170499823445672,-0.8518711841000424,0.4324402968927249,0.26880834997547426
-1.8142281352050877,-1.7279858819125347,-1.7312394243703035,-2.0114033761005645,0.5448371441107188,0.7055520547066346,-1.0939351792016543,0.9543751716660918,-0.7929937630758263,-1.860344133590444,0.5380847072794811,-1.0411259358557263,-2.4029104622480904,-1.030645082862464,-1.0270949095555553,-0.8098478923245476,-0.8058782259924557,-0.6307757091167737,-0.3437926320479945,-2.2346355335028667,-2.0902307447999293,-1.9294682694610943,-1.8556538966820786,-1.794213516531932,-1.7088338659828153,-1.6470912781680607,-1.5940608916773746,-1.568959095800192,-1.5212861963539286,-1.4938831332336584,-1.4737880399678427,-1.4471937015147582,-1.406227602868033,-1.391930416946255,-1.3523601043672284,-1.311415994991706,-1.2860516235623944,-1.2560439021424161,-1.2292627426516685,-1.185072812616972,-1.1720632643261866,-1.1688637113934741,-1.1609398009922343,-0.3271247369323552,-0.48045164036546517,-0.656642095293528,-0.8845900343163515,-1.2491164177323661,-1.213785673473545,-1.3811354890484855,-1.3194289198033957,-1.5477369975968287,-1.6566628709748543,-0.6249129287962303,-0.7782206252341769,-1.2574634108141622,-1.1691887955813527,-1.5204492153811007,-1.5113104755749551,-1.3037674792901803,-1.190167745515823,-1.172555359804611,-1.1911626030904239,-0.9517480503803688,-0.9322082826409973,-1.307079565450764,-1.200610356953765,-0.9502157971345698,-1.1199834831244224,-0.34330473747987195,-0.4581263240423058,-0.6114556478364332,-0.6356892856597561,-0.6894465690535315,-0.6732305003957796,-1.3921998788310423,-1.4521691755146173,-1.2616729361034378,-1.4339075189334138,-0.8672538784174562,-1.0368474459452661,-1.1323489094174815,-1.1636946542293223,-1.5054933996720592,-1.5497352716932256,-0.792640930411545,-0.6226198105040971,-1.6705165011960927,-1.5644148870999788,-0.725879152834858,-1.0189338715346854,-1.6675425318442134,-1.648143868598172,-0.8089290481496999,-0.8994348768648438,-0.34459870942715737,-0.4629844511980867,-1.2712696459412847,-1.3677634525507487,-0.8187785569029137,-0.8714752733952406,-0.6126366323211593,-0.8663269816364053,-0.9867010539265537,-1.0008777706320262,-1.5475608193509327,-1.4891668970432155,-0.5834316810652657,-0.6978204799894856,-1.4141425592463845,-1.4482292084792283,-0.33610116414364577,-0.502546450667186,-1.1153690322105796,-1.0529620508099962,-1.3655719685076593,-1.430554782053386
-1.5819451823692212,-1.4032512488922302,0.12112159635238869,-0.22274398926665967,-1.009728402955181,-1.6122007914483405,-0.6681412063645301,-0.9619929960225226,-1.3466139408764912,-1.6850466887291538,0.39544549648879285,-1.1645928134375505,-1.757942044265043,0.055903376703958174,-0.23164746471603687,-0.3869051258887774,-0.5634963834006532,-0.7154847054789566,-0.6010111239302128,-0.5631167046043971,-0.5611034027938392,-0.4004693323098862,-0.37658639321181137,-0.23086364860055578,-0.1534975192377155,-0.23495708469463897,-0.17575708408745802,-0.11092646017616857,-0.12061021094977803,-0.057192822313036636,-0.15135858624088552,-0.19699615770412612,-0.18378088168484183,-0.20871809799804558,-0.26062914205560694,-1.311415994991706,-1.2860516235623944,-1.2560439021424161,-1.2292627426516685,-1.185072812616972,-1.1720632643261866,-1.1688637113934741,-1.1609398009922343,-0.3583277641823712,-0.48045164036546517,-0.656642095293528,-0.8845900343163515,-1.4447034243451222,-1.3366799367344508,-1.4128456368856679,-1.3194289198033957,-1.2169394513570604,-1.2933136394986537,-0.6249129287962303,-0.7782206252341769,-1.1214478985573573,-1.0604143989695278,-1.546284677081253,-1.4357952952497577,-1.1442289243470356,-1.1384747004855469,-1.2175584440419784,-1.1424890877940534,-0.9517480503803688,-0.9322082826409973,-1.2219456292516868,-1.200610356953765,-0.9502157971345698,-0.7971441413638395,-0.34330473747987195,-0.4581263240423058,-0.6114556478364332,-0.6356892856597561,-0.6894465690535315,-0.6732305003957796,-1.3921998788310423,-1.4521691755146173,-0.8770751808516659,-0.88521841730073,-0.8672538784174562,-1.0368474459452661,-1.1729330735469554,-1.1636946542293223,-1.409028636771244,-1.3748914756154849,-0.9854194299036112,-0.9791665881728715,-1.1038280830534881,-0.9962899422859143,-0.725879152834858,-1.0189338715346854,-1.22803038353043,-1.1235574824721841,-0.8089290481496999,-0.8994348768648438,-0.1665115210927091,-0.4629844511980867,-1.4916345941636333,-1.4298639498288759,-0.8187785569029137,-0.8714752733952406,-0.6126366323211593,-0.8663269816364053,-0.9867010539265537,-1.0008777706320262,-1.370682286646932,-1.4433252194368367,-0.5834316810652657,-0.6978204799894856,-0.9410773071606177,-1.1189926734455873,-0.17624329772574054,-0.502546450667186,-1.092421412990117,-1.0026893341325078,-1.3655719685076593,-1.2760672245962168
-2.0143488330329116,-1.814139968224044,-0.48268155622919434,-2.3467770111319215,0.3185963368287939,0.5176764227149392,-1.0750611727704857,1.1985988925948357,-1.1141608439094777,-2.0356415784517345,1.9739860959057447,-1.0411259358557263,-2.4029104622480904,-0.916030266452504,-0.5907959766001003,-0.22064486597954364,-2.573308556444481,-2.6305130875240184,-2.494943930079731,-2.2346355335028667,-2.0902307447999293,-1.9294682694610943,-1.8556538966820786,-1.794213516531932,-1.7088338659828153,-1.6470912781680607,-1.5940608916773746,-1.568959095800192,-1.5212861963539286,-1.4938831332336584,-1.4737880399678427,-1.4471937015147582,-1.406227602868033,-1.391930416946255,-1.3523601043672284,-1.311415994991706,-1.2860516235623944,-1.2560439021424161,-1.2292627426516685,-1.185072812616972,-1.1720632643261866,-1.1688637113934741,-1.1609398009922343,-0.3583277641823712,-0.48045164036546517,-0.656642095293528,-0.8845900343163515,-1.4251447236838466,-1.3366799367344508,-1.3811354890484855,-1.3838305754374847,-1.7634745277531994,-1.600762989209285,-0.6249129287962303,-0.7782206252341769,-1.2914672888783636,-1.1691887955813527,-1.636708793031787,-1.6371691094502845,-1.3283118723583565,-1.2418607905460992,-1.1275522755672434,-1.1424890877940534,-0.8600243495847664,-0.9322082826409973,-1.3922135016498416,-1.2222878934158714,-1.1067372736701202,-1.012370369204228,-0.34330473747987195,-0.4581263240423058,-0.6114556478364332,-0.6356892856597561,-0.6894465690535315,-0.6732305003957796,-1.3239045695923353,-1.315333446373075,-1.2616729361034378,-1.4339075189334138,-0.8672538784174562,-1.0368474459452661,-1.2135172376764292,-1.1636946542293223,-1.6903841952319554,-1.5934462207126607,-0.9854194299036112,-0.9791665881728715,-1.6840090825804406,-1.5880867598005648,-0.6662586885363071,-1.0189338715346854,-1.7630886510428618,-1.648143868598172,-0.8089290481496999,-0.8994348768648438,-0.34459870942715737,-0.4629844511980867,-1.649038128608168,-1.55406494438513,-0.8187785569029137,-0.8714752733952406,-0.6126366323211593,-0.8663269816364053,-0.9867010539265537,-1.0008777706320262,-1.6233659047955045,-1.580850252255973,-0.5834316810652657,-0.6978204799894856,-1.6291722192853695,-1.612847475996049,-0.8156747633973614,-1.0140441103793345,-1.0694737937696546,-1.0529620508099962,-1.3288778406423452,-1.430554782053386
-1.592665934038569,-1.423132961117963,0.02388989930798686,-1.2288648943607312,-0.9940483470049486,-0.8681388825703389,-0.43995467701074453,-0.9959846049476955,-1.0115394097969501,-1.6850466887291538,0.24702361499037362,-0.8801363375964497,-1.4354578352735194,-0.059857587870101585,-0.16912902005473693,-0.23377067597237788,-0.31057619982659845,-0.44320578860051174,-0.2820027150036627,-0.2965665692812319,-0.24807327266749085,-0.18687635101319067,-0.09432160247321074,0.028777849521755817,0.018133153706740325,-0.08937624000665734,-1.5940608916773746,-1.568959095800192,-1.5212861963539286,-1.4938831332336584,-1.4737880399678427,-1.4471937015147582,-1.406227602868033,-1.391930416946255,-1.3523601043672284,-1.311415994991706,-1.2860516235623944,-1.2560439021424161,-1.2292627426516685,-1.185072812616972,-1.1720632643261866,-1.1688637113934741,-1.1609398009922343,-0.3583277641823712,-0.48045164036546517,-0.656642095293528,-0.8845900343163515,-1.0926468124421613,-1.0908914102126395,-1.4445557847228505,-1.3838305754374847,-1.6915620177010757,-1.516913166560931,-0.6249129287962303,-0.7782206252341769,-1.2914672888783636,-1.1691887955813527,-1.597955600481558,-1.4106235684746917,-1.2792230862220042,-1.1384747004855469,-0.9250383964990895,-0.8504479960158313,-0.9517480503803688,-0.9322082826409973,-1.307079565450764,-1.113900211105339,-0.8458681461108697,-0.6895310274436451,-0.34330473747987195,-0.4581263240423058,-0.6114556478364332,-0.6356892856597561,-0.6894465690535315,-0.6732305003957796,-1.3921998788310423,-1.4521691755146173,-1.1078338340027292,-1.0681147845116246,-0.8672538784174562,-1.0368474459452661,-0.8888439246406387,-0.9344855436858277,-1.3125638738704284,-1.360321159275673,-0.9854194299036112,-0.9791665881728715,-0.8744541995195766,-1.0436336876870864,-0.725879152834858,-1.0189338715346854,-1.5051141292065109,-1.3694573509687409,-0.8089290481496999,-0.8994348768648438,0.3677500439106356,0.3118849231920165,-1.4286731803858193,-1.4919644471070028,-0.6857519838886303,-0.6963043641700666,-0.6126366323211593,-0.8663269816364053,-0.9150972038593147,-0.8297875534299703,-1.0927303066835021,-1.2141168314049426,-0.5834316810652657,-0.6978204799894856,-1.0270891711762116,-1.283610940962408,-0.01638543130783529,0.008951209044962638,-1.0694737937696546,-1.0026893341325078,-0.9619365619892056,-0.9670921096818785
0.5121749770433616,0.8235005203898579,0.7022620414308866,0.6715857041502927,-0.22572560544356007,0.009854169905703059,-0.29134288993520674,-0.2258639340420941,-0.0345453491071265,0.593820094467621,-0.18084013994316678,0.21014002678499083,0.6606895231713841,-0.1538417373262689,-0.39925010359526647,-0.4160735925395202,-0.5153211103389285,-0.49463625067755135,-0.4113304483522641,-0.2965665692812319,-0.245588906555377,-0.3105968756987083,-0.20384034127978778,-0.19565802173651353,-0.05435681995924102,0.09675926855869059,0.04228674840122169,0.08086708900026976,0.1638559589601303,0.19862948762069627,0.15714421510094095,0.1584428710517397,0.2062422879658014,0.19092828338242862,0.21649097825405916,0.2468283054699501,0.24166357591776907,0.3166655210479064,0.3670562400749569,0.27228291033327773,0.29927711897916304,0.3231811116045314,0.4121228291274852,-0.3583277641823712,-0.48045164036546517,-0.19865283963980318,0.29290085994834275,0.15911002987947712,0.9983110652227569,-0.23957016690991406,0.22621081541473712,0.10625073360201256,0.9985815128896892,-0.2801333818741722,0.09618457165815668,0.03468395562548539,0.1904911620664584,0.09426714087843167,0.8044883877311052,0.11980731866403474,0.43816317293787915,-0.09248133810779026,0.1716958252079465,-0.12623474321994776,0.2074739745472183,0.11587336816238722,0.33849473185579204,0.14543453861428224,-0.043852343922479255,-0.34330473747987195,-0.4581263240423058,0.549077017096299,0.594181158180159,-0.5101366681293361,-0.22290909544876988,-0.43606554948914433,-0.08381188409919473,0.19979853385329555,0.7608488875973217,0.23053584109831107,0.637174666579886,-0.5844626936695849,-0.15517456783794592,0.6167313841458799,1.1312029348321335,-0.47134343125810163,-0.2660730328353228,0.7851333107551945,1.1815223461679996,-0.09986427770007292,0.4189971114229262,0.10961528525064951,0.7288881935352105,-0.1904817636315807,-0.09276682586498394,-0.1665115210927091,0.3118849231920165,-0.515732680607518,0.06054798484617399,-0.752265270395772,-0.6963043641700666,-0.1063253659400359,0.35816345177194137,-0.5570779535231195,-0.14542668462174735,0.4233714022079332,0.9404420160948612,-0.5834316810652657,-0.6978204799894856,0.6501421771278709,0.6918082692394383,-0.01638543130783529,1.03194652846926,0.05495954803300775,0.15358314944972729,0.359052041162097,0.9640023585327352
0.7373107620996631,0.9891814556042989,0.5815477982425618,0.6715857041502927,-0.19660550153598558,-0.13523790232550725,1.2691400944186046,-0.3234146932140691,0.1210971592968739,0.24322520474504025,-0.7111495008253688,0.32146262132597997,0.33820531417986044,1.008352501070727,1.0200516081836066,1.1327719866149208,0.9766068772913589,1.2615627631884176,1.1334174777560304,1.1333501665164378,1.170499777349532,1.0911800124834299,1.0787708678364134,1.0299378634679572,0.9679650145359959,1.1012670969057639,1.1457515642201006,1.1051048908849141,1.0635171330004631,1.1946828920775119,1.1047571812163333,1.1328197285478199,1.1986033982759512,1.0753309236595892,1.1579837347429804,1.1218355514647322,1.2213748226432257,1.307115617113533,1.2709751015756474,1.2562949235010832,1.139802420947531,1.1343491421358414,1.1919886245681937,-0.3583277641823712,-0.48045164036546517,-0.656642095293528,-0.8845900343163515,0.4720492404598867,0.4248045033385305,0.5214733811824668,0.9346290273897147,-0.0375742865022345,0.4954825769995652,-0.2801333818741722,0.09618457165815668,1.6668701027071455,2.4203662926088683,0.09426714087843167,0.32622557900485355,1.2120328101978721,1.4720240735434045,0.47005721485930385,0.9504720699498724,1.2496207687140872,1.9688010992926424,1.5509882926611211,2.072697648824307,-0.06326076343311818,0.4942132256784923,-0.34330473747987195,-0.4581263240423058,6.061607175526776,5.513662933539821,4.77950540913443,5.856429871335862,0.4517734706140467,1.4213811364577702,1.276672248558257,0.9437452548082164,3.5239049996456124,3.5667133634989026,1.8708792361635813,2.4119674702491936,0.4318405885859837,0.3298355361424882,0.49254906620222877,1.1601140778397745,-0.3077657813769718,-0.2151181431665756,0.6453915260318142,1.0580775482929758,0.6446735527630814,0.7616748426680848,1.1701022623082815,1.5205692761347356,0.9020116089139802,2.636493046362326,0.17684287094843473,0.6815529576274447,1.1766200383113354,1.9312592742075434,-0.6126366323211593,-0.8663269816364053,0.5885836475527048,1.5654754873988104,0.2464928695039324,0.39034188481831555,1.3754883448953352,3.1310984774288166,0.822165905159059,0.3625717342057973,-0.8156747633973614,-1.0140441103793345,0.8581262207491952,1.6114919330968933,-0.08127749322167055,0.26880834997547426
-0.09890786810945695,-0.5947282850457577,-1.2954045694010223,-1.8996121644234454,2.3010034105367496,2.163913396107518,-0.34897956446166584,2.9805140658186664,4.137450324007811,0.593820094467621,-1.0297369502665106,2.139519622458247,0.33820531417986044,-0.938953229734496,-0.7823418496049341,-0.4394083658601144,-0.09077651648247942,0.19362434476518414,0.6146695695466403,0.8654869763394638,-2.0902307447999293,-1.9294682694610943,-1.8556538966820786,-1.794213516531932,-1.7088338659828153,-1.6470912781680607,-1.5940608916773746,-1.568959095800192,-1.5212861963539286,-1.4938831332336584,-1.4737880399678427,-1.4471937015147582,-1.406227602868033,-1.391930416946255,-1.3523601043672284,-1.311415994991706,-1.2860516235623944,-1.2560439021424161,-1.2292627426516685,-1.185072812616972,-1.1720632643261866,-1.1688637113934741,-1.1609398009922343,-0.3583277641823712,-0.48045164036546517,1.6333041829750963,1.470391754213037,-0.7601489012004761,-0.7631733748502243,-0.23957016690991406,-0.03139580712161837,-0.29645932268987923,-0.3430156494839749,-0.2801333818741722,0.09618457165815668,-0.30535482501652716,-0.2989936226867536,0.01676075577797412,-0.7058152187728473,0.31616246320944374,-0.33723250251626474,0.38005104638456877,-0.41238635834849796,-0.5848532471979594,-0.7249933267885945,-0.2733103401762525,-0.5286067266284654,-0.06326076343311818,-0.25907857176286786,-0.34330473747987195,-0.4581263240423058,0.4040104339797074,0.594181158180159,-0.5997916185914338,-0.44806979792227475,-0.8458374049213864,-1.0416619880899904,1.3535917996086113,-0.15363294845715147,-0.3967725700535559,-0.6183419178139781,0.45043349163199753,-0.38438367838144055,-0.500652119455232,-0.7920788220230154,-0.27856493176603553,-0.6226198105040971,0.3128929623030239,-0.3334775066695057,-0.01043358125224646,-0.37985343466463584,-0.20568690810489068,-0.4186445261153879,1.541170633019153,0.9827905754681625,0.5458372322450838,-0.4629844511980867,-0.2638870254962625,-0.6225574852132238,-0.02061911881721394,0.3547210911809774,-0.6126366323211593,-0.8663269816364053,0.01575284701479263,-0.48760711902585885,0.14541942224450338,-0.43480831209650295,-0.3222423442705189,-0.6978204799894856,0.22008285704990108,-0.29590133586148476,0.4631881679458804,-0.502546450667186,0.032011928812545255,-0.4496894506801345,-0.8885483062585777,-0.7353607734961249
0.7373107620996631,1.2145075274959387,0.9865903137504687,0.6715857041502927,-0.7162873558865458,-1.0336926572956942,0.8381173896562912,-0.7331447783250667,0.1210971592968739,0.7691175393289112,-0.10807091760233781,0.47286134990172507,0.8219316276671459,0.9854295377887351,0.9774858586269768,1.0467250099952297,1.0654300369989138,1.072480182022831,0.9049384821735011,1.037497162188403,0.9009460541851765,0.7970519726650296,0.9353803541412042,0.9419237963078517,0.9722291306339949,1.0253570850327447,0.9817092416468417,0.9313861264476168,0.8046430752623805,0.8892524536014962,0.8519963190577651,0.7053450566307653,0.8057743065414904,0.7802216744457667,0.6153051246197725,0.6633710005561512,0.684824328708151,0.6717653797427883,0.7512433397576764,0.729509181969008,0.7431216421628604,0.702286584940926,0.7728940785140522,-0.13990657343225926,0.47686171528178806,-0.4276474674666656,-0.2958445871840044,0.8241058523628475,1.5718176271069835,0.236082050647824,0.6770224048533592,0.6959333160294255,1.1103812764208278,1.09898480581406,0.9705897685504902,0.4767343704601017,0.4624271535960206,0.44304587383049066,0.9806904751565663,1.2243050067319603,1.3169449384525755,0.5825649254527226,1.92394237587728,0.10307450876905806,0.31108145247341973,1.3928824111485487,2.1377302582106266,0.7193466192446333,1.6779574788006297,0.06177459877956396,1.0563408628744078,-0.6114556478364332,-0.6356892856597561,-0.5997916185914338,-0.44806979792227475,-0.5043608587278513,0.1898595741838898,0.19979853385329555,0.9437452548082164,-0.7104267756294894,-0.6183419178139781,0.9171513791209466,1.4034473838578174,0.8820094821231222,1.5246014760070503,0.9423655650170496,1.1601140778397745,0.8391036362925854,0.7554286375574513,-0.45758706349137873,-0.060313216229611,0.40580825476646,0.7452815181016477,0.6753444346937861,-0.36165617619827056,-0.34459870942715737,-0.4629844511980867,0.42868852605969027,0.5573519630711906,0.3784606002256359,0.7050629096313253,-0.1063253659400359,0.35816345177194137,0.7317913476871829,2.2498363562070334,1.3330324275427943,1.8572755682224373,0.8531096713058417,1.982422790203326,0.005053197010916134,0.6094991354810281,-0.6558168969794562,-0.502546450667186,1.0646547937333577,1.6617646497743817,1.0562404706030621,2.199902818190088
0.7373107620996631,1.1482351534101622,0.8674601621304954,0.6715857041502927,0.7598779114281919,0.884126912837355,0.9179345694849427,0.6013691309904807,0.1210971592968739,0.9444149841902016,-1.486536250683551,0.42833231208532957,0.9831737321629077,0.6541927183639502,0.6635634556468324,0.5989890469063281,0.5761499199657721,0.568764185797708,0.6319132673264538,0.5871193473320203,0.6612047243661875,0.6441520789499088,0.7152138173650958,0.7856988270986642,0.8112587479345362,0.8205040392932278,0.8370259509300543,0.7827712297035703,0.6944001305222084,0.711246815890952,0.8279696211339468,0.8854341645337372,0.9554234843450945,0.9513665368424976,0.9776978877557402,1.0049895277895882,1.0099263521269402,1.083437519847394,1.0931266913854447,1.191825170914227,1.3015066874584795,1.3285251162837508,1.3911210231903404,1.1706205710684128,3.229137612767641,0.03034178818705923,0.8816463070806899,0.6676362470726427,0.7525225387009457,0.8385748595542922,1.7074488949987812,0.6815508140190009,0.774981985827412,0.754205258892002,0.9705897685504902,0.6807576388453092,1.3326223264906196,-0.22867613037347478,0.3765690325549853,0.9175000933797588,1.575410163603957,0.9875926835890304,1.2425131617280947,0.7451404143382744,2.0724085772188436,1.0888326390089864,1.7908896748169234,0.19760836412613234,1.1398919091996582,0.4668539350389998,1.0563408628744078,2.58000918072858,4.283792489699905,1.731237093423107,2.4790193342332887,0.8615453260462888,1.8318883238823969,-0.03096011929776763,0.2121597859646378,0.5441900466742445,1.055680194711174,1.3635771845451585,1.9535492491622044,-0.38810989607094737,0.14042142372493563,0.2997705667101627,0.2687471336678387,-0.13236222338045128,0.06894432924045665,0.3472892045390593,2.1764683128155626,-0.27256919154394466,0.41741502677290526,0.9227233485010338,2.3272373271345956,0.18966285557618737,1.8616236719722228,0.08240075028171391,0.6815529576274447,0.44497388673277755,1.5809174557571952,-0.6126366323211593,-0.8663269816364053,1.018206747956139,1.736565704600866,-0.5115579849417852,-0.1597582464582301,0.3307309977163481,0.06796331149417485,0.22008285704990108,-0.21359220210307453,0.3033303015279752,0.008951209044962638,0.7663357438673452,1.7623100831293588,-0.08127749322167055,0.19156457124688972
0.7373107620996631,0.9759269807871436,0.5577217679185666,0.6715857041502927,-0.7185273638794362,-0.8551177991649739,1.3811424220561965,-0.6614542967624504,0.1210971592968739,0.7691175393289112,-1.2603817819749146,0.3125568137627009,0.8219316276671459,1.5527728790180377,1.6372549767547377,1.5834247963688968,1.459865085191785,1.3750123118877697,1.1880225207254398,1.0795149175102812,1.1531092145647348,1.1250280805577697,1.0426409746218726,1.0068341708384296,1.0639076267409713,1.065911748910111,1.0448808192837489,1.144266924486386,1.1580110856348964,1.1985737256886713,1.1989418370777007,1.2058032091190243,1.1780266363279557,1.1484144054398147,1.1352203702243895,1.1860562667671017,1.2539731285144864,1.2958011608315883,1.249391556649652,1.2020046055332043,1.2610806208307426,1.226813891730084,1.2653093403788584,-0.030695978057203258,0.23753337636997476,0.03034178818705923,0.29290085994834275,-0.3298574866524129,0.3838397489182286,0.2677921984850065,0.9990306830238036,-0.598491864908798,-0.20326594507005152,0.06464616504788588,0.9705897685504902,0.5787460046527054,1.006299136655145,0.2363621802292705,0.7289732074059075,0.46342882161850046,0.9292471007255036,0.15503562519773115,0.8531250393571317,0.5158311623492685,1.347156231735434,0.407761149416367,0.9454657527947723,0.6149989682209331,1.2475050231198526,-0.34330473747987195,-0.4581263240423058,0.6941436002128905,-0.020754063739798538,0.6553776878779344,0.22741230949823987,0.3834781613753397,1.1477096781746856,0.892074493306485,2.5898125597062682,-0.3967725700535559,-0.6183419178139781,0.1663443427256808,0.5782945859012368,0.02186534625751815,0.4901090158804173,0.6853275656942949,0.625293911336613,-0.4831693393734923,-0.2861337612683337,-0.21910520629717484,-0.060313216229611,0.12872450909037922,0.5485616233044023,-0.06679230672795687,0.17612252446830268,-0.34459870942715737,-0.4629844511980867,-0.7360976288298666,-0.12575350698820725,0.24543402721135263,0.7050629096313253,-0.1063253659400359,0.35816345177194137,-0.05585100305244639,0.8811146185905873,0.044345974985074366,0.6653919504565884,-0.4528370126678923,-0.31492858424765535,-0.2099764630280688,-0.04897393458625401,-0.495959030561551,0.008951209044962638,0.21559288257624523,0.857401182934566,-0.33813638827886827,0.03707701378972062
-1.7677715446379145,-1.6352045581924477,-0.7618552448739789,-1.5642385293920884,1.4117202373592825,1.393809320418786,-0.4987086184881753,1.7370103627412694,-1.1215723919287157,-0.9838569092839923,0.7556455237380064,-1.085654973672122,-1.1129736262819958,-0.9996990824317749,-0.8515111926344575,-0.6304618224224795,-0.4234869960650157,-0.2753004565254708,-0.17422960387982822,0.03694936358617683,0.19041734612060815,0.30100269916177497,0.28278415795355966,-1.794213516531932,-1.7088338659828153,-1.6470912781680607,-1.5940608916773746,-1.568959095800192,-1.5212861963539286,-1.4938831332336584,-1.4737880399678427,-1.4471937015147582,-1.406227602868033,-1.391930416946255,-1.3523601043672284,-1.311415994991706,-1.2860516235623944,-1.2560439021424161,-1.2292627426516685,-1.185072812616972,-1.1720632643261866,-1.1688637113934741,-1.1609398009922343,-0.20231262793229124,-0.36078747090955854,-0.19865283963980318,-0.2958445871840044,-1.307792519716193,-1.3776446911547526,-1.2542948976997552,-1.190625608535218,-1.389529475482157,-1.349213521264223,-0.6249129287962303,-0.7782206252341769,-0.6793974837227409,-1.0060272006636153,-1.094164097328584,-1.1085628471739013,-1.254678693153828,-1.2418607905460992,-1.172555359804611,-1.0451420572013128,-0.6765769479935617,-0.9322082826409973,-1.2462696110228517,-1.2222878934158714,-1.1067372736701202,-1.012370369204228,-0.34330473747987195,-0.4581263240423058,-0.6114556478364332,-0.6356892856597561,-0.6894465690535315,-0.6732305003957796,-1.0507233326375074,-1.1784977172315327,-0.8770751808516659,-1.2510111517225193,-0.5535996728415227,-0.6183419178139781,-1.0714726632232707,-0.9803273657945266,-1.5054933996720592,-1.4331727409747317,-0.9854194299036112,-0.9791665881728715,-1.4816203618152246,-1.4933992689982207,-0.6662586885363071,-1.0189338715346854,-1.5146687411263757,-1.4678172983673636,-0.8089290481496999,-0.8994348768648438,-0.34459870942715737,-0.4629844511980867,-1.5231153010525402,-1.4298639498288759,-0.8187785569029137,-0.8714752733952406,-0.6126366323211593,-0.8663269816364053,-0.9867010539265537,-1.0008777706320262,-1.4464873720915037,-1.3058001866177003,-0.1916476758731455,-0.31492858424765535,-1.5001544232619786,-1.612847475996049,-0.8156747633973614,-1.0140441103793345,-1.1153690322105796,-1.0529620508099962,-1.1821013291810893,-1.3533110033248013
-1.6605640279444376,-1.5954411337409817,-1.21408527780298,-1.4524473177149693,0.6568375437552361,0.6590481854017595,-0.7166356630800201,0.704210521900797,-0.9861431963044559,-1.1591543541452827,-0.36352779255561507,-1.0613664075904516,-1.1129736262819958,-0.9996990824317749,-0.7810116699312896,-0.6610887124057594,-0.46112392814448816,-0.3569841315890042,-0.23314557129419108,-0.24667048483650145,-0.264221652396231,-0.27208010857963205,-0.2602932994275079,-0.1450499331194528,-1.7088338659828153,-1.6470912781680607,-1.5940608916773746,-1.568959095800192,-1.5212861963539286,-1.4938831332336584,-1.4737880399678427,-1.4471937015147582,-1.406227602868033,-1.391930416946255,-1.3523601043672284,-1.311415994991706,-1.2860516235623944,-1.2560439021424161,-1.2292627426516685,-1.185072812616972,-1.1720632643261866,-1.1688637113934741,-1.1609398009922343,-0.3583277641823712,-0.48045164036546517,-0.656642095293528,-0.8845900343163515,-1.2882338190549174,-1.2957151823141488,-1.2860050455369378,-1.190625608535218,-1.6484145116698017,-1.4889632256781464,-0.6249129287962303,-0.7782206252341769,-1.0194362643647534,-1.0060272006636153,-1.442942830280643,-1.4357952952497577,-0.9356015832675386,-1.0609351329401324,-0.7450260595496194,-1.0451420572013128,-0.9058861999825676,-0.9322082826409973,-1.0638397477391144,-1.0271900652569135,-0.42847754201606886,-1.012370369204228,-0.34330473747987195,-0.4581263240423058,-0.6114556478364332,-0.6356892856597561,-0.6894465690535315,-0.6732305003957796,-1.1873139511149213,-1.0416619880899904,-0.8770751808516659,-0.7023220500898354,1.0146713550381448,-0.6183419178139781,-0.9294280887701124,-1.1178528321206234,-1.4411835577381822,-1.4040321082951082,-0.9854194299036112,-0.9791665881728715,-1.6165461756587018,-1.4460555235970487,-0.6960689206855826,-0.8591637623171731,-1.5051141292065109,-1.4678172983673636,-0.8089290481496999,-0.8994348768648438,-0.34459870942715737,-0.4629844511980867,-1.2712696459412847,-1.2435624579944946,-0.6857519838886303,-0.5211334549448926,-0.6126366323211593,-0.8663269816364053,-0.9867010539265537,-1.0008777706320262,-1.269608839387503,-1.4433252194368367,-0.5834316810652657,-0.6978204799894856,-1.5431603552697755,-1.3659200747208182,-0.8156747633973614,-1.0140441103793345,-0.2892547402739297,-0.8015984674225538,-0.9252424341238916,-1.2760672245962168
0.7373107620996631,0.27343981547791346,-0.7050578392531437,0.6715857041502927,-0.6737272040216292,-0.5760945833357233,-0.13453963124257878,-0.7294485587643613,0.1210971592968739,0.593820094467621,-0.5280720737755201,-0.15945098709109276,0.6606895231713841,0.21063337885740438,0.11951996912615852,-0.06605199273060695,-0.3707952911537543,-0.33883220379710793,-0.26332204240886475,-0.12718249313991015,-0.03317560396964064,0.10141581499928903,0.1495551767249402,0.12669349923737333,0.044783879319233465,0.027088435743727962,0.10443942962463039,0.1300706696790419,0.15598146290726086,0.17139365234258022,0.13407858509407541,0.2077304163725531,0.1342236211478169,0.2741879461700274,0.30572336716693566,0.3021294769803237,0.30157397589738333,0.33755374802995824,0.3549694549163994,0.360504677031081,0.34896749254242326,0.40976174077004945,0.41462239898466696,-0.24911716880731524,0.23753337636997476,-0.656642095293528,-0.8845900343163515,0.9610167569917767,0.8754168019618512,0.8702850073914747,0.5482190935851815,0.6671683120085761,0.46753263611678053,-0.6249129287962303,-0.7782206252341769,0.6127498827169067,0.35365275698419574,1.2826983790854474,0.7541449341809734,1.7029206715613945,1.0326331907860562,2.292682126472689,1.0478191005426132,1.983410375078906,0.9327263200306283,1.3199104658350538,0.685335315249495,2.232387559088286,0.4942132256784923,-0.34330473747987195,-0.4581263240423058,-0.17625589848665868,-0.020754063739798538,1.103652440188423,0.0022516070247350006,1.3396124907172378,0.7372024907500588,-0.5693969766502484,-1.0681147845116246,3.5239049996456124,1.8926912509737501,1.059195953574105,0.6241364080099358,0.5684990026954722,0.4755386995406055,0.2997705667101627,0.4470205225022259,0.407341031993458,0.2583193108451448,-0.39796659919282773,-0.060313216229611,-0.04325850546718816,-0.09077803478664546,-0.685239591246076,-0.6305455265315572,0.011575667241739127,0.3118849231920165,-0.012041370385006914,0.06054798484617399,-0.2866722648457805,-0.17079163649454457,0.906297166822211,0.35816345177194137,-0.34226640332140246,-0.3165169018238031,1.00454372394965,0.6653919504565884,-0.061053007475772095,0.06796331149417485,0.43511251708888604,-0.04897393458625401,2.701198297796554,1.5434441881814085,1.7071881319063078,1.159037482999497,1.2030169820643182,0.7322710223469816
0.7373107620996631,0.5716654988639074,-0.16897215696326648,0.11262964576469747,2.265163282650504,2.134150919752398,0.2329074729094836,1.5204764325453828,0.5163797203229064,0.7691175393289112,-1.4542284694394603,0.37311630519299893,0.8219316276671459,-0.9125918219602052,-0.5069946571604855,-0.36502877590072036,-0.2021818354377178,-0.0015088789977012991,0.1720813265314266,0.22471620768082032,0.41897902843508467,0.4293919228920291,0.3550439443826414,0.41053886582871396,0.40083757350214183,0.3296886200594612,0.4529020030411185,0.4754998891381769,0.6629021463107307,0.7151376495021113,0.7087971994318083,0.6996580321706715,0.6785725054084268,0.6137023488705692,0.7081796518556235,0.7802170242312955,0.7817382110281152,0.804927826753369,-1.2292627426516685,-1.185072812616972,-1.1720632643261866,-1.1688637113934741,-1.1609398009922343,0.7025751623181727,1.7931675792967612,1.1753149273213714,0.8816463070806899,-0.0755943780558301,0.05612171355581348,1.3459372249492128,1.256637305560159,0.19254574566456079,0.04828352287501049,-0.2801333818741722,0.09618457165815668,0.44273049239590045,0.4624271535960206,-0.48703074737499996,-0.6806434919977814,1.2488493998001364,1.1360192808466087,1.122601936301133,0.9504720699498724,1.203758918316286,1.7615861434402393,0.2618172587893771,0.46855995062843064,1.4497801764105347,1.2475050231198526,0.06177459877956396,1.0563408628744078,1.8546762651456226,1.8240516020200743,0.29675788602954345,0.6777337144452497,0.1102969244205117,-0.22064761324073698,-0.5693969766502484,-0.3365293156680461,-0.7104267756294894,-0.6183419178139781,0.04459185033725932,0.21156000903164546,-0.6935816452568628,-0.5735240769258394,2.2275555616308234,1.1601140778397745,-0.2942731999926241,-0.4755087428730218,0.07899711519557999,-0.060313216229611,-0.39677914650218776,-0.4022512015489508,-0.06679230672795687,-0.09276682586498394,0.3677500439106356,1.8616236719722228,0.33424640539296946,0.7436534549055718,-0.15364569183149723,0.1795501819558034,-0.6126366323211593,-0.8663269816364053,-0.6286818035903585,-0.3165169018238031,-0.7137048794606432,-0.8473834105539122,0.9837043397032151,1.5995308944614957,1.1232074292136378,0.28026260044738704,-0.8156747633973614,-1.0140441103793345,1.1564452706152077,0.9076738996120545,0.17558140183552717,0.19156457124688972
0.7373107620996631,1.062081067098653,0.712590965024531,0.6715857041502927,-0.16972540562130145,-0.040370008943562054,0.2632548885132835,0.0062420142272754916,0.1210971592968739,1.119712429051492,-0.8619191466311261,0.37044456292401523,1.1444158366586694,0.3779710108159462,0.21928344464950947,0.19063051379592943,0.08837528021580937,0.10437736645502724,0.10023258578220362,0.09209766744614205,-0.013300675072729638,0.09324559167100013,0.18229789245061787,0.2906196993230701,0.25692365519467886,0.3463264308809448,0.37750366844222927,0.3158392906091,0.36563992031490955,0.42429783706794355,0.40606080559169816,0.4589073300266983,0.5663356220557239,0.5887244500342895,0.6271420741694397,0.5670399276025972,0.5808621640376439,0.6674136657881942,0.767646833901433,0.7778614964091501,0.7515437393769723,0.7434754279419977,0.7762268383236279,0.17212369906790073,1.194846732017228,0.25933641601392166,0.8816463070806899,1.1370450629432571,1.5308528726866815,1.250806781437665,1.6430472393646922,1.2712333964464138,1.3898806852486747,0.40942571196994393,0.09618457165815668,0.7487653949737118,1.1694607315728824,0.262197641929423,0.7038014806308417,1.1015830413910797,1.2652518934222994,1.4826266102000731,1.7292483146917985,1.1120352175206838,1.0363337979568297,1.5874742653178686,1.6391469195821784,2.754125814206787,2.000796820561213,1.2770126075578716,4.085275236707834,-0.17625589848665868,-0.32822167469977737,-0.24117181674304292,-0.22290909544876988,0.7249547075688747,0.874038219891601,0.3536376359540043,0.7608488875973217,0.3873629438862778,1.474185722842462,1.7288346617104229,1.9077074270535055,0.319298365201699,0.6212418629387229,0.9423655650170496,0.9818406890053873,0.7176704038334558,0.9921473645633114,-0.2787256705957258,0.5787672206404386,0.2911529117280817,0.8600347900667076,-0.06679230672795687,0.4450118748015893,0.18966285557618737,0.3118849231920165,0.7120148880598528,0.9920554440180801,-0.02061911881721394,0.3547210911809774,-0.1063253659400359,0.35816345177194137,1.66264139856129,2.4209265734090892,0.27176123131878965,0.34450020721193675,-0.1916476758731455,0.4508552072360051,0.478118449096683,0.6094991354810281,-0.01638543130783529,0.5204488687571113,1.3859214628198326,1.4606737830644279,0.10219314610489925,0.11432079251830517
-1.8856998130007392,-1.7677493063640004,-1.7245231367525458,-1.7878209527463265,1.803721636115093,1.7509590366802268,-0.9379762839546312,2.3550622535743257,-1.2438629342461447,-2.2109390233130246,1.4518401364052855,-1.2860356438459022,-2.2416683577523284,-1.2289287152516952,-1.2612065321170187,-1.3042534020546375,-0.7035057707362906,-0.5490920340532403,-0.3294228838981499,-0.08122557325660579,0.252526498923455,-1.9294682694610943,-1.8556538966820786,-1.794213516531932,-1.7088338659828153,-1.6470912781680607,-1.5940608916773746,-1.568959095800192,-1.5212861963539286,-1.4938831332336584,-1.4737880399678427,-1.4471937015147582,-1.406227602868033,-1.391930416946255,-1.3523601043672284,-1.311415994991706,-1.2860516235623944,-1.2560439021424161,-1.2292627426516685,-1.185072812616972,-1.1720632643261866,-1.1688637113934741,-1.1609398009922343,-0.3583277641823712,-0.48045164036546517,-0.656642095293528,-0.8845900343163515,-1.2295577170710905,-1.4186094455750546,-1.000613715002295,-1.255027264169307,-1.6484145116698017,-1.5728130483265004,-0.6249129287962303,-0.7782206252341769,-1.0194362643647534,-1.0604143989695278,-1.5075314845310244,-1.5113104755749551,-1.217862103551564,-1.2677073130612375,-1.0150445649738247,-1.1424890877940534,-0.9517480503803688,-0.9322082826409973,-1.3435655381075118,-1.2222878934158714,-1.05456344815827,-1.012370369204228,-0.34330473747987195,-0.4581263240423058,-0.6114556478364332,-0.6356892856597561,-0.6894465690535315,-0.6732305003957796,-1.3921998788310423,-1.4521691755146173,-1.2616729361034378,-1.4339075189334138,-0.8672538784174562,-1.0368474459452661,-1.1729330735469554,-1.1178528321206234,-1.529609590397263,-1.578875904372849,-0.9854194299036112,-0.9791665881728715,-1.5490832687369631,-1.5170711416988067,-0.725879152834858,-1.0189338715346854,-1.5815510245654296,-1.6317505440317348,-0.8089290481496999,-0.8994348768648438,-0.34459870942715737,-0.4629844511980867,-1.4286731803858193,-1.4919644471070028,-0.8187785569029137,-0.8714752733952406,-0.6126366323211593,-0.8663269816364053,-0.9867010539265537,-1.0008777706320262,-1.5222924575360754,-1.580850252255973,-0.5834316810652657,-0.6978204799894856,-1.1561069671996025,-1.4482292084792283,-0.8156747633973614,-1.0140441103793345,-0.9317880784468797,-1.0529620508099962,-0.9619365619892056,-1.5077985607819704
0.7373107620996631,1.2940343763988704,1.1295464956944359,0.6715857041502927,-0.9985283629907293,-0.7658303700996136,0.7141449684663012,-0.8656991840034187,0.1210971592968739,0.9444149841902016,-0.8511498862164294,0.5262961952813998,0.9831737321629077,0.8249687948147908,0.785939985622143,0.7987930434639162,0.6785223752219371,0.6443972182639428,0.6218544436215626,0.6645895837067334,0.6475407107495612,0.6033009623084642,0.6068241377214731,0.6393754404449886,0.6726749747495719,0.7393947115384952,0.7524575486096785,0.7486299696407488,0.7859411471368156,0.6937380646407345,0.7087971994318083,0.8029723098623764,0.8179333022380332,0.8366532236684726,0.85750732309758,0.8265986519496733,0.8064071992550153,0.7727251434893724,0.7754169100747913,0.8669315493252016,0.8113406295971668,0.7796207391470198,0.7762268383236279,-0.3427262505573632,-0.36078747090955854,0.7173256716676465,2.6478826484777316,0.8632232536853988,1.4489233638460777,-0.6200919409561045,0.09740750414655937,0.7246983200502749,1.278080921717536,1.4437643527361181,2.719400162335157,-0.1353354346955209,0.027329567148721073,0.22344444937919425,0.5779428467555123,0.6843283592320856,1.2652518934222994,1.1001003941824492,1.5832277688026875,1.4330681703052919,2.2796235330712467,0.3104652223317071,0.6203027058631757,0.6149989682209331,1.1398919091996582,0.4668539350389998,1.0563408628744078,-0.4663890647198417,-0.32822167469977737,0.745032638340032,0.45257301197174477,-0.3677702402504373,0.1898595741838898,1.7381895548603834,1.8582270908626894,-0.08311836447762241,-0.19983638968269005,1.48532967693358,1.7243401386187098,0.32733709544343365,0.9709294550942045,0.49254906620222877,1.5166608555085488,0.3398781250717194,0.6370692740545212,0.2280482759419574,1.8569280943805377,0.18605218060956835,0.6141349215701507,0.3042760639829146,0.17612252446830268,-0.34459870942715737,-0.4629844511980867,0.019439336503900027,0.37105047123680934,0.11240745419706934,0.1795501819558034,-0.1063253659400359,0.35816345177194137,0.9466028978889,1.9076559218029219,0.5497132112822194,1.1238087265203764,-0.4528370126678923,-0.31492858424765535,-0.16697053102027182,0.6094991354810281,1.2624775000354067,2.566439507605706,1.225288128276595,1.5612192164194048,0.0654990182395853,0.655027243618397
0.7373107620996631,1.1813713404530506,0.9270252379404825,0.6715857041502927,-0.6087669722278092,-0.8644185730259488,2.085738883194499,-0.7023514135905519,0.1210971592968739,0.7691175393289112,-1.6911521985627938,0.4505968309935273,0.8219316276671459,2.124700812903739,2.2504678063049353,2.4016002859222314,2.3164816593205777,2.2584061310933907,2.2715015312237226,2.210055146639568,1.8822706684701571,1.7634726749254879,1.6433004493136145,1.4744089026264908,1.6246388936278269,1.6596736226018076,1.6062927431214242,1.5870991505953351,1.5586260723246288,1.3746339465936357,1.5324324042602984,1.673087052256736,1.6372625507127658,1.6239195906934345,1.6642409616364429,1.6141943687828972,1.6213648460365326,1.4159084659783865,1.3719860918293063,1.4615801883171253,1.5221656344682115,1.576498762922856,1.6769051768614547,1.2954326800684768,5.861749340797588,-0.19865283963980318,0.29290085994834275,0.19822743120202832,0.8754168019618512,-0.2712803147470966,0.4194157823170037,-0.18139930660648157,0.4954825769995652,0.06464616504788588,0.09618457165815668,0.40872661433169916,0.6255887485137579,0.09426714087843167,0.4772559396552488,0.5616063938912049,1.213558848392023,-0.45250601200673046,0.1716958252079465,0.9744496663272803,1.5543711875878368,0.7118109215559293,1.0104983621810917,-0.42847754201606886,0.2789869978381037,0.06177459877956396,1.0563408628744078,0.4040104339797074,1.2091163801001168,0.5657227374158367,1.3532158218657642,0.6566593983301677,1.284545407316228,4.199615188471723,2.9556052941280573,-0.08311836447762241,1.055680194711174,-0.016284395856951413,0.486610941683839,-0.29968386341186654,0.3006949034628647,-0.02152693244328077,0.8035673001710002,-0.49666192075784005,-0.04941503426247345,1.00311431182312,2.9753188589031248,-0.3203422511432689,0.17151515827634847,0.3042760639829146,1.251679925801449,-0.1665115210927091,0.3118849231920165,-0.3583291461629833,0.2468494766805552,1.0435934652970522,0.8802338188564993,-0.6126366323211593,-0.8663269816364053,0.37377209735098776,0.36784396698441996,-0.6378997940160714,-0.11391656885185131,1.7672723500874554,2.365314685945156,0.26308878905769806,0.7741174029978486,-0.8156747633973614,-1.0140441103793345,0.7433881246468828,1.0082193329670315,0.2856637854314691,1.0412461372613198
0.19055242696293076,-0.13082166644532273,-0.6795746661709111,0.6715857041502927,-0.821567731552392,-0.6616617028566935,-0.6384259345167982,-0.8957355758057091,-0.2568917896842698,0.41852264960633057,0.7977453911578006,-0.43107811777110605,0.33820531417986044,-0.18708003408515736,-0.451127110867409,-0.5969180857741253,-0.6809236114886072,-0.6897694744404368,-0.5938262498552905,-0.46463759056874493,-0.3722915782731846,-0.3677884389967306,-0.32464967171590886,-0.30237507816814163,-0.25050616046719054,-0.3139866860966861,-0.17473818767395952,-0.15912588614721065,-0.23282177970316748,-0.15640907939760224,-0.11003266581191812,-0.14202158792321887,-0.1575922755692111,-0.15321165613964638,-0.1559176652700886,0.006000623086065102,-0.010312518114137949,0.06165508330868972,0.029489597432387642,0.01864533107709343,0.07861817196943116,0.1617880941309443,0.08717874769385671,-0.3115232233073472,-0.12145913199774522,-0.656642095293528,-0.8845900343163515,-0.0951530787171057,-0.517384848328413,0.6483139725311969,-0.22460077402388498,0.32198826375838313,-0.06351624065612818,0.06464616504788588,0.09618457165815668,0.1706994678822904,-0.5709296142163158,0.9339196461333884,0.3010538522297877,-0.5183469011085444,-0.8283164303038892,-0.36249984353199544,-0.7044274501267203,-0.5848532471979594,-0.6213858488623931,-0.46790219434557234,-0.6153168724768912,-0.5849990185516192,-0.6895310274436451,-0.34330473747987195,-0.4581263240423058,-0.6114556478364332,-0.6356892856597561,-0.4204817176672384,-0.44806979792227475,0.1785922336592187,0.1898595741838898,0.04595943175258676,0.029263418753743168,-0.08311836447762241,-1.0368474459452661,-0.15832897031010978,-0.5677509668162363,0.9061256728483261,0.22784332176380603,-0.599862430919479,-0.44434642166970995,1.0549849384421492,0.542381783252177,-0.15948474199862386,0.09945689298790142,0.8071019554007839,0.13872850914347423,-0.685239591246076,-0.6305455265315572,-0.34459870942715737,-0.4629844511980867,1.2471869051712707,-0.0015525124319530886,-0.552725410874347,-0.6963043641700666,0.906297166822211,0.35816345177194137,-0.27066255325416344,-0.48760711902585885,0.01907761317021711,-0.0680748912454725,-0.4528370126678923,-0.31492858424765535,0.822165905159059,0.9387356705146691,-0.17624329772574054,0.008951209044962638,-0.4498880748171672,-0.6005076007125999,0.13888727397021322,-0.11741054366744849
0.7373107620996631,0.5517837866381745,-0.20471120244925803,0.6715857041502927,-0.8551678514457471,-0.897901358925459,0.1638186756838121,-0.8695162089020313,0.1210971592968739,0.7691175393289112,-0.05422461552885262,0.027570971737768932,0.8219316276671459,0.41350160390303387,0.1926798511766159,0.18042155046816946,0.0763314619503782,0.11042800905232601,0.11316535911706375,0.19320289118941164,0.22395628863414546,0.26598745632625115,0.3392371161012798,0.24441231406401462,0.24626336494968162,0.3140906724143203,0.44169414249263494,0.3570096336260318,0.37154579235456164,0.42235242026236386,0.49832332561916026,0.3821324998154313,0.44193974300647787,0.4721609221316512,0.4222717935021213,0.4287869988266632,0.42139477585661184,0.5159740201683181,0.4775639900960537,0.525072203371214,0.5350958409742964,0.49886413583359235,0.41795515879424266,-0.10870354618224326,-0.12145913199774522,-0.19865283963980318,0.29290085994834275,1.3913081715398399,1.4489233638460777,0.8385748595542922,0.805825716121537,0.8829058421649467,0.9147316902413353,-0.2801333818741722,0.09618457165815668,2.4149554201195733,1.3326223264906196,0.8305777993327784,0.4520842128801829,1.359299168606929,1.4720240735434045,0.9875926835890304,1.291186677024465,0.7451404143382744,1.0363337979568297,1.076670648123404,1.1405635809537302,1.1889110488512842,1.2475050231198526,-0.34330473747987195,-0.4581263240423058,-0.32132248160325017,-0.020754063739798538,1.1933073906505207,1.1280551193922594,0.3834781613753397,0.1898595741838898,0.507476738054713,0.2121597859646378,0.23053584109831107,0.637174666579886,0.8562751329267357,0.8533455185534304,0.9222031333317954,0.8397966080358988,1.1351440645091158,0.9818406890053873,0.46131135753084895,0.2346474381445588,1.122355240420222,2.0166982035980503,1.3612694467529454,0.8764281146331446,-0.3141712205352045,0.17612252446830268,-0.34459870942715737,-0.4629844511980867,1.687916801615968,1.5509599195212238,1.1766200383113354,1.5809174557571952,0.3999859004410875,0.35816345177194137,-0.19905870318692442,0.36784396698441996,-0.006190748644640142,0.06945014157366391,-0.061053007475772095,0.4508552072360051,0.005053197010916134,-0.04897393458625401,1.1026196336175014,0.5204488687571113,1.1334976513947452,1.05849204964452,1.6800406443133995,1.8136839245471654
-1.10665852502814,-1.052007666237615,-0.31712979623148585,0.6715857041502927,-0.6602871560642871,-0.38821895134402784,-0.6557105509327101,-0.6388345865472556,-1.153689100012081,-0.8085594644227019,1.1751395487122602,-1.0500317434190054,-1.1129736262819958,-0.3567099623718984,-0.5269473522651558,-0.6902571790565022,-0.7396372255325842,-0.7729658101532949,-0.7562044039485345,-0.6064475147800841,-0.5486815722332697,-0.4704998179809339,-0.4522333571297563,-0.2891729680941258,-0.23877984119769358,-0.13617008294208,-0.15436025940398945,-0.16816327851678106,-0.11667296292334331,-0.047465738285138045,-0.1600081974934601,-0.11263862821273397,-0.12298590320212764,-0.031097484051168158,0.05623689204317896,-0.021649962669121694,-0.08960569455774506,-0.001009597637465912,0.0907868650222148,0.08311508366394965,0.04745641227721712,0.03317803333167962,0.08634555774146278,-0.3583277641823712,-0.48045164036546517,-0.656642095293528,-0.8845900343163515,-1.014412009797059,-0.8451028836908281,-0.9689035671651124,-0.9330189859988626,-1.1018794352736627,-0.8461145853740989,-0.6249129287962303,-0.7782206252341769,-0.9174246301721497,-1.0604143989695278,-0.5645371324754574,-0.7058152187728473,-1.009234762472067,-0.9833955653947181,-1.172555359804611,-1.0938155724976832,-0.9058861999825676,-0.9322082826409973,-1.0516777568535318,-1.04886760171902,-0.6893466695753193,-0.9047572552840337,-0.34330473747987195,-0.4581263240423058,-0.6114556478364332,-0.6356892856597561,-0.5997916185914338,-0.6732305003957796,-0.7092467864439723,-0.9048262589484483,-0.33863832349918516,-0.3365293156680461,-0.8672538784174562,-1.0368474459452661,-0.9294280887701124,-0.9803273657945266,-0.540845770663905,-0.6172350259452746,-0.8569004302422337,-0.9791665881728715,-0.8204838739821857,-0.8779305787829842,-0.5470177599392052,-0.6993936530996606,-0.45410681802137687,-0.7956909911434417,-0.8089290481496999,-0.8994348768648438,-0.34459870942715737,-0.4629844511980867,-0.45277126682970414,-0.9330599716038592,-0.22015897833863887,-0.5211334549448926,-0.6126366323211593,-0.8663269816364053,-0.7002856536575975,-0.8297875534299703,-0.688436517645786,-0.8473834105539122,-0.5834316810652657,-0.6978204799894856,-0.12396459901247484,-0.21359220210307453,-0.8156747633973614,-1.0140441103793345,-0.9317880784468797,-0.9524166174550193,-0.558301155470752,-0.5036294373103712
-0.3061757337168457,0.34633942697226755,1.747334825276436,-2.234985799454803,0.14835572936912764,0.37630466002811885,-1.4505545638747832,0.7400110102399646,7.557350338599111,-0.4579645747001212,0.19889540287957633,9.701504437349719,-0.46800520829894865,-1.1704751588826154,-1.114886768016104,-0.9658991889060214,-0.7697467711961622,-2.6305130875240184,-2.494943930079731,-2.2346355335028667,-2.0902307447999293,-1.9294682694610943,-1.8556538966820786,-1.794213516531932,-1.7088338659828153,-1.6470912781680607,-1.5940608916773746,-1.568959095800192,-1.5212861963539286,-1.4938831332336584,-1.4737880399678427,-1.4471937015147582,-1.406227602868033,-1.391930416946255,-1.3523601043672284,-1.311415994991706,-1.2860516235623944,-1.2560439021424161,-1.2292627426516685,-1.185072812616972,-1.1720632643261866,-1.1688637113934741,-1.1609398009922343,-0.17110960068227526,-0.0017949625418385616,-0.656642095293528,-0.8845900343163515,-0.9166185064906809,-0.9679971469517338,-0.8737731236535647,-0.5466090521943293,-0.3108418247003039,0.10418340464057983,-0.2801333818741722,0.09618457165815668,-0.9854323863005522,-0.842865605745878,-0.8228917494769826,-0.5044414045723202,-1.1196845312788595,-1.1384747004855469,-1.1050507334485595,-0.9477950266085721,-0.9517480503803688,-0.9322082826409973,-1.1854596565949393,-1.0922226746432329,-1.00238962264642,-1.012370369204228,0.06177459877956396,1.0563408628744078,-0.6114556478364332,-0.6356892856597561,-0.6894465690535315,-0.6732305003957796,-0.8458374049213864,-0.6311548006653638,-0.6463165277006028,-0.5194256828789408,-0.7104267756294894,-0.6183419178139781,-1.051180581158534,-0.9803273657945266,-0.4443810077630897,-0.3403990154888516,-0.9211599300729225,-0.8008931993384844,1.1359404267482356,2.01003789068851,-0.6662586885363071,-1.0189338715346854,0.31026213556781146,0.7780681672345219,-0.8089290481496999,-0.8994348768648438,-0.34459870942715737,-0.4629844511980867,-0.2953677323851694,-0.06365300971008017,-0.8187785569029137,-0.8714752733952406,-0.6126366323211593,-0.8663269816364053,-0.6286818035903585,-0.6586973362279146,-0.2588743667932127,-0.2514416016709877,-0.4528370126678923,-0.31492858424765535,0.26308878905769806,1.597208740581951,-0.8156747633973614,-1.0140441103793345,-1.092421412990117,-1.0026893341325078,-1.1454072013157754,-0.889848330953294
0.7373107620996631,0.49876588736955335,-0.30001532374523626,0.4480032807960546,4.191570156536201,3.7338840238401017,0.40269902813303404,3.7300400921688985,0.26226950252045694,0.9444149841902016,-0.8296113653870354,0.10708711069561823,0.9831737321629077,-1.1658905662262171,-0.9619161055469659,-0.9615239189084099,-0.6026387927633046,-0.44471844924983644,-0.24751531944403568,-0.10354750577135362,-0.11391750261334159,-0.022304709686228576,0.1597167091915298,0.29612057852057666,0.404035660575641,0.3577649258207148,0.4916200667540616,0.5839485975730216,0.6156551699935141,0.7637730696416043,0.7924101082066958,0.8958603760439093,1.0311833806081692,1.1382382244324416,1.1106359365443113,1.2645482521366642,1.25661623439594,1.1974524254577605,1.277018494154926,1.2970126619769924,1.360461367957263,-1.1688637113934741,-1.1609398009922343,-0.015094464432195257,0.23753337636997476,0.03034178818705923,-0.2958445871840044,0.9218993556692255,0.7115577842806438,0.6166038246940144,0.4194157823170037,1.1993208863942904,0.5513824587651346,0.40942571196994393,0.9705897685504902,1.8368894930281519,1.8221071112438314,0.37845721958010936,0.2758821254547218,1.4942933304818977,1.6787962536645094,1.3701188996066545,1.8752688605809096,2.1668577766701107,2.2796235330712467,1.3928824111485487,1.2272737268021559,0.6149989682209331,1.1398919091996582,-0.34330473747987195,-0.4581263240423058,3.885608428777904,3.05392204585999,0.6553776878779344,1.1280551193922594,0.3834781613753397,0.7372024907500588,1.5843504527596746,0.5779525203864271,0.857844252250178,2.311196779105038,1.3229930204156846,1.678498316510011,0.02186534625751815,0.03842920934625349,2.0347770621387573,2.0514810220117106,0.3938484506091103,-0.19144627046598958,1.8378008120028335,2.4960085312505873,0.6828920004425407,0.43380835133934237,2.0359284606336483,2.596126677467882,0.3677500439106356,1.0867542975821196,0.30276569850406254,0.18474897940242815,2.6399123414684516,2.456772001883065,0.3999859004410875,0.35816345177194137,0.37377209735098776,1.052204835792643,0.3475663167633614,-0.1597582464582301,2.4202456920743223,1.982422790203326,0.8651718371668559,0.19795346668897676,-0.01638543130783529,0.008951209044962638,1.5006595589221452,2.0639463831942897,1.3130993656602599,0.7322710223469816
-1.5140470884633523,-1.6153228459667146,-2.201893156078212,-1.6760297410692073,0.2693161609852063,0.41722806501640897,-1.1922786863956367,0.5697490261272804,-0.4553565755327569,-0.9838569092839923,-0.07006176319752506,-0.9817538854338654,-1.5966999397692814,-1.1956904184928068,-1.189376829740206,-1.0067350422170613,-0.9534149997439876,-0.8077570050877628,-0.7274649076488453,-0.783709920044258,-0.6182438233724583,-0.5311929055625085,-1.8556538966820786,-1.794213516531932,-1.7088338659828153,-1.6470912781680607,-1.5940608916773746,-1.568959095800192,-1.5212861963539286,-1.4938831332336584,-1.4737880399678427,-1.4471937015147582,-1.406227602868033,-1.391930416946255,-1.3523601043672284,-1.311415994991706,-1.2860516235623944,-1.2560439021424161,-1.2292627426516685,-1.185072812616972,-1.1720632643261866,-1.1688637113934741,-1.1609398009922343,-0.3583277641823712,-0.48045164036546517,-0.656642095293528,-0.8845900343163515,-1.3860273223612953,-1.3776446911547526,-0.7469325323048347,-1.190625608535218,-1.432676981513431,-1.349213521264223,-0.6249129287962303,-0.7782206252341769,-1.1894556546857598,-1.1691887955813527,-1.0554109047783553,-1.3854518416996258,-1.2424064966197401,-1.2160142680309611,-0.7675276016683031,-0.8504479960158313,-0.768300648789164,-0.8286008047147959,-0.930057847997707,-1.113900211105339,-0.8458681461108697,-1.012370369204228,-0.34330473747987195,-0.4581263240423058,-0.6114556478364332,-0.6356892856597561,-0.6894465690535315,-0.6732305003957796,-1.2556092603536284,-1.1784977172315327,-1.1847533850530834,-1.2510111517225193,-0.8672538784174562,-1.0368474459452661,-0.3206656268280051,-0.6594346110336341,-1.2643314924200206,-1.4768836899941669,-0.9211599300729225,-0.9791665881728715,-1.0903355016691403,-1.3987117781958767,-0.6364484563870316,-1.0189338715346854,-1.3809041742482677,-1.533390596633112,-0.8089290481496999,-0.8994348768648438,-0.34459870942715737,-0.4629844511980867,-0.7990590426076805,-1.1814619607163674,-0.8187785569029137,-0.8714752733952406,-0.1063253659400359,-0.8663269816364053,-0.19905870318692442,-0.48760711902585885,-1.4970240957212182,-1.5350085746495943,-0.5834316810652657,-0.6978204799894856,-1.2421188312151965,-1.4482292084792283,0.7829039007816909,-1.0140441103793345,-0.4269404555967047,-0.8015984674225538,-1.512348479968915,-1.5077985607819704
0.4800127220353185,0.8964001318842119,0.9119703286698266,-0.33453520094377875,0.5985973359400871,0.7427551501505346,-0.7832945771127248,0.24387940001120986,0.7140210008359223,0.06792775988374988,0.9759557351297983,1.0644614237481242,0.0157211051883368,-1.051275749816257,-0.9672368242415447,-0.8988117156093131,-0.7863070213111301,-0.7094340628816578,-0.6354985194898398,-0.4593853711535102,-0.41576798523517744,-0.38646323517567666,-0.3777154523747658,-0.42559477219228947,-0.40827845609314994,-0.3139866860966861,-0.25828769358083675,-0.1922629915023021,-0.06155149055325727,-0.031902403840500304,-0.039874707874368795,-0.08041215627220213,-0.0303904744361476,-0.0051944778505818665,-1.3523601043672284,-1.311415994991706,-1.2860516235623944,-1.2560439021424161,-1.2292627426516685,-1.185072812616972,-1.1720632643261866,-1.1688637113934741,-1.1609398009922343,-0.23351565518230724,-0.24112330145365188,-0.656642095293528,-0.8845900343163515,0.804547151701572,1.4079586094257759,-0.04930927988681884,0.6126207492192703,0.9116708461857961,0.9985815128896892,-0.6249129287962303,-0.7782206252341769,-0.30535482501652716,-0.1902192260749287,0.4559636046805669,0.829660114506171,0.2302570874708273,0.5157027404832936,-0.15998596446384156,0.07434879461520573,-0.49312954640235707,-0.6213858488623931,0.18884531347588215,0.33849473185579204,-0.011086937921268072,0.17137388391790936,1.2770126075578716,2.570808049791121,-0.6114556478364332,-0.6356892856597561,-0.5997916185914338,-0.6732305003957796,-0.16288431253431632,0.4635310324669743,-0.4155578745495396,0.39505615317553244,-0.3967725700535559,-0.19983638968269005,-0.3206656268280051,-0.24685821205534378,1.372372026868934,1.6265936903857325,-0.27856493176603553,-0.08779964400093564,0.7176704038334558,0.9921473645633114,-0.5470177599392052,-0.6993936530996606,0.7688835077213244,1.2698679042276355,-0.5615501343424522,-0.36165617619827056,-0.34459870942715737,-0.4629844511980867,1.5619939740603404,1.799361908633732,-0.8187785569029137,-0.8714752733952406,-0.1063253659400359,0.35816345177194137,0.3021682472837487,0.36784396698441996,1.3330324275427943,1.6280671801905433,-0.5834316810652657,-0.6978204799894856,0.6501421771278709,0.7741174029978486,-0.01638543130783529,1.5434441881814085,-0.6105214093604047,-0.6507803173900885,1.0929345984683763,1.4274650309042425
-1.1173792766974877,-1.1182800403233915,-0.6104320391051796,0.6715857041502927,-1.0388485068627555,-1.0336926572956942,-0.8038218329794053,-1.0405315952737642,-1.161100648031319,-0.9838569092839923,1.902446524942159,-1.094560781235401,-1.4354578352735194,-0.3016948504951175,-0.39126902555339843,-0.46711840917832004,-0.6478031112586714,-0.7260733300242295,-0.6383724691198088,-0.6182650084643624,-0.6406031183814831,-0.5813814202934261,-0.5448162084920173,-0.41789354131578027,-0.2899492343736804,-0.2890299698644607,-0.23790976531086672,-0.2997075452294168,-0.3174726122715139,-0.27021596252401575,-0.30224624920246423,-0.28798854906562776,-0.25112301169646367,-0.12823375730336675,-0.12951216242852312,-0.15990289144505568,-0.09753501220210577,-0.020157139037680134,-0.09137825415318702,-0.13913590551705468,-0.1689914861254588,-0.17444735893902877,-0.16277823802431907,-0.3271247369323552,-0.36078747090955854,-0.19865283963980318,-0.2958445871840044,-0.4863270919426177,-0.5993143571690167,-0.8737731236535647,-1.126223952901129,-0.7279343830026204,-0.7902147036085296,-0.6249129287962303,-0.7782206252341769,-1.1214478985573573,-0.9516400023577029,-0.6032903250256862,-0.8316738526481766,-0.8496962075289222,-1.009242087909856,-1.1050507334485595,-1.1424890877940534,-0.768300648789164,-0.9322082826409973,-0.7354659938283872,-0.853769773560062,-0.7415204950871694,-1.1199834831244224,-0.34330473747987195,-0.4581263240423058,-0.6114556478364332,-0.6356892856597561,-0.6894465690535315,-0.6732305003957796,-0.7092467864439723,-0.22064761324073698,-0.8001556298013115,-0.7023220500898354,0.07370873831034433,-0.6183419178139781,-1.0714726632232707,-1.1636946542293223,-0.3639937053457435,-0.7192272403239567,-0.9854194299036112,-0.9791665881728715,-1.0363651761317494,-1.1619930511900165,-0.4277768313421032,-0.8591637623171731,-0.970055861694079,-1.0579841842064355,-0.8089290481496999,-0.8994348768648438,-0.34459870942715737,-0.4629844511980867,-0.7675783357187735,-1.0572609661601133,-0.8187785569029137,-0.8714752733952406,-0.6126366323211593,-0.8663269816364053,-0.9867010539265537,-1.0008777706320262,-0.5115579849417852,-0.8473834105539122,-0.5834316810652657,-0.6978204799894856,-0.2529823950358658,-0.4605196033783053,-0.8156747633973614,-1.0140441103793345,-1.0694737937696546,-1.0529620508099962,0.0654990182395853,-0.5036294373103712
0.7373107620996631,1.1150989663672741,0.8078950863205092,0.6715857041502927,-0.8932479873248831,-1.0653152884230093,1.4799826136299463,-0.9010458436439789,0.1210971592968739,0.9444149841902016,-1.648075156904006,0.4060677931771316,0.9831737321629077,1.6398801394896076,1.5667554540515698,1.618426956349788,1.4704034261740373,1.393164239679666,1.4093166422330465,1.3434389431258291,1.3928505443837238,1.3783050037347255,1.310227996242066,1.1795617776401368,1.1566521518724473,1.1179049077272474,1.1263925323636292,1.1723832563028271,1.1904933818529828,1.2520726878421136,1.2133578558319917,1.233290494009478,1.2116977013337666,1.2298238534988002,1.2208106208142915,1.1628654529079128,1.2416386344010364,1.3454106999139614,1.2882419375164438,1.3139783863419545,1.2307610708599397,1.2680027347311558,1.2344813121402836,0.03171007644282874,0.835854223649508,-0.19865283963980318,0.29290085994834275,-0.0755943780558301,0.3428749944979267,0.10924145929909385,0.6770224048533592,0.1493982396332867,0.29983299082007253,0.40942571196994393,0.9705897685504902,-0.3393587030807284,0.13610396376054595,-0.20284066867332226,0.049336584479128955,-0.06427562934728619,0.2830840378470504,0.5825649254527226,0.36638988639342795,-0.3096821448111524,-0.10334845923138597,-0.06655649512135015,0.20842951308315344,0.24978218963798243,0.2789869978381037,1.6820919438173076,2.570808049791121,-0.031189315370067156,0.594181158180159,0.6553776878779344,0.9028944169187545,0.1785922336592187,0.7372024907500588,1.5074309017093201,0.5779525203864271,0.3873629438862778,0.637174666579886,-0.09745272411589906,0.3949272974664412,-0.2675289424449281,0.27155427078324124,-0.21430543193534685,0.09047374483345154,-0.2268102930708854,0.02160058383928461,0.13861757949413095,1.2178476575104884,-0.27256919154394466,0.056761886311288624,-0.43786067743882834,-0.36165617619827056,-0.34459870942715737,-0.4629844511980867,-0.0750027841628208,0.18474897940242815,0.8440536057756274,0.004379272730629412,-0.1063253659400359,0.35816345177194137,-0.6286818035903585,-0.3165169018238031,0.17068778405936064,0.39034188481831555,0.7225150029084683,1.2166389987196655,-0.03795273499688086,0.3625717342057973,-0.495959030561551,-0.502546450667186,0.3303309786785577,0.5054921661921467,0.10219314610489925,0.655027243618397
-0.8600812366331432,-0.8531905439802858,-0.3467899385172708,-0.5581176242980168,1.1093191583190858,1.0868837830066105,-0.13460237032212846,0.6721528108384736,-0.4783280401537874,-0.10736968497754047,0.721131626509458,-0.5091211156282627,0.0157211051883368,-0.8071461908630418,-0.47240998564572384,-0.34023557924758896,0.011595938773685607,0.08017479606583214,0.03844266873787184,0.07240184463901161,0.09973798302845169,0.15043715496902244,0.18794318826538986,0.20370580800246577,0.2675839454396761,0.3744027366421984,0.31636988363231905,0.34094315830235106,0.25047541554169406,0.2852005354689937,0.3070708101455669,0.3508538652849151,-1.406227602868033,-1.391930416946255,-1.3523601043672284,-1.311415994991706,-1.2860516235623944,-1.2560439021424161,-1.2292627426516685,-1.185072812616972,-1.1720632643261866,-1.1688637113934741,-1.1609398009922343,-0.3583277641823712,-0.48045164036546517,-0.656642095293528,-0.8845900343163515,0.3155796351696819,-0.27159632180660165,-0.30299046258427914,-0.4822073965602405,-0.12386929856478274,-0.4548154130151136,-0.6249129287962303,-0.7782206252341769,0.03468395562548539,-0.5165424159104034,-0.3578534388742374,-0.4289262242471226,0.05844633599359443,-0.25969293497085033,-0.33999830141331167,-0.3637128430521276,-0.03451104242434543,-0.3105634150837888,-0.3706062672609124,-0.4202190443179332,-0.7415204950871694,-0.3666916856830622,-0.34330473747987195,-0.4581263240423058,-0.4663890647198417,-0.32822167469977737,0.38641283649164115,0.45257301197174477,-0.5726561679665583,-0.6311548006653638,0.3536376359540043,-0.5194256828789408,-0.3967725700535559,-0.19983638968269005,-0.28008146269853124,-0.2927000341640427,-0.3720324355874781,-0.45696154620734547,-0.40708393142741295,-0.6226198105040971,-0.3752286882987105,-0.6175399790765379,-0.09986427770007292,-0.060313216229611,-0.444552206101512,-0.6645443946119447,-0.8089290481496999,-0.8994348768648438,-0.34459870942715737,-0.4629844511980867,-0.8620204563854944,-0.9330599716038592,-0.4862121243672054,-0.17079163649454457,-0.1063253659400359,0.35816345177194137,-0.7718895037248367,-0.8297875534299703,-0.38521617586749896,-0.2514416016709877,-0.5834316810652657,-0.6978204799894856,-0.6400357831060387,-0.7897561384119464,1.5821932328712172,-0.502546450667186,-0.24335950183300473,-0.29887130064766904,0.7993815755458645,0.11432079251830517
0.7373107620996631,1.3271705634417588,1.189111571504422,0.6715857041502927,-0.8484478274670761,-1.2345893726927546,1.7791852840019424,-0.8795413443180956,0.1210971592968739,1.119712429051492,-0.06499387594354984,0.5485607141895978,1.1444158366586694,1.9573631809451972,1.893979653768161,1.88240157953901,1.9054863610127386,1.9346967521379062,1.6004342926259798,1.6520068337708727,1.668615182828364,1.6245788783445765,1.6376551534988426,1.5866268382556254,1.5670733263048418,1.4610597559203469,1.4779117950206129,1.4876878345300608,1.383418535148284,1.3279439432597224,1.3555959075409958,1.3811531299719182,1.2098270866112215,1.203920847298214,1.2763532302396534,1.2788195222038574,1.34295769319009,1.4063346952782794,1.3952963203493813,1.452249039916396,1.4783707289548296,1.3915692637343708,1.3894546432855526,0.07851461731785274,0.7161900541936014,0.03034178818705923,0.8816463070806899,1.0588102602981548,2.0224299257303042,0.9019951552286573,2.2226621400714923,1.1417908783525914,1.8370797393732292,0.40942571196994393,1.8449949654428237,2.006908883349158,1.9308815078556565,0.8434955301828546,1.5848119177581472,1.1261274344592558,1.9372614788158908,0.6950726360461414,1.5345542535063168,0.6992785639404732,1.347156231735434,1.4415303746908787,2.2027628675969457,0.3541298406616826,1.355118137040047,0.06177459877956396,1.0563408628744078,1.419476515795848,1.8240516020200743,0.5657227374158367,1.803537226812774,2.8421092939687913,3.0634098861562773,1.5074309017093201,2.2240198252844787,1.1714984578261116,2.7297023072363262,0.3895572454377868,1.4492892059665163,0.9141644030900608,1.5828827413662974,1.3279225640011818,1.8732076331773233,1.0279997756734538,1.1815223461679996,0.46653013313616126,1.8569280943805377,0.9504211341987567,1.7124876675214378,1.4174811761155293,2.3272373271345956,0.3677500439106356,1.0867542975821196,1.3416290258379917,1.8614624059118592,0.31194731371849427,1.4057465465320214,1.9189196995844577,2.8071443185886347,-0.27066255325416344,0.19675374978236418,0.49917648765250494,0.8946003384884824,-0.1916476758731455,0.06796331149417485,0.478118449096683,0.7741174029978486,0.3033303015279752,1.5434441881814085,0.7433881246468828,1.6114919330968933,0.9828522148724343,2.3543903756472573
-1.435428242888136,-1.3369788748064537,-0.39333394251421516,-1.2288648943607312,1.1249992142693184,1.1687305929831906,-0.28579148682903527,1.3138791296381256,-0.7606870152996601,-0.10736968497754047,0.5380847072794811,-0.7465492241472629,0.0157211051883368,-0.8736227843808188,-0.762389154500264,-0.4394083658601144,-0.25186258578262144,-0.06050264432136434,0.05999729096263874,0.07896711890805509,0.20159699362512057,0.14226693164073353,0.27488074381287886,0.2884193476440674,0.2675839454396761,0.3109710828852921,-1.5940608916773746,-1.568959095800192,-1.5212861963539286,-1.4938831332336584,-1.4737880399678427,-1.4471937015147582,-1.406227602868033,-1.391930416946255,-1.3523601043672284,-1.311415994991706,-1.2860516235623944,-1.2560439021424161,-1.2292627426516685,-1.185072812616972,-1.1720632643261866,-1.1688637113934741,-1.1609398009922343,-0.3115232233073472,-0.36078747090955854,-0.656642095293528,-0.8845900343163515,-1.0339707104583344,-0.9679971469517338,-1.0957441585138425,-1.126223952901129,-1.1018794352736627,-1.2094638168502996,-0.6249129287962303,-0.7782206252341769,-1.0534401424289548,-0.9516400023577029,-0.9520690579777452,-1.158906300724033,-0.7392464387221296,-0.802469907788751,-0.6775214331935682,-0.7044274501267203,0.2865219103602627,-0.2069559371575874,-0.954381829768872,-0.853769773560062,-0.8980419716227198,-0.9047572552840337,-0.34330473747987195,-0.4581263240423058,-0.17625589848665868,-0.32822167469977737,-0.6894465690535315,-0.6732305003957796,-0.6409514772052654,-0.767990529806906,-0.6463165277006028,-1.0681147845116246,0.3873629438862778,0.21866913844859798,-0.9903043349643231,-0.8886437215771287,-1.0794406968601244,-1.1563367305183088,-0.21430543193534685,-0.6226198105040971,-1.2387538968969654,-1.1383211784894305,-0.6364484563870316,-0.8591637623171731,-1.0082743093735385,-1.1235574824721841,-0.06679230672795687,-0.09276682586498394,-0.34459870942715737,-0.4629844511980867,-1.2397889390523777,-1.1193614634382405,-0.752265270395772,-0.6963043641700666,1.4126084332033344,1.582653885180288,-0.6286818035903585,-0.6586973362279146,-1.168535392128074,-1.122433476192185,-0.5834316810652657,-0.6978204799894856,-1.1561069671996025,-1.4482292084792283,-0.8156747633973614,-1.0140441103793345,-0.6793642670217922,-0.7513257507450654,-1.1087130734504616,-0.9670921096818785
0.7373107620996631,0.8367549952070131,0.3075484495166241,0.6715857041502927,-0.8618878754244182,-0.8588381087093638,0.11648465429196087,-0.8507871479796504,0.1210971592968739,0.593820094467621,-1.1849969590720357,0.21904583434827016,0.6606895231713841,0.3802633071441454,0.15144428129363083,0.11333407717146109,0.061276689118589224,-0.039325395230818634,0.1361569561568151,0.12623709364516814,0.1295503763738182,0.23097221349072727,0.2805260396276509,0.2994211060390806,0.3549983254486536,0.3140906724143203,0.2623683737168984,0.2977645058699592,0.34201643215630123,0.3134090791498996,0.3647348851627307,0.35464521492497764,0.39704498966539664,0.43793194965230503,0.4468562271821995,0.4635732196154466,0.4443016934958761,0.4802899657406461,0.5129610037746863,0.5140444825339886,0.4862476771324473,0.4316170452195977,0.4112896391750913,-0.2803201960573313,0.1178692069140681,-0.19865283963980318,0.29290085994834275,0.13955132921820151,0.62962827544004,-0.20786001907273152,-0.09579746275570725,0.1781632436541361,0.6352322814134885,-0.6249129287962303,-0.7782206252341769,-0.1353354346955209,-0.35338082099266604,-0.6807967101261438,-0.554784858122452,0.09526292559585861,0.5932423080287079,-0.024976711751738965,0.4637369169861687,-0.0803728928221466,0.31108145247341973,0.006415450192144806,0.10004183077262124,-0.011086937921268072,-0.15146545784267357,-0.34330473747987195,-0.4581263240423058,-0.6114556478364332,-0.6356892856597561,1.2829623411126183,1.3532158218657642,-0.5043608587278513,-0.35748334238227925,-0.7232360787509571,-0.5194256828789408,-0.08311836447762241,0.637174666579886,-0.13803688824537289,0.2574018311403444,0.07813645794966048,0.18413237274437083,-0.15004593210465816,0.09047374483345154,0.2724152181499807,0.6370692740545212,-0.45758706349137873,-0.5396235438821483,-0.42544298226178234,-0.27110460501745376,0.3042760639829146,0.4450118748015893,0.3677500439106356,2.636493046362326,-0.8305397494965875,-0.6846579824913509,-0.4862121243672054,-0.5211334549448926,-0.1063253659400359,0.35816345177194137,0.5169797974854657,1.3943852701967545,0.044345974985074366,0.16113349678642153,0.3307309977163481,0.8337471029778354,0.22008285704990108,0.3625717342057973,-0.6558168969794562,-0.502546450667186,-0.22041188261254221,0.30440129948219274,-0.3014422604135543,0.26880834997547426
0.7373107620996631,0.12764059248920534,-0.9671441728170832,0.6715857041502927,-0.7543674917656816,-0.8681388825703389,0.07769360423211219,-0.7934364749806447,0.1210971592968739,0.593820094467621,-0.2373020425787017,-0.25741487028716326,0.6606895231713841,0.38255560347234463,0.3270279982147285,0.34376496371232895,0.21634084928601566,0.15278250723341744,0.2051317472760692,0.22340315282701162,0.173026783335811,0.08974406738744775,0.12471587513994334,0.12889385091637598,0.13539634640171014,0.08012145773720698,0.11157170451911991,0.20036149922014496,0.29870670386551934,0.47682409081859595,0.49928439353611304,0.47786407822701116,0.44100443564520536,0.4083285139944921,0.4523194346666613,0.34048351528590537,0.3429826347068226,0.31579517825698755,0.38259639242167365,0.41733985365370424,0.4382417230120095,0.41648644983144895,0.40879006931790957,-0.20231262793229124,-0.36078747090955854,-0.4276474674666656,-0.2958445871840044,0.5502840431049891,0.30191024007762485,0.45805308550810175,-0.22460077402388498,0.4082832758209314,-0.1473660633044822,-0.6249129287962303,-0.7782206252341769,-0.7814091179153447,-0.6253168125222283,0.3913749504301856,-0.07652204939620041,0.20571269440265116,0.05046533521080721,0.38005104638456877,-0.26636581245938684,0.3323837607580639,0.00025901869481545205,-0.05439450423576765,-0.3335088984695075,0.09326071310243213,-0.4743047996032565,-0.34330473747987195,-0.4581263240423058,0.549077017096299,0.2867135472201803,0.9243425392642275,0.45257301197174477,0.3834781613753397,-0.22064761324073698,-0.8001556298013115,-0.7023220500898354,1.0146713550381448,0.21866913844859798,0.08517601446673315,-0.15517456783794592,0.7855447192223068,0.03842920934625349,-0.7283814305808564,-0.8008931993384844,-0.28078061860827636,-0.5465243609747799,0.28766874024050837,-0.060313216229611,0.2911529117280817,-0.33667790328320224,-0.8089290481496999,-0.8994348768648438,0.3677500439106356,0.3118849231920165,0.5546113536153181,-0.43625599337884263,0.11240745419706934,-0.5211334549448926,-0.1063253659400359,0.35816345177194137,-0.34226640332140246,-0.3165169018238031,0.4739081258376477,-0.0680748912454725,0.2001363293189747,0.06796331149417485,-0.8980713751528207,-0.707447004653536,2.3814825649607436,2.054941847893557,0.10085478647393276,-0.29887130064766904,0.6526050640846087,0.3460521287040588
-1.0709226861303145,-1.2905882129464101,-1.6302209759154616,-0.4463264126208978,0.04979537768195242,0.2944578500515387,-1.202684224151768,-0.20500972611487012,-0.7658180870052866,-1.334451799006573,-0.8685125713748185,-1.0055027056026098,-1.5966999397692814,-1.1188984914981335,-1.1494714395308658,-1.162786338798535,-1.1671927739553911,-1.2025614345615079,-1.0867086113949602,-0.9767289835541363,-0.8704069837520166,-0.7879713530230168,-0.7525630944756274,-0.7457459414871738,-0.6470689575810885,-0.5250789108942595,-0.44474573725106287,-0.4041396348333413,-0.39917050882003424,-0.39666805488669743,-0.3426111017144789,-0.3477023058966132,-0.2847940767022746,-1.391930416946255,-1.3523601043672284,-1.311415994991706,-1.2860516235623944,-1.2560439021424161,-1.2292627426516685,-1.185072812616972,-1.1720632643261866,-1.1688637113934741,-1.1609398009922343,-0.3583277641823712,-0.48045164036546517,-0.656642095293528,-0.8845900343163515,-1.1317642137647126,-1.213785673473545,-1.3177151933741202,-1.255027264169307,-0.9868194191902652,-1.097664053319161,-0.6249129287962303,-0.7782206252341769,-1.1554517766215584,-1.1148015972754401,-1.1070818281786603,-1.2092497542741647,-1.3774006584947087,-1.2677073130612375,-1.2400599861606623,-1.1911626030904239,-0.9517480503803688,-0.9322082826409973,-1.1976216474805217,-1.200610356953765,-1.1067372736701202,-1.1199834831244224,-0.34330473747987195,-0.4581263240423058,-0.6114556478364332,-0.6356892856597561,-0.6894465690535315,-0.6732305003957796,-0.9824280233988003,-1.0416619880899904,-0.8770751808516659,-0.7023220500898354,-0.5535996728415227,-0.6183419178139781,-1.1323489094174815,-1.1178528321206234,-1.0553245061349206,-1.1271960978386852,-0.9854194299036112,-0.9791665881728715,-1.1847835713595745,-1.2093367965911885,-0.6960689206855826,-1.0189338715346854,-1.036938145133133,-1.139950807038621,-0.3141712205352045,-0.6305455265315572,-0.34459870942715737,-0.4629844511980867,-1.3971924734969123,-1.3677634525507487,-0.22015897833863887,-0.6963043641700666,-0.6126366323211593,-0.8663269816364053,-0.9867010539265537,-1.0008777706320262,-1.2190721157577884,-1.351641864224079,-0.5834316810652657,-0.6978204799894856,-0.7690535791294296,-0.7897561384119464,-0.8156747633973614,-1.0140441103793345,-1.1153690322105796,-1.0529620508099962,-1.1454072013157754,-1.1215796671390477
-1.4568697462268314,-1.2243158388606339,0.6138282264234568,-1.3406561060378501,0.7173177595632754,0.6646286497183445,-0.7627708689916142,0.9387427539928243,-0.7065257028513817,-0.9838569092839923,-1.4999688765771517,-0.48451296315078085,-0.7904894172904723,-1.0031375269240737,-1.0137931128191084,-0.9527733789131871,-0.7622193847802676,-0.5627059798971625,-0.3696581787177148,-0.3228276663574058,-0.3486901002081028,-0.12034738962569536,-0.08528912916957553,-0.03613252500882208,-0.11085635825772648,-1.6470912781680607,-1.5940608916773746,-1.568959095800192,-1.5212861963539286,-1.4938831332336584,-1.4737880399678427,-1.4471937015147582,-1.406227602868033,-1.391930416946255,-1.3523601043672284,-1.311415994991706,-1.2860516235623944,-1.2560439021424161,-1.2292627426516685,-1.185072812616972,-1.1720632643261866,-1.1688637113934741,-1.1609398009922343,-0.3583277641823712,-0.48045164036546517,0.03034178818705923,0.29290085994834275,-1.1708816150872636,-0.7222086204299224,-1.1908746020253902,-1.0618222972670404,-1.331999467440458,-0.9858642897880223,-0.6249129287962303,-0.7782206252341769,-0.8834207521079485,-0.6253168125222283,-1.3525187143301092,-1.0582193936237694,-1.1810455139492997,-1.0350886104249943,-0.9475399386177733,-0.8991215113122016,-0.9517480503803688,-0.9322082826409973,-1.2949175745651818,-1.04886760171902,-0.480651367527919,-0.5819179135234508,-0.34330473747987195,-0.4581263240423058,-0.6114556478364332,-0.6356892856597561,-0.6894465690535315,-0.6732305003957796,-0.7775420956826793,-0.6311548006653638,-1.1078338340027292,-1.0681147845116246,-0.3967725700535559,-0.6183419178139781,-0.9700122528995863,-0.9344855436858277,-1.4572610182216514,-1.2291883122173675,-0.9854194299036112,-0.9791665881728715,-1.4951129431995722,-1.2093367965911885,-0.6662586885363071,-0.8591637623171731,-1.4668956815270515,-1.2055241053043697,-0.5615501343424522,-0.6305455265315572,-0.34459870942715737,-0.4629844511980867,-1.019423990830029,-0.8088589770476051,-0.8187785569029137,-0.8714752733952406,0.3999859004410875,0.35816345177194137,-0.9867010539265537,-1.0008777706320262,-1.3454139248320747,-1.1682751537985638,-0.5834316810652657,-0.6978204799894856,-1.6291722192853695,-1.5305383422376386,-0.8156747633973614,-1.0140441103793345,-0.9776833168878046,-0.9524166174550193,-0.8518541783932637,-0.4263856585817867
0.7373107620996631,1.1813713404530506,0.9270252379404825,0.6715857041502927,-0.8439678114812955,-0.6449203099069384,1.7025468842038034,-0.8886340164414217,0.1210971592968739,0.593820094467621,0.8503932593056935,0.4505968309935273,0.6606895231713841,1.5997649537461216,1.6478964141438952,1.8765678862088615,1.896453497313665,1.7834306872054368,1.7987368170938351,1.7005898633617944,1.507131385540962,1.5207003245991892,1.4299082675152326,1.444704154959955,1.4039708855563837,1.464179345449375,1.5808203327839616,1.4595715027136196,1.2967990785667203,1.2024645592998306,1.1826036824895043,1.2152815832191808,1.3286111214928322,1.3389865224869852,1.3491959966991443,1.3546356444358212,1.3341473402519113,1.4054643524873605,1.435010043013213,1.3080403828142178,1.3250885596579929,1.3444963003045747,1.393620593047522,-0.3583277641823712,-0.48045164036546517,2.778277322109408,2.6478826484777316,1.293514668233462,2.2682184522521154,2.265531512227506,2.35146545133967,1.9759759949572242,2.2283789117322144,1.7885438996581762,2.719400162335157,0.9867925414231205,1.2782351281847073,1.5798061886372012,2.2896202674599917,1.0647664517888156,1.7563358212099238,0.740075720283509,1.3885337076172057,0.6992785639404732,1.4507637096616353,1.9523339918853433,1.7041795289684978,0.3019560151498325,1.0322787952794639,-0.34330473747987195,-0.4581263240423058,1.8546762651456226,1.2091163801001168,-0.15151686628094518,0.22741230949823987,0.9298406352849957,2.1055597821654812,-0.4155578745495396,0.2121597859646378,0.3873629438862778,1.474185722842462,0.8562751329267357,1.3117637396404196,1.5974564736375032,2.019992231560649,1.2636630641704931,1.694934244342936,1.3922994730508425,1.607616054778548,0.7348222224796406,2.4960085312505873,1.265723327554297,1.6960943429550006,0.42796552088653844,0.9827905754681625,0.18966285557618737,0.3118849231920165,1.8138396291715957,1.799361908633732,0.8440536057756274,0.7050629096313253,0.3999859004410875,1.582653885180288,0.9466028978889,0.36784396698441996,0.5749815730970766,1.3988587921586493,-0.5834316810652657,-0.6978204799894856,0.564130313112277,0.6918082692394383,1.2624775000354067,2.566439507605706,0.7663357438673452,1.4104010663869393,0.9094639591418064,1.6591963670899963
-0.5205907671037996,0.3728483766065781,2.684194974335079,-1.4524473177149693,2.2024430588495747,2.0820665861309378,0.03218376910777072,2.5680850822315318,1.1632057292745959,0.7691175393289112,0.7880853954778034,2.545485655537594,0.8219316276671459,-0.9091533774679064,-0.6320315464830855,-0.3329434625849033,-0.06819435723479596,0.37211830138549795,0.49827460953289904,0.6777201322448204,0.5593457137695186,0.5927963894578071,0.7648924205350895,0.7834984754196616,-1.7088338659828153,-1.6470912781680607,-1.5940608916773746,-1.568959095800192,-1.5212861963539286,-1.4938831332336584,-1.4737880399678427,-1.4471937015147582,-1.406227602868033,-1.391930416946255,-1.3523601043672284,-1.311415994991706,-1.2860516235623944,-1.2560439021424161,-1.2292627426516685,-1.185072812616972,-1.1720632643261866,-1.1688637113934741,-1.1609398009922343,-0.26471868243232327,-0.12145913199774522,1.8622988108019585,0.8816463070806899,-0.1342704800396569,0.5067340121791343,-0.1127295755611839,0.6770224048533592,-0.023191784491809798,0.8867817493585506,0.754205258892002,0.9705897685504902,-0.033323800502917125,0.1904911620664584,-0.11241655272278846,0.7038014806308417,-0.33426395309722357,0.33477708287732666,-0.45250601200673046,0.1716958252079465,-0.4472676960045559,-0.3105634150837888,-0.236824367519505,0.31681719539368564,-0.532825193039769,-0.043852343922479255,0.4668539350389998,2.570808049791121,-0.17625589848665868,-0.020754063739798538,-0.061861915818847465,0.22741230949823987,-0.16288431253431632,0.4635310324669743,0.19979853385329555,1.126641622019111,0.07370873831034433,1.055680194711174,-0.5844626936695849,0.11987636481424761,0.054020267224456624,1.000070087773828,-0.9211599300729225,-0.8008931993384844,-0.34824352553001503,0.28199118354573083,-0.4873972956406542,-0.5396235438821483,-0.06236772930691787,0.5977415970037135,-0.06679230672795687,0.4450118748015893,-0.34459870942715737,-0.4629844511980867,-0.043522077273913856,0.6194524603493177,0.44497388673277755,0.5298920004061514,-0.1063253659400359,0.35816345177194137,-0.7718895037248367,-0.48760711902585885,0.01907761317021711,0.8946003384884824,-0.5834316810652657,-0.6978204799894856,-0.5110179870826477,0.28026260044738704,-0.17624329772574054,0.5204488687571113,-0.4498880748171672,0.05303771609475033,0.2856637854314691,0.9640023585327352
0.1047864136081492,-0.024785867908080444,-0.28330268289196886,0.6715857041502927,0.6165173998832099,0.5604599824754243,0.9401363612605541,1.0049956616073297,-0.3161841738381747,0.593820094467621,0.22693432611648642,-0.3598316572648731,0.6606895231713841,0.7264000527022251,0.6808557914042133,0.6456585935475166,0.47377746470960713,0.4008588537226671,0.3042830095099969,0.329760595985516,0.533259869592323,0.5052582823689975,0.5526292978996619,0.7405916176791101,0.8304472703755312,0.6915610054267298,0.7280040346857144,0.8349872745055326,0.9316193241149001,0.9145428720740325,0.9721298086768564,0.9745308810752077,1.011541926021446,0.9476661073852709,1.0742145533145657,1.2199505331766856,1.2275420696999508,1.275783276640455,1.253708265634851,1.2299980507353918,1.2602384111093312,1.2226109485667094,1.2986369384746153,-0.3583277641823712,-0.48045164036546517,-0.19865283963980318,-0.2958445871840044,-0.0560356773945545,0.21998073123702105,1.885009738181316,0.7414240604874481,0.7246983200502749,0.27188304993728785,0.40942571196994393,0.09618457165815668,0.2727111020748942,0.08171676545463352,0.37845721958010936,0.0996800380292607,0.3038902666753557,0.6707818755741224,0.7850788045208765,0.4637369169861687,-0.17209659361774893,0.2074739745472183,0.979374721038744,0.685335315249495,1.1889110488512842,0.17137388391790936,-0.34330473747987195,-0.4581263240423058,0.8392101833294819,-0.020754063739798538,1.1933073906505207,0.6777337144452497,1.2030218722398238,1.1477096781746856,0.04595943175258676,-0.15363294845715147,0.23053584109831107,0.21866913844859798,0.6533543122793667,0.3949272974664412,0.47203423979465675,0.31526521980267647,-0.40708393142741295,-0.2660730328353228,0.3398781250717194,0.11628807464162869,0.2578585080912329,0.5787672206404386,0.3771444190068654,0.13872850914347423,1.2937917192119053,1.7894586264680223,-0.34459870942715737,-0.4629844511980867,-0.1379641979406347,-0.1878540042663343,1.9747794763970352,0.8802338188564993,0.3999859004410875,1.582653885180288,1.018206747956139,0.7100244013885315,0.6760550203565057,0.527866917637452,-0.3222423442705189,0.06796331149417485,-0.2959883270436628,-0.04897393458625401,-0.01638543130783529,0.008951209044962638,-0.01388330962837974,-0.1480531506152036,0.39574616902741094,0.11432079251830517
0.7373107620996631,-0.515201436142826,-2.1227066435308184,0.6715857041502927,-0.8574078594386375,-0.9871887879908191,1.7907580300505275,-0.8328043474260606,0.1210971592968739,0.7691175393289112,0.48423840520599637,-0.6893465371062008,0.8219316276671459,1.7269873999611773,1.8301310294332163,1.8459409962255815,1.7398838598630597,1.7017470121419034,1.6363586630005913,1.6388762852327856,1.6723417319965348,1.6665971697472053,1.58571843200294,1.3016812958247834,1.3666598696988932,1.4589800295676614,1.4310425599996817,1.5870991505953351,1.5497672642651508,1.4991406221507377,1.493989687582189,1.5479725141346712,1.3660234159437332,1.3630393139589583,1.3300747705035278,1.4001253177749995,1.4248939755151506,1.4768324613427044,1.4557302461421688,1.3784481389288108,1.4514200178696715,1.3100321663649024,1.332797726522766,5.632653467820701,0.3571975458258814,-0.4276474674666656,-0.2958445871840044,-0.3885335886362397,-0.14870205854569596,-0.7786426801420172,-0.28900242965797385,-0.33960682872115333,-0.3150657086011902,-0.2801333818741722,0.09618457165815668,0.4767343704601017,0.1904911620664584,-0.2674293229237035,-0.30306759037179326,-0.5797078837789847,-0.5440046826373698,-0.33999830141331167,-0.022998235977535007,-0.7224387983913629,-0.5177783709361916,-0.06655649512135015,-0.008345851537910934,0.09326071310243213,0.2789869978381037,-0.34330473747987195,-0.4581263240423058,0.9842767664460734,0.594181158180159,0.9243425392642275,0.22741230949823987,-0.2311796217730233,-0.4943190715238215,-0.10787967034812201,0.029263418753743168,1.4851526634020449,0.637174666579886,-0.1989131344395836,0.16571818692294654,-0.4604584682465589,-0.5006724952267807,0.5568085660329175,0.2687471336678387,-0.6046025718326219,-0.5465243609747799,11.049162546128958,0.25922700220541384,-0.21524152002475555,-0.5006111489475735,0.05689715017566696,-0.09276682586498394,-0.34459870942715737,-0.4629844511980867,-0.48425197371861106,-0.9330599716038592,1.442673184339902,1.2305756373068473,-0.1063253659400359,0.35816345177194137,0.2305643972165097,1.2232950529946989,-0.38521617586749896,-0.1597582464582301,-0.061053007475772095,0.06796331149417485,-0.5540239190904447,-1.1189926734455873,-0.17624329772574054,0.5204488687571113,-0.01388330962837974,0.002764999417261852,-0.4115246440094962,-0.6581169947675404
0.7373107620996631,0.06799545581200656,-1.0743613092750586,0.6715857041502927,-0.9022080192964445,-1.0169512643459393,-0.08670892547096007,-0.8917425027936583,0.1210971592968739,0.41852264960633057,-1.012688792436884,-0.29749100432191916,0.33820531417986044,0.48112434558491035,0.26716991290071795,-0.023757716087029934,-0.05916149353572257,0.010592406196896248,-0.10238086313060522,-0.18101774214606667,-0.0716832787074057,0.05706317407429215,-0.08754724749548433,0.06838417974380336,0.11194370786271618,0.14251324831777054,0.16353542160754359,0.10898342081671099,0.1628716469535216,0.1461032338700439,0.26478382179964677,0.3176795559343676,0.36150330993704066,0.3259939585712,0.26839144935644654,0.2566398036411454,0.2989308700159298,0.31144346430239345,0.2945355291236121,0.28161405873400697,0.36918052585629185,0.352601713748154,0.41378920903227306,0.0005070491928127422,-0.0017949625418385616,-0.656642095293528,-0.8845900343163515,0.13955132921820151,-0.4354553394878092,-0.5566716452817394,-0.6110107078284183,0.9404358502066456,-0.20326594507005152,-0.2801333818741722,-0.7782206252341769,-0.3393587030807284,-0.24460642438084115,-0.3061825154739323,-0.45409795102218853,0.16889610480038697,-0.41477207006167915,-0.27249367505726035,-0.5097333889412388,0.10307450876905806,-0.3105634150837888,-0.1152044586636801,-0.5502842630905719,0.40630366617353275,-0.3666916856830622,-0.34330473747987195,-0.4581263240423058,1.9997428482622142,-0.020754063739798538,-0.5997916185914338,-0.44806979792227475,0.1102969244205117,0.05302384504234753,0.4305571870043587,0.39505615317553244,1.1714984578261116,-0.6183419178139781,-0.564170611604848,-0.6135927889249352,0.20675614181741436,-0.07813332137224038,0.9423655650170496,1.694934244342936,0.28590779953432843,-0.025743161561887433,-0.18929497414789936,-0.22008332544712342,0.20516140444929806,-0.2874979295838909,-0.3141712205352045,-0.36165617619827056,-0.34459870942715737,-0.4629844511980867,0.49164993983750416,0.2468494766805552,-0.2866722648457805,-0.17079163649454457,-0.6126366323211593,-0.8663269816364053,-0.05585100305244639,-0.8297875534299703,0.22122450768907514,-0.43480831209650295,0.2001363293189747,1.5995308944614957,0.1340709930343071,-0.04897393458625401,-0.6558168969794562,-0.502546450667186,-0.4498880748171672,-0.7010530340675769,1.6066523885827717,0.4232959074326434
-1.8428168063233483,-1.6683407452353358,-0.3360598311584587,-1.6760297410692073,0.8741183190655996,0.9789948062193002,-0.9853268614924747,1.1773833672185985,-1.212981484165986,-1.6850466887291538,1.9739860959057447,-1.100497986277587,-1.757942044265043,-1.1991288629851056,-1.1680939549618912,-0.8827690589514045,-0.7200660208512585,-0.6080857993769033,-0.5866413757803682,-0.4698898099839797,-0.33378390353541953,-0.18220765196845418,-1.8556538966820786,-1.794213516531932,-1.7088338659828153,-1.6470912781680607,-1.5940608916773746,-1.568959095800192,-1.5212861963539286,-1.4938831332336584,-1.4737880399678427,-1.4471937015147582,-1.406227602868033,-1.391930416946255,-1.3523601043672284,-1.311415994991706,-1.2860516235623944,-1.2560439021424161,-1.2292627426516685,-1.185072812616972,-1.1720632643261866,-1.1688637113934741,-1.1609398009922343,-0.3583277641823712,-0.48045164036546517,-0.656642095293528,-0.8845900343163515,-1.5424969276515001,-1.3776446911547526,-1.2225847498625726,-1.3194289198033957,-1.5045894915655547,-1.3212635803814383,-0.6249129287962303,-0.7782206252341769,-1.0194362643647534,-1.1148015972754401,-1.5075314845310244,-1.4357952952497577,-1.3651284619606208,-1.2418607905460992,-1.1500538176859272,-1.1424890877940534,-0.9517480503803688,-0.9322082826409973,-1.3192415563363467,-1.1789328204916585,-1.1067372736701202,-1.012370369204228,-0.34330473747987195,-0.4581263240423058,-0.6114556478364332,-0.6356892856597561,-0.33082676720514065,-0.6732305003957796,-1.1873139511149213,-1.1784977172315327,-1.1078338340027292,-1.2510111517225193,0.5441900466742445,-0.6183419178139781,-1.1323489094174815,-1.1636946542293223,-1.5054933996720592,-1.4914540063339787,-0.9854194299036112,-0.9791665881728715,-1.6300387570430497,-1.4223836508964627,-0.725879152834858,-1.0189338715346854,-1.428677233847592,-1.5006039475002377,-0.8089290481496999,-0.8994348768648438,-0.34459870942715737,-0.4629844511980867,-1.4601538872747264,-1.3677634525507487,-0.8187785569029137,-0.8714752733952406,-0.6126366323211593,-0.8663269816364053,-0.9867010539265537,-1.0008777706320262,-1.4464873720915037,-1.4433252194368367,-0.5834316810652657,-0.6978204799894856,-1.6721781512931664,-1.612847475996049,-0.8156747633973614,-1.0140441103793345,-1.1153690322105796,-1.0529620508099962,-1.3655719685076593,-1.2760672245962168
0.7373107620996631,1.134980678593007,0.8436341318065013,0.6715857041502927,0.09907555352554002,0.1642470159978884,1.1085123660017668,0.36778566339169927,0.1210971592968739,0.9444149841902016,-0.7973035841429447,0.4194265045220505,0.9831737321629077,0.8192380539942928,0.889694000166428,0.7287887235021335,0.7673455349294921,0.8228911748842566,0.7655519251200086,0.7236770521281247,0.7767277485794827,0.7667054288742422,0.81118384621622,0.8286056848392157,0.9221257664825077,0.9286498096328712,1.0234839946002803,0.9906312542036892,0.9326036361215089,1.0127864207558082,0.991351167015911,1.1309240537277887,1.120037579929059,1.1400884391610548,1.1579837347429804,1.1494861372199192,1.1843713403028757,1.2783943050132116,1.2709751015756474,1.2842883687032707,1.2703449277662655,1.1973932895864614,1.188655864758618,-0.21791414155729924,-0.12145913199774522,-0.19865283963980318,0.29290085994834275,-0.2711813846685861,0.13805122239641726,0.2677921984850065,0.9346290273897147,0.2213107496854102,0.7190821040618426,0.754205258892002,0.9705897685504902,0.40872661433169916,0.7887503434314953,0.3526217578799568,0.6534580270807099,0.5984229834934691,0.7224749206043987,0.20003870943509866,0.9504720699498724,0.42410746155366624,0.5182964083258226,0.2861412405605421,0.6636577787873886,-0.011086937921268072,0.6018263395986866,1.6820919438173076,2.570808049791121,-0.4663890647198417,-0.32822167469977737,0.29675788602954345,0.0022516070247350006,-0.16288431253431632,0.4635310324669743,0.4305571870043587,1.3095379892300056,0.07370873831034433,0.21866913844859798,0.45043349163199753,1.082554629096925,0.3675307466521067,0.6358121792785346,0.2997705667101627,0.9818406890053873,0.0025635904630260387,0.424022419749247,0.019376650897029023,1.2178476575104884,0.02362377797186582,0.515774974171528,0.3042760639829146,0.713901225134876,1.9705347389206698,3.4113624207524293,0.23980428472624862,0.7436534549055718,0.44497388673277755,1.2305756373068473,-0.1063253659400359,0.35816345177194137,0.5885836475527048,1.5654754873988104,0.7265917439862202,0.6195502728502096,-0.5834316810652657,-0.6978204799894856,-0.12396459901247484,0.19795346668897676,-0.6558168969794562,-0.502546450667186,0.4450690747808702,0.9076738996120545,-0.08127749322167055,0.19156457124688972
0.7373107620996631,0.5849199736810627,-0.1451461266392719,0.6715857041502927,-0.7610875157443526,-1.0987980743225194,0.10724632482828364,-0.8303540359910958,0.1210971592968739,0.593820094467621,0.49500766562069315,0.049835490645966665,0.6606895231713841,0.5269702721488945,0.449404528190039,0.3875176636884431,0.3247352136748963,0.431112066709161,0.4407956169335206,0.3875350095530986,0.4400961403880526,0.3803705829222957,0.2760098029758333,0.3093226885945925,0.3400739191056575,0.3244893041777476,0.30516202308383555,0.27868556642308834,0.32233019202412766,0.37468970852566075,0.21961362970286843,0.23521770126300673,0.1407707726767246,0.22145682640454817,0.15548516134423546,0.2914260244299288,0.3297671052995547,0.34277580477547126,0.37827968343647456,0.4122501363442156,0.3464408633781897,0.39883408854527536,0.41045644922269736,-0.2803201960573313,-0.12145913199774522,0.03034178818705923,0.29290085994834275,0.7263123490564696,0.62962827544004,0.8702850073914747,0.4194157823170037,2.0622710070197723,1.0544813946552587,-0.2801333818741722,0.09618457165815668,0.44273049239590045,0.13610396376054595,1.0372614929339985,0.8548318412812369,0.5984229834934691,0.4898562179681554,0.5600633833340389,0.2690428558006872,0.3782456111558651,0.10386649662101688,1.3077484749494712,0.6203027058631757,0.40630366617353275,0.06376076999771506,-0.34330473747987195,-0.4581263240423058,-0.6114556478364332,-0.6356892856597561,-0.6894465690535315,-0.6732305003957796,1.5444984184333588,1.8318883238823969,0.19979853385329555,0.2121597859646378,0.3873629438862778,-0.19983638968269005,0.30838891717883915,0.0740345427055487,1.3321783756602608,1.000070087773828,0.4282895663715401,0.09047374483345154,1.365314310282147,0.7791005102580373,-0.3383461348942768,-0.060313216229611,1.3039417752337563,0.9092147637660188,-0.43786067743882834,-0.6305455265315572,0.723924420579532,0.3118849231920165,0.46016923294859724,0.6194524603493177,0.0458941676899277,0.004379272730629412,0.906297166822211,0.35816345177194137,0.01575284701479263,0.025663532580308426,0.8276651912456492,0.98628369370124,-0.061053007475772095,0.06796331149417485,1.8973142053539835,1.26797220554831,1.7420510992891225,0.5204488687571113,0.6057024093241077,0.15358314944972729,1.5699582607174576,1.4274650309042425
0.7373107620996631,0.5451565492295969,-0.21662421761125558,0.6715857041502927,-0.7319674118367782,-0.7156061912503485,1.216789560791101,-0.8650502044401027,0.1210971592968739,0.9444149841902016,-0.9157654487046113,0.023118067956129387,0.9831737321629077,1.318958653541719,1.4284167679925233,1.4273734997874228,1.4267445849618492,1.437031398510082,1.323098153333979,1.1924376349378292,1.0785782312013186,1.0584991191702744,0.8823145734823474,0.9606267855793742,0.9892855950259904,0.9608855680994958,0.9501234528283881,0.9725564694645485,1.0044584126039424,1.0332132972143953,1.1230174716384351,1.00012249114563,1.0311833806081692,1.0503530248233095,1.1124570057057985,1.0299642504071762,1.0698367521065544,1.0155507821557255,0.9800289159732284,1.1019068317799274,1.1718063903611564,1.2074803531785605,1.157827836520043,0.2657327808179487,0.23753337636997476,0.25933641601392166,0.8816463070806899,-0.0560356773945545,0.21998073123702105,0.5531835290196494,0.6770224048533592,-0.12386929856478274,-0.2871157677184055,-0.6249129287962303,-0.7782206252341769,0.10269171175388789,0.516814351901933,1.3860402258860576,0.4772559396552488,-0.23608638082451905,-0.02707423233460718,-0.06997979598910649,-0.07167175127390538,0.1947982095646604,0.2074739745472183,0.33478920410287205,0.44688241416632424,0.04108688759058203,0.4942132256784923,4.922726633892795,2.570808049791121,0.11387726774652436,0.594181158180159,0.11744798510534799,0.22741230949823987,0.0420016151818047,0.32669530332543206,-0.4155578745495396,-0.15363294845715147,-0.3967725700535559,-0.6183419178139781,0.47072557369673446,0.6241364080099358,-0.3479162448622743,-0.03442237235280518,-0.40708393142741295,-0.44434642166970995,0.12399682292215564,-0.19144627046598958,2.8811589372274757,1.8569280943805377,0.6064551050836219,0.2043018074092227,0.18058660707929078,0.713901225134876,12.299591662318667,2.636493046362326,-0.7675783357187735,-0.12575350698820725,5.566496947782683,1.4057465465320214,-0.1063253659400359,0.35816345177194137,0.3021682472837487,0.7100244013885315,0.7771284676159347,0.757075305669346,-0.061053007475772095,0.06796331149417485,-0.03795273499688086,-0.13128306834466427,-0.01638543130783529,1.03194652846926,0.032011928812545255,-0.04750771726022663,-0.007889237491042627,0.11432079251830517
0.7373107620996631,0.4523752255095098,-0.38340642987921747,0.6715857041502927,-1.204609098336641,-0.9890489427630141,0.17047424637269784,-1.1932173284126117,0.1210971592968739,0.41852264960633057,-0.24807130299339844,-0.03922258498682451,0.49944741867562226,0.46737056761571516,0.37624464613958164,0.4239782470018716,0.28709828159542383,0.2511054494395225,0.3976863724839868,0.37046529645358556,0.29227635671727703,0.2799935534604607,0.32230122865696376,0.36103095305115457,0.31875333861566296,0.3827216420529402,0.37342808278823525,0.3158392906091,0.31839294399769297,0.41943429505399427,0.38107303975092716,0.37265412571527484,0.3951743749428516,0.4203549097304786,0.40224003272576125,0.37616169045388836,0.4892344934805868,0.4019591145579516,0.4205834314914257,0.3622012494675772,0.4289774160764864,0.37109466366700256,0.4162887788894548,-0.3583277641823712,-0.48045164036546517,3.92325046124372,1.470391754213037,0.3155796351696819,0.5067340121791343,0.9971255987402049,0.7414240604874481,0.6096383039668772,0.6352322814134885,0.06464616504788588,0.09618457165815668,0.4767343704601017,0.08171676545463352,0.507634528080872,0.3010538522297877,1.3961157582091932,1.0067866682709181,1.2351096468945517,0.9991455852462428,1.3872063199074907,0.9327263200306283,1.149642593436899,0.6636577787873886,1.084563397827584,0.386600111758298,-0.34330473747987195,-0.4581263240423058,-0.6114556478364332,-0.6356892856597561,0.8346875888021298,0.6777337144452497,-0.2994749310117303,-0.4943190715238215,1.276672248558257,1.126641622019111,0.857844252250178,1.474185722842462,1.0186117894446312,0.8991873406621294,0.7775059889805722,0.44639806686098205,-0.21430543193534685,-0.44434642166970995,0.5557594272212831,0.2583193108451448,0.10880734734485548,0.7385373298579511,0.23382524020889262,-0.0415980610873341,1.4174811761155293,-0.09276682586498394,-0.1665115210927091,0.3118849231920165,1.0268219569489223,0.4952514657930635,-0.6192386973814887,-0.6963043641700666,0.3999859004410875,0.35816345177194137,1.7342452486285291,1.9076559218029219,0.6255182967267912,0.25281685199917914,-0.5834316810652657,-0.6978204799894856,-0.2959883270436628,-0.4605196033783053,-0.495959030561551,0.008951209044962638,1.0417071745128952,0.5557648828696351,-0.26474813254824037,-0.04016676493886393
0.7373107620996631,0.0017230817262301268,-1.1934914608950313,0.6715857041502927,-1.2202891542868735,-1.1006582290947144,0.8303194448939397,-1.2121163986478412,0.1210971592968739,0.24322520474504025,-0.6896109799959748,-0.3420200421383149,0.33820531417986044,1.040444649665516,1.08922095121313,1.1750662632584978,1.063924559715735,0.850119066572101,0.8661401621689208,0.9455833224217943,0.8934929558488348,0.7912160988591089,0.7400531189500926,0.7526935519136246,0.7632874418320486,0.800746638942716,0.7361552059937024,0.7747379920417299,0.7121177466411647,0.7705820284611333,0.7789551573693576,0.8238247328827205,0.7795857004258596,0.8107502174678863,0.8292807510945273,0.7659457541641023,0.8020020227859259,0.8675925076995247,0.8375775194616583,0.8406346765595102,0.8231315656969235,0.827534291209491,0.7828923579427793,-0.17110960068227526,-0.0017949625418385616,-0.19865283963980318,-0.2958445871840044,0.804547151701572,-0.10773730412539408,2.741183729785244,0.6770224048533592,-1.0155844232111146,-0.9020144671396683,-0.6249129287962303,-0.7782206252341769,0.23870722401069291,-0.13583202776901626,0.18469125682896548,0.02416485770406308,1.1261274344592558,-0.10461379988002156,0.4475556727406201,-0.16901878186664612,-0.8600243495847664,-0.7249933267885945,-0.005746540693437685,-0.160088606772656,-0.42847754201606886,-0.25907857176286786,-0.34330473747987195,-0.4581263240423058,-0.6114556478364332,-0.6356892856597561,1.731237093423107,1.5783765243392691,0.4517734706140467,0.32669530332543206,0.4305571870043587,-0.15363294845715147,-0.08311836447762241,-0.6183419178139781,-0.30037354476326816,-0.38438367838144055,0.4479180490694529,-0.35496933182866336,-0.40708393142741295,-0.2660730328353228,-0.3752286882987105,-0.7358993425794681,-0.45758706349137873,-0.5396235438821483,-0.10058617698637728,-0.435037850681825,5.00447542632062,1.7894586264680223,-0.34459870942715737,-0.4629844511980867,-0.7990590426076805,-0.4983564906569697,0.11240745419706934,0.004379272730629412,-0.6126366323211593,-0.8663269816364053,0.2305643972165097,0.025663532580308426,-0.43575289949721346,-0.6181750225220182,-0.4528370126678923,-0.31492858424765535,-0.7260476471216326,-0.6251378708951258,-0.33610116414364577,-0.502546450667186,0.05495954803300775,0.05303771609475033,2.2671466901584227,0.19156457124688972
0.7373107620996631,0.4656297003266651,-0.3595803995552229,0.6715857041502927,-1.0388485068627555,-0.7286272746557135,-1.0274788091887506,-1.0152836458107406,0.1210971592968739,-0.2826671298388308,1.3457792383817546,-0.030316777423545417,-0.14552099930742501,-0.4896631494074522,-0.7264743033118577,-1.0198608522098955,-1.16869825123857,-1.0739852793689089,-1.0407254173154576,-0.8322929496351797,-0.7374933967539243,-0.6584149545315785,-0.5899785750101935,-0.5147090151918965,-0.493560778053128,-0.5333978163050013,-0.4213111197405973,-0.4011271707101512,-0.39031170076055616,-0.35581430196952335,-0.36567673172134446,-0.3979376886274423,-0.33062413740462837,-0.29567819024287095,-0.29796105986609606,-0.25801787315700886,-0.2596455062645914,-0.2603717493312767,-0.2528231701996332,-0.19172965104843737,-0.22626174718141975,-0.19798384065392688,-0.16277823802431907,-0.3271247369323552,-0.36078747090955854,-0.656642095293528,-0.8845900343163515,0.6089601450888159,-0.27159632180660165,-0.5566716452817394,-0.7398140190965959,1.357528408508962,1.0544813946552587,-0.2801333818741722,0.09618457165815668,-0.47537421533753343,-0.5709296142163158,1.1922742631349137,0.829660114506171,-0.49380250804036835,-0.6732372952130604,-1.0150445649738247,-1.0451420572013128,-0.9517480503803688,-0.9322082826409973,-0.6381700667437272,-0.7237045547874233,-0.6893466695753193,-0.7971441413638395,-0.34330473747987195,-0.4581263240423058,-0.6114556478364332,-0.6356892856597561,-0.6894465690535315,-0.6732305003957796,0.9298406352849957,0.874038219891601,0.19979853385329555,0.7608488875973217,-0.3967725700535559,-0.6183419178139781,-0.8279676784464278,-0.8428018994684298,1.9672380647572956,1.0874919858126983,-0.599862430919479,-0.44434642166970995,1.5946881938160584,1.2051942188685856,-0.725879152834858,-1.0189338715346854,1.5428070732303776,1.0075747111646416,-0.43786067743882834,-0.6305455265315572,-0.34459870942715737,-0.4629844511980867,0.6490534742820389,0.43315096851493645,-0.6192386973814887,-0.6963043641700666,-0.1063253659400359,0.35816345177194137,-0.5570779535231195,-0.8297875534299703,2.01527819654394,0.98628369370124,-0.3222423442705189,-0.31492858424765535,0.43511251708888604,0.8564265367562588,-0.495959030561551,0.008951209044962638,-1.1153690322105796,-1.0529620508099962,0.46913442475803885,-0.11741054366744849
0.7373107620996631,0.9030273692927896,0.4266786011365974,0.6715857041502927,-1.1665289624575053,-0.9406849186859441,-0.00033551182937625396,-1.1166144926369526,0.1210971592968739,0.7691175393289112,-0.969611750778096,0.26357487216466563,0.8219316276671459,0.4410091598414243,0.3988577005915412,0.35397392704008895,0.21483537200283676,0.13916856138949518,0.15627460356659756,0.08815850288471597,0.11091763053296412,0.13759823259599702,0.15858765002857542,0.14539648850889578,0.2206786683616882,0.28809409300575217,0.306180919497334,0.247556770483457,0.20519706323769482,0.14804865067562362,0.15329994343313003,0.15654719623170843,0.23336620144270465,0.19000317601812197,0.24198594651488103,0.30837315763472073,0.3421015994130047,0.31144346430239345,0.32388915022296594,0.3630495356858253,0.3624428480850023,0.4021964430759751,0.41878834874663656,0.21892823994292473,-0.12145913199774522,-0.4276474674666656,-0.2958445871840044,0.13955132921820151,0.5886635210197381,-0.04930927988681884,0.16180915978064825,0.8109933321128232,0.8867817493585506,-0.2801333818741722,0.09618457165815668,-0.1353354346955209,-0.08144482946310382,0.5205522589309481,0.6534580270807099,-0.11336441548363843,0.3606236053924648,0.20003870943509866,0.6097574628752798,-0.5848532471979594,-0.2069559371575874,-0.28547233106183495,0.056686757848408376,0.6671727937327833,0.4942132256784923,-0.34330473747987195,-0.4581263240423058,0.8392101833294819,0.9016487691401379,0.20710293556744572,0.0022516070247350006,1.6127937276720656,0.6003667616085165,-0.2617187724488308,0.2121597859646378,0.07370873831034433,1.474185722842462,0.4910176557614714,0.5324527637925379,0.23891106278435284,0.7669450263368403,-0.15004593210465816,0.09047374483345154,-0.2942731999926241,0.447694292449833,0.3472892045390593,0.5787672206404386,0.5491274335644328,0.6633148952694621,-0.3141712205352045,-0.09276682586498394,-0.34459870942715737,-0.4629844511980867,1.184225491393457,1.0541559412962072,0.7775403192684858,0.3547210911809774,0.3999859004410875,1.582653885180288,-0.6286818035903585,-0.3165169018238031,-0.4104845376823562,0.25281685199917914,-0.4528370126678923,-0.31492858424765535,-0.12396459901247484,0.03333519917215625,-0.6558168969794562,-0.502546450667186,0.032011928812545255,0.002764999417261852,0.13888727397021322,0.655027243618397
-1.213866041721617,-1.0387531914204597,0.2652431752011849,-2.0114033761005645,0.2827562089425484,0.4879139463598191,-1.5466629913598118,0.5221596329399367,1.2822396823108444,-1.5097492438678632,0.8772740116793863,1.2743840305968466,-1.4354578352735194,-1.2392440487285916,-1.2971213833054251,-1.352381372028363,-1.40054175284812,-1.1934854706655598,-0.773448101728348,-2.2346355335028667,-2.0902307447999293,-1.9294682694610943,-1.8556538966820786,-1.794213516531932,-1.7088338659828153,-1.6470912781680607,-1.5940608916773746,-1.568959095800192,-1.5212861963539286,-1.4938831332336584,-1.4737880399678427,-1.4471937015147582,-1.406227602868033,-1.391930416946255,-1.3523601043672284,-1.311415994991706,-1.2860516235623944,-1.2560439021424161,-1.2292627426516685,-1.185072812616972,-1.1720632643261866,-1.1688637113934741,-1.1609398009922343,-0.3427262505573632,-0.36078747090955854,-0.656642095293528,-0.8845900343163515,-1.2099990164098149,-1.1728209190532433,-1.2860050455369378,-1.3194289198033957,-1.2744694593987593,-1.2933136394986537,-0.6249129287962303,-0.7782206252341769,-1.2574634108141622,-1.1148015972754401,-1.442942830280643,-1.4357952952497577,-1.2055899070174758,-1.190167745515823,-0.7675276016683031,-0.7044274501267203,-0.9517480503803688,-0.9322082826409973,-1.4043754925354242,-1.2222878934158714,-1.1589110991819702,-1.1199834831244224,-0.34330473747987195,-0.4581263240423058,-0.6114556478364332,-0.6356892856597561,-0.6894465690535315,-0.6732305003957796,-1.3921998788310423,-1.4521691755146173,-1.1847533850530834,-1.2510111517225193,-0.8672538784174562,-1.0368474459452661,-0.6859231039932695,-0.705276433142333,-1.256292762178286,-1.200047679537744,-0.9211599300729225,-0.8008931993384844,0.04304133461606924,0.11628807464162869,-0.725879152834858,-1.0189338715346854,-1.361794950408538,-1.3366707018358666,-0.8089290481496999,-0.8994348768648438,-0.34459870942715737,-0.4629844511980867,-0.9564625770522152,-0.8088589770476051,-0.752265270395772,-0.8714752733952406,-0.6126366323211593,-0.8663269816364053,-0.7002856536575975,-0.48760711902585885,-1.3201455630172174,-1.2141168314049426,-0.5834316810652657,-0.6978204799894856,-0.2959883270436628,-0.04897393458625401,-0.8156747633973614,-1.0140441103793345,-0.7252595054627172,-0.9021439007775308,-1.0353248177198335,-0.8126045522247095
0.7373107620996631,0.19391296657498178,-0.8480140211971104,0.6715857041502927,-0.6378870761353836,-0.44402359450987794,-0.29943884532541853,-0.8915374994204128,0.1210971592968739,0.7691175393289112,0.7103928739146329,-0.21288583247076756,0.6606895231713841,0.13613374819093027,-0.08399752094147744,-0.2002269393240237,-0.3858500639855433,-0.30706633016128937,-0.3653472542727614,-0.21909633290651884,-0.15242517735110667,-0.16936872959542876,-0.05480453176980665,-0.05923621763834981,-0.019177862150750076,0.04268638338886885,0.044324541228218696,0.03166350832149763,0.0447542061604801,0.03618718435478983,0.06007635548871518,0.13190342357130172,0.08839356044546316,0.10119286904468326,0.16732211089390275,0.22006967409396289,0.1614893641803441,0.12954182100035833,0.1399973474534845,0.18999914716321126,0.21252951767381043,0.31981875707383167,0.4196215386990305,-0.3427262505573632,-0.48045164036546517,-0.19865283963980318,0.29290085994834275,2.075862694684486,1.0802405740633607,0.36292264199655416,-0.03139580712161837,1.3719109105193867,0.5793323996479193,0.40942571196994393,0.9705897685504902,0.40872661433169916,0.08171676545463352,1.2310274556851424,0.4017407593300512,1.4329323478114573,0.5415492629984316,0.9425895993516629,0.36638988639342795,-0.3555439952089536,-0.10334845923138597,0.7239729124415117,0.4902374870905371,-0.06326076343311818,-0.043852343922479255,-0.34330473747987195,-0.4581263240423058,0.549077017096299,-0.020754063739798538,-0.5997916185914338,-0.44806979792227475,-0.7092467864439723,-1.0416619880899904,-0.49247742559989394,-0.3365293156680461,-0.08311836447762241,0.21866913844859798,1.282408856286211,0.4407691195751401,1.4929529804949533,0.3735464851619234,0.9423655650170496,0.09047374483345154,0.258922636765633,-0.04941503426247345,0.2578585080912329,0.09945689298790142,0.8357657911603784,0.07315521087772574,-0.5615501343424522,-0.36165617619827056,-0.34459870942715737,-0.4629844511980867,1.5619939740603404,0.8057539521836989,-0.22015897833863887,-0.5211334549448926,0.906297166822211,0.35816345177194137,1.949056798830246,0.5389341841864758,1.4341058748022233,0.5737085952438308,2.1590563552795756,0.8337471029778354,1.5532667492916077,0.44488086796420756,0.3033303015279752,0.008951209044962638,-0.17451664417161722,-0.1480531506152036,2.0469819229665394,1.195733694718489
0.7373107620996631,0.3861028514237334,-0.5025365814991897,0.6715857041502927,-0.7252473878581072,-0.7565295962386386,0.5539642559912537,-0.861347451836988,0.1210971592968739,0.24322520474504025,-0.2373020425787017,-0.08375162280322022,0.17696320968409862,0.8410148691121853,0.7633269311701834,0.6325327835546823,0.5385129878862996,0.6338085937186699,0.7583670510450863,0.6265109929462812,0.5146271237514689,0.6616597003676706,0.5323062329664826,0.5931680551859332,0.52449694034411,0.6770029209579316,0.5761884690744374,0.5899735258194019,0.6284512260794269,0.4009528354009869,0.5473377893837496,0.5631694451284189,0.6561251287378863,0.6525568581714486,0.6644739919799288,0.6134215553209751,0.5473828228725653,0.5795090439053925,0.6856293631826501,0.7956755069923604,0.7911275962832982,0.8090413412906425,0.7920574474191124,-0.06189900530721926,-0.36078747090955854,0.25933641601392166,0.8816463070806899,0.4720492404598867,-0.23063156738629975,1.2825169292748477,0.290612471048826,0.2213107496854102,-0.0076163588905588464,-0.2801333818741722,0.09618457165815668,0.03468395562548539,-0.13583202776901626,0.9597551078335409,0.7289732074059075,0.8315947176411423,0.12800490275622162,0.5600633833340389,0.36638988639342795,0.5616930127470697,-0.3105634150837888,0.05506341373447477,-0.008345851537910934,1.2410848743631344,0.17137388391790936,-0.34330473747987195,-0.4581263240423058,-0.4663890647198417,-0.32822167469977737,-0.6894465690535315,-0.6732305003957796,0.5883640890914608,0.1898595741838898,0.892074493306485,1.675330723651795,-0.8672538784174562,-1.0368474459452661,1.0997801177035786,0.4407691195751401,0.7855447192223068,0.4755386995406055,0.3640300665408514,-0.08779964400093564,1.1224478453638878,0.6844130194556932,0.10880734734485548,0.09945689298790142,0.6064551050836219,0.22069513197565982,0.42796552088653844,-0.09276682586498394,-0.34459870942715737,-0.4629844511980867,0.42868852605969027,-0.06365300971008017,-0.4862121243672054,-0.5211334549448926,-0.6126366323211593,-0.8663269816364053,3.5243415003095047,1.3943852701967545,0.6002499349119339,0.39034188481831555,-0.061053007475772095,-0.6978204799894856,0.779159973151262,0.6918082692394383,1.2624775000354067,0.008951209044962638,0.28443574023763274,0.2038558661272158,0.6892991919499226,0.03707701378972062
0.7373107620996631,0.5584110240467521,-0.19279818728726103,0.6715857041502927,-0.4474863967397043,-0.6244586074127934,0.5356862708158061,-0.5908577516447617,0.1210971592968739,0.9444149841902016,0.25808393649735983,0.03202387551940848,0.9831737321629077,0.815799609501994,0.6835161507515026,0.7112876435116878,0.6318525794433913,0.5188463843699932,0.5054594836078213,0.4820749590273247,0.3680495231367502,0.36869883531045444,0.36972171350104865,0.25651424829852915,0.49678018570711713,0.6239698989644527,0.6536245965003237,0.6763308306841856,0.5004906652202986,0.5595043050557339,0.6722766185876045,0.6484748120298267,0.5588531631655436,0.648856428714222,0.6799530798525707,0.6749664074857457,0.7103743522288688,0.7318190323161875,0.7469266307724772,0.7498680512069626,0.7902853865618871,0.8409837093322899,0.8328837550864144,0.5153569988180767,3.1094734433117344,0.03034178818705923,0.29290085994834275,0.7263123490564696,0.4657692577588324,0.9337053030658398,0.8702273717556258,0.9404358502066456,0.94268163112412,0.40942571196994393,0.9705897685504902,2.3129437859269695,1.2238479298787948,1.3989579567361337,1.0058622019316321,0.6352395730957333,0.6190888305438461,0.6725710939274577,0.5124104322825391,1.662377422294298,0.7255113641782254,0.7604588850982592,0.46855995062843064,0.6149989682209331,0.4942132256784923,0.4668539350389998,2.570808049791121,0.549077017096299,0.2867135472201803,0.6553776878779344,0.22741230949823987,1.4079077999559448,0.874038219891601,1.1228331464575483,0.9437452548082164,0.3873629438862778,0.21866913844859798,0.8562751329267357,0.5324527637925379,0.9784742450239376,0.664952811958158,1.5207010634932479,0.9818406890053873,0.4882965202995444,0.471366165150419,0.943493847524569,1.3776177667280005,1.647907804348891,0.9092147637660188,0.5516549777901623,0.17612252446830268,0.3677500439106356,0.3118849231920165,2.2860502325052003,1.1162564385743343,0.178920740704211,0.5298920004061514,-0.6126366323211593,-0.8663269816364053,0.08735669708203166,0.025663532580308426,0.8782019148753637,0.7112336280629672,0.2001363293189747,0.8337471029778354,0.6501421771278709,0.6918082692394383,1.422335366453312,0.5204488687571113,0.4450690747808702,0.4049467328371697,1.0195463427377482,0.655027243618397
0.7373107620996631,0.24030362843502526,-0.7646229150631298,0.6715857041502927,0.7150777515703851,0.6571880306295644,0.010641212963487648,0.7403968486919225,0.1210971592968739,0.9444149841902016,-1.066535094510369,-0.18171550599929048,0.9831737321629077,0.013495894632272912,-0.2542605191679964,-0.45690944585056004,-0.3948829276846167,-0.3932879871727969,-0.4027085994623574,-0.4410026032001884,-0.2530420048917186,-0.11684586534214297,0.07503727196994962,0.03207837704025978,0.1577829559162044,0.1737091436080523,0.15436535388605704,0.18730748801965438,0.24358523149543332,0.35231741526149396,0.37722876808311623,0.4257330206761508,0.5083465656568272,0.5896495573985961,0.6061997788123361,0.437706542618659,0.4716137876042297,0.5090112778409674,0.533681206903642,0.6769154364376253,0.6942734783210114,0.6980836417775513,0.8237186656100813,1.5762599253186207,2.2718242571203877,-0.19865283963980318,0.29290085994834275,0.4720492404598867,0.17901597681671916,0.17266175497345893,0.0330058485124705,0.2213107496854102,-0.17531600418726687,-0.6249129287962303,-0.7782206252341769,0.8167731511021142,0.2992655586782833,0.40429268128026186,-0.07652204939620041,1.3102103824705766,0.6966283980892605,2.0451651631671672,0.7071044934680205,0.7910022647360756,0.8291188421044269,0.7847828668694242,0.33849473185579204,1.032389572315734,0.386600111758298,3.3024092888550514,2.570808049791121,-0.32132248160325017,-0.020754063739798538,-0.061861915818847465,0.0022516070247350006,-0.0262936940569023,0.05302384504234753,0.12287898280294114,0.029263418753743168,-0.5535996728415227,-0.6183419178139781,0.7751068046677881,0.2574018311403444,0.16656249060874126,-0.23840680111016946,-0.08578643227396945,0.2687471336678387,0.6502074969117172,-0.12043065236423152,0.19823804379268192,0.4189971114229262,0.10961528525064951,-0.17274465761883107,-0.5615501343424522,-0.36165617619827056,0.18966285557618737,1.0867542975821196,-0.0750027841628208,-0.0015525124319530886,-0.6857519838886303,-0.6963043641700666,0.3999859004410875,1.582653885180288,0.01575284701479263,0.025663532580308426,0.9540070003199355,0.34450020721193675,-0.061053007475772095,-0.31492858424765535,0.22008285704990108,-0.29590133586148476,0.7829039007816909,1.03194652846926,1.0417071745128952,0.4552194495146582,0.6159109362192947,0.26880834997547426
0.7373107620996631,0.15414954212351592,-0.9194921121690941,0.6715857041502927,-0.8618878754244182,-1.0281121929791093,0.007412764494998206,-0.9691976332784978,0.1210971592968739,0.41852264960633057,0.1934683740091779,-0.23960325516060485,0.33820531417986044,0.49029353089770716,0.2990942250681903,0.12791831049683247,0.1335395987111763,0.19059902346653476,0.10885443467211038,0.2929950600788725,0.23016720391443013,0.1784493492374415,0.1552004725397122,0.17180070865692745,0.2164145522636893,0.20490503889833409,0.3632391186532502,0.3278891471018605,0.3528438642289967,0.3260542883861678,0.2657448897165995,0.2541744494633196,0.14170608003799712,0.0706643260225637,0.20192242496216098,0.22542140036916034,0.23813943474249766,0.30970277872055574,0.30921233967328904,0.3511735286303518,0.3557051703137128,0.4106023294027244,0.4154555889370609,-0.3427262505573632,-0.48045164036546517,0.03034178818705923,-0.2958445871840044,0.706753648395194,0.13805122239641726,0.2995023463221891,0.22621081541473712,0.9692008542274949,0.6352322814134885,1.4437643527361181,3.5938053592274914,-0.47537421533753343,-0.4621552176044909,0.9597551078335409,0.5527711199804465,-0.13790880855181456,-0.41477207006167915,0.22254025155378243,-0.46105987364486833,0.2865219103602627,-0.3105634150837888,0.1645213317047172,-0.311831362007401,-0.7415204950871694,-1.012370369204228,-0.34330473747987195,-0.4581263240423058,-0.6114556478364332,-0.6356892856597561,-0.33082676720514065,-0.22290909544876988,1.6127937276720656,0.7372024907500588,-0.8001556298013115,-0.7023220500898354,0.5441900466742445,0.21866913844859798,-0.15832897031010978,-0.6135927889249352,1.1070939288916914,0.6212418629387229,-0.599862430919479,-0.8008931993384844,0.3128929623030239,0.2346474381445588,0.19823804379268192,-0.37985343466463584,0.5682366574041625,0.3682350530735939,-0.43786067743882834,-0.36165617619827056,-0.34459870942715737,-0.4629844511980867,0.9953412500600153,0.6194524603493177,-0.6857519838886303,-0.6963043641700666,0.906297166822211,0.35816345177194137,-0.27066255325416344,-0.48760711902585885,0.6507866585416484,0.34450020721193675,-0.5834316810652657,-0.6978204799894856,0.26308878905769806,-0.13128306834466427,0.6230460343637857,0.008951209044962638,0.10085478647393276,-0.7513257507450654,0.2489696575661551,0.11432079251830517
0.7373107620996631,1.0885900167329636,0.7602430256725201,0.6715857041502927,-1.0007683709836197,-0.7565295962386386,-0.5557279852854945,-0.9571801911712493,0.1210971592968739,0.593820094467621,0.8503932593056935,0.38825617805057344,0.6606895231713841,-0.13091877404427688,-0.3859483068588197,-0.5283721891448798,-0.5574744742679376,-0.5369907488586427,-0.5751455772604925,-0.46857675513017105,-0.264221652396231,-0.1180130401033271,-0.2106146962575142,-0.21656136268703863,-0.0948659228902306,-0.10705391400448368,-0.16149253429847896,-0.14808018436218018,-0.15309250716786443,-0.06205636432698593,-0.003354127030165038,-0.03207244836140438,0.0032805905696633242,-0.028322161958248198,-0.03845870435415935,-0.03770514149471403,-0.06846084750611649,-0.07063702091097217,-0.08360817797982865,0.08226679744570153,0.08956689834777665,0.11891807386452274,0.08551236778906887,1.2174251119434367,2.3914884265762946,-0.19865283963980318,0.29290085994834275,0.804547151701572,1.4079586094257759,-0.17614987123554898,0.22621081541473712,0.7390808220606997,1.4178306261314593,-0.2801333818741722,0.09618457165815668,0.0006800775612841313,0.13610396376054595,1.1406033397346085,1.5092967374329496,-0.06427562934728619,0.23139099281677414,-0.1824875065825253,-0.07167175127390538,-0.768300648789164,-0.6213858488623931,-0.21250038574834001,-0.160088606772656,0.04108688759058203,0.06376076999771506,-0.34330473747987195,-0.4581263240423058,-0.4663890647198417,-0.32822167469977737,-0.6894465690535315,-0.6732305003957796,0.5883640890914608,0.874038219891601,0.7382353912057763,0.9437452548082164,-0.3967725700535559,0.21866913844859798,-0.21920521650432054,-0.2927000341640427,1.5974564736375032,1.9471406498615904,-0.40708393142741295,-0.44434642166970995,0.6771926596804126,1.3708973277726877,1.1521654725694974,0.4189971114229262,1.256168715634432,1.7124876675214378,-0.43786067743882834,-0.09276682586498394,-0.34459870942715737,-0.4629844511980867,0.42868852605969027,0.929954946739953,-0.4196988378600638,-0.3459625457197186,-0.1063253659400359,0.35816345177194137,-0.27066255325416344,-0.3165169018238031,1.509910960246795,1.948958923435195,0.0695416609216013,0.06796331149417485,0.9941896331902469,1.926445275615592,0.14347243511006993,1.5434441881814085,-0.3810452171557797,-0.399416734002646,1.2030169820643182,1.5819525883614116
0.7373107620996631,0.505393124778131,-0.28810230858323926,-0.22274398926665967,2.6056444975698367,2.4168944451260383,0.06415218191463015,2.3501345103285467,0.8397927247987513,0.593820094467621,-0.9157654487046113,0.5841839444427143,0.6606895231713841,-1.102852417200739,-0.9299917933794937,-0.8594342856308103,-0.6974838616035751,-0.44169312795118704,-0.06214556831104035,0.24441203048795077,0.21029227501751913,0.3546927381762449,0.40472254755263515,0.39843693159419946,0.3390078900811577,0.466950559336701,0.46105317434910653,0.6060400011430825,0.6638864583173394,0.6888745226267852,0.6617048715011244,0.7261974796511094,0.7225319513882356,0.7848472112673,0.7910382987032945,-1.311415994991706,-1.2860516235623944,-1.2560439021424161,-1.2292627426516685,-1.185072812616972,-1.1720632643261866,-1.1688637113934741,-1.1609398009922343,-0.26471868243232327,-0.24112330145365188,2.549282694282546,3.2366280956100786,0.6480775464113672,0.3838397489182286,2.202111216553141,1.5142439280965145,0.4370482798417808,0.1321333455233645,-0.6249129287962303,-0.7782206252341769,0.8507770291663155,0.7343631451255829,0.02967848662805038,0.3765690325549853,1.8624592265045392,1.3169449384525755,0.8525834308769278,0.8531250393571317,3.405127737410742,2.6940534447760522,0.9915367119243266,0.7503679246358144,0.9280419212920338,0.9246656813592695,-0.34330473747987195,-0.4581263240423058,5.336274259943819,2.131519212980053,1.8208920438852048,1.3532158218657642,0.3834781613753397,0.05302384504234753,0.12287898280294114,0.9437452548082164,-0.3967725700535559,0.21866913844859798,1.0997801177035786,0.8991873406621294,-0.09871560736850112,-0.2966880664694164,1.8419985626466913,1.3383874666741618,-0.3077657813769718,-0.4991806155736078,0.37709943668833484,2.0166982035980503,0.48224515012537883,0.3026617548078454,0.05689715017566696,0.4450118748015893,2.148621927255118,2.636493046362326,2.0342045773939446,1.9856634004681133,2.5068857684541683,2.2816010926578913,-0.6126366323211593,-0.8663269816364053,0.4453759474182268,0.36784396698441996,-0.23360600497835543,-0.1597582464582301,1.3754883448953352,0.8337471029778354,0.30609472106549507,-0.5428287371367155,-0.6558168969794562,-0.502546450667186,0.7663357438673452,1.360128349709451,0.5792168083539807,0.4232959074326434
-1.7284621218503062,-1.4165057237093854,1.7122012372539388,-1.5642385293920884,0.6321974558334422,0.7594965431002897,-0.7892689806522151,0.8358798739100963,-1.0400453637170965,-1.1591543541452827,1.8695569040056532,-0.6448174992898051,-1.1129736262819958,-1.0615910832931534,-0.8195868804669852,-0.7238009157048564,-0.5800566335156211,-0.5475793734039156,-0.3854649016825438,-0.2532357591055449,-0.2629794693401741,-0.21722289480397802,-0.1631942114134293,-1.794213516531932,-1.7088338659828153,-1.6470912781680607,-1.5940608916773746,-1.568959095800192,-1.5212861963539286,-1.4938831332336584,-1.4737880399678427,-1.4471937015147582,-1.406227602868033,-1.391930416946255,-1.3523601043672284,-1.311415994991706,-1.2860516235623944,-1.2560439021424161,-1.2292627426516685,-1.185072812616972,-1.1720632643261866,-1.1688637113934741,-1.1609398009922343,-0.3583277641823712,-0.48045164036546517,-0.656642095293528,-0.8845900343163515,-1.1513229144259882,-1.0089619013720357,-1.3177151933741202,-1.190625608535218,-1.4470594835238557,-1.265363698615869,-0.6249129287962303,-0.7782206252341769,-1.0534401424289548,-0.9516400023577029,-1.3525187143301092,-1.158906300724033,-1.1933177104833879,-1.1126281779704086,-1.172555359804611,-1.0938155724976832,-0.9517480503803688,-0.9322082826409973,-1.2705935927940166,-1.1789328204916585,-1.05456344815827,-0.9047572552840337,-0.34330473747987195,-0.4581263240423058,-0.6114556478364332,-0.6356892856597561,-0.6894465690535315,-0.6732305003957796,-1.1190186418762142,-0.9048262589484483,-1.2616729361034378,-1.4339075189334138,-0.08311836447762241,0.21866913844859798,-1.1323489094174815,-1.0261691879032255,-1.2723702226617553,-1.039774199799815,-0.9211599300729225,-0.8008931993384844,-1.6435313384273973,-1.4223836508964627,-0.6960689206855826,-0.8591637623171731,-1.4477864576873218,-1.2710974035701181,-0.685239591246076,-0.6305455265315572,-0.34459870942715737,-0.4629844511980867,-1.4601538872747264,-1.3056629552726218,-0.8187785569029137,-0.8714752733952406,-0.6126366323211593,-0.8663269816364053,-0.9150972038593147,-0.8297875534299703,-1.3201455630172174,-1.122433476192185,-0.5834316810652657,-0.6978204799894856,-1.1991128992073996,-1.1189926734455873,-0.8156747633973614,-1.0140441103793345,-1.092421412990117,-1.0529620508099962,-0.8518541783932637,-0.889848330953294
0.7373107620996631,1.0554538296900753,0.700677949862534,0.6715857041502927,-0.7050873159220941,-1.018811419118134,0.1352593238471756,-0.8395632071155188,0.1210971592968739,0.7691175393289112,0.624238790597057,0.3659916591423757,0.6606895231713841,0.4925858272259064,0.5132531525249836,0.38460081702336885,0.2434394403832358,0.27984600177669167,0.14190485541675296,0.05139296697807248,-0.055534898978665516,0.08857689262626361,0.1529423542138034,0.21910826975548425,0.28890452592967064,0.28393464030038124,0.24402823827392534,0.29475204174676906,0.26031853560778084,0.3844167925535593,0.3858783793356908,0.4096197847058849,0.3586973878532231,0.4564340969384381,0.47690386834673953,0.5188743911258202,0.46016032878459756,0.4768085945769708,0.5181410545569253,0.4758716027128237,0.4281352063550752,0.4736464768533443,0.4212879186038183,-0.3583277641823712,-0.48045164036546517,0.03034178818705923,0.29290085994834275,1.7238060827815251,1.8176061536287949,0.7117342682055621,0.7414240604874481,1.2856158984568384,1.5016804487798132,0.40942571196994393,0.9705897685504902,0.10269171175388789,0.24487836037237085,1.0372614929339985,1.1065491090318957,1.2611215963342244,1.420331028513128,1.1901065626571843,1.8752688605809096,0.42410746155366624,0.4146889303996211,1.1253186116657339,1.1839186538779432,0.9802157468038838,2.000796820561213,-0.34330473747987195,-0.4581263240423058,-0.4663890647198417,-0.32822167469977737,0.20710293556744572,0.22741230949823987,0.6566593983301677,0.6003667616085165,0.04595943175258676,0.39505615317553244,0.07370873831034433,-0.6183419178139781,1.2012405280272633,1.4951310280752153,1.4286431385610763,1.5537421086866738,0.49254906620222877,1.5166608555085488,1.7431065890438835,1.4182410731738597,0.28766874024050837,0.25922700220541384,1.514143237470783,1.5157677727241923,-0.1904817636315807,-0.09276682586498394,0.011575667241739127,-0.4629844511980867,2.1601274049495722,2.1719648923024946,0.178920740704211,0.1795501819558034,-0.1063253659400359,0.35816345177194137,0.37377209735098776,1.052204835792643,0.9792753621347927,1.3071754369458917,-0.3222423442705189,0.06796331149417485,0.1340709930343071,0.6094991354810281,1.9019089657070276,2.054941847893557,0.6974928862059577,0.9076738996120545,3.4413587818484697,2.74060926929018
-1.6105338534874816,-1.4894053352037395,-0.4804600149402442,-1.7878209527463265,0.6187574078761002,0.7669371621890697,-0.8945784862724381,0.8057607882112022,-0.5305014373944766,0.24322520474504025,1.0501893983280093,-0.5847032982376711,0.17696320968409862,-1.0661756759495518,-0.7663796935211981,-0.6129607424320339,-0.7230769754176163,-0.5838832289877083,-0.520540534291083,-0.34252348916453623,-0.22819834377057985,-1.9294682694610943,-1.8556538966820786,-1.794213516531932,-1.7088338659828153,-1.6470912781680607,-1.5940608916773746,-1.568959095800192,-1.5212861963539286,-1.4938831332336584,-1.4737880399678427,-1.4471937015147582,-1.406227602868033,-1.391930416946255,-1.3523601043672284,-1.311415994991706,-1.2860516235623944,-1.2560439021424161,-1.2292627426516685,-1.185072812616972,-1.1720632643261866,-1.1688637113934741,-1.1609398009922343,-0.3583277641823712,-0.48045164036546517,-0.4276474674666656,-0.2958445871840044,-1.2491164177323661,-1.0499266557923375,-1.0957441585138425,-1.190625608535218,-1.3463819694508827,-1.265363698615869,-0.6249129287962303,-0.7782206252341769,-1.0194362643647534,-0.9516400023577029,-0.9649867888278215,-1.2595932078242964,-0.9478737798016266,-0.8541629528190273,-0.9250383964990895,-0.9477950266085721,-0.49312954640235707,-0.8286008047147959,-0.930057847997707,-0.9188023829463813,-1.00238962264642,-0.7971441413638395,-0.34330473747987195,-0.4581263240423058,-0.6114556478364332,-0.6356892856597561,0.4760677869537389,-0.22290909544876988,-1.1190186418762142,-1.0416619880899904,-0.9539947319020203,-1.0681147845116246,0.7010171494622113,0.21866913844859798,-0.7873835143169541,-0.8428018994684298,-1.2080603807278785,-1.2291883122173675,-0.47134343125810163,-0.6226198105040971,-1.21176873412827,-1.2330086692917746,-0.39796659919282773,-0.6993936530996606,-1.3713495623284029,-1.3366707018358666,-0.685239591246076,-0.6305455265315572,-0.34459870942715737,-0.4629844511980867,-1.5545960079414471,-1.55406494438513,-0.6192386973814887,-0.6963043641700666,-0.1063253659400359,0.35816345177194137,-0.27066255325416344,-0.8297875534299703,-1.0927303066835021,-1.0765917985858062,0.3307309977163481,0.4508552072360051,-0.9840832391684146,-1.1189926734455873,-0.6558168969794562,-1.0140441103793345,-0.9088404592264172,-0.8518711841000424,-0.7417717947973218,-0.9670921096818785
0.7373107620996631,0.41261180105804396,-0.45488452085120057,0.6715857041502927,-0.30860590118050285,-0.45332436837085294,1.6201966140383373,-0.16529679210223053,0.1210971592968739,0.7691175393289112,-0.21576352174930769,-0.06594000767666203,0.8219316276671459,1.3304201351827152,1.4363978460343911,1.355910756493103,1.4297555395282069,1.4778732360418487,1.4208124407529223,1.369700040202003,1.3816708968792113,1.3701347804064365,1.3644228360638773,1.2840784823927625,1.2184818352934315,1.1698980665443837,1.1916019028275333,1.2055203616579186,1.3420774308707195,1.3649068625657372,1.397882895886916,1.4626671472332633,1.467036610961166,1.5055058480621828,1.4384283856120208,1.4643460330773688,1.4433957166853257,1.5012020594884317,1.4281033086368946,1.3835378562382994,1.453104437312494,1.3982939727957704,1.2836395193315249,-0.3583277641823712,-0.48045164036546517,0.03034178818705923,0.8816463070806899,0.002640424589272306,0.30191024007762485,0.9337053030658398,1.1922356499260702,0.27884075772710903,0.27188304993728785,1.7885438996581762,1.8449949654428237,1.9048972491565543,1.8221071112438314,0.5722231823312532,0.4772559396552488,1.0034054691183751,0.8775540556952274,0.5600633833340389,0.9504720699498724,1.7999629734877014,1.347156231735434,1.7090941741736936,1.5524367737337526,0.7715204447564834,0.9246656813592695,-0.34330473747987195,-0.4581263240423058,1.129343349562665,2.131519212980053,7.289844022073167,1.803537226812774,2.159156201581722,1.6950525947408546,1.4305113506589657,0.7608488875973217,2.1124610745539116,0.21866913844859798,1.48532967693358,0.7158200522273337,0.8016221797057761,0.4609683832007938,0.49254906620222877,0.9818406890053873,0.81211847352389,0.11628807464162869,-0.2787256705957258,0.25922700220541384,0.6924466123624056,0.7288881935352105,4.509717598706125,2.058347976801309,0.9020116089139802,1.8616236719722228,0.5231306467264111,0.37105047123680934,-0.4862121243672054,0.004379272730629412,-0.1063253659400359,0.35816345177194137,0.3021682472837487,0.7100244013885315,0.14541942224450338,0.34450020721193675,0.0695416609216013,0.4508552072360051,-0.16697053102027182,-0.29590133586148476,0.3033303015279752,0.008951209044962638,1.2941309859379826,1.159037482999497,-0.08127749322167055,-0.34914187985320216
-0.6170775321279288,-0.3163843138854967,0.7978496697349773,-1.8996121644234454,0.18419585725537316,0.40606713638323894,-1.275154022905429,0.6142391348022788,2.602201091451346,-0.8085594644227019,1.6738451880693763,2.941042303153369,-0.6292473127947105,-1.1888135295082092,-1.128188564752551,-1.0927820188367525,-0.9564259543103454,-0.8924660014499457,-0.7777590261733014,-0.6615958186400493,-2.0902307447999293,-1.9294682694610943,-1.8556538966820786,-1.794213516531932,-1.7088338659828153,-1.6470912781680607,-1.5940608916773746,-1.568959095800192,-1.5212861963539286,-1.4938831332336584,-1.4737880399678427,-1.4471937015147582,-1.406227602868033,-1.391930416946255,-1.3523601043672284,-1.311415994991706,-1.2860516235623944,-1.2560439021424161,-1.2292627426516685,-1.185072812616972,-1.1720632643261866,-1.1688637113934741,-1.1609398009922343,-0.18671111430728324,-0.12145913199774522,-0.656642095293528,-0.8845900343163515,-1.1708816150872636,-1.2957151823141488,-1.2542948976997552,-1.126223952901129,-0.555344358877524,-0.3709655903667596,-0.6249129287962303,-0.7782206252341769,-1.2234595327499609,-1.1148015972754401,-1.3396009834800329,-1.2595932078242964,-1.3528562654265326,-1.2160142680309611,-0.9925430228551408,-0.8991215113122016,-0.9517480503803688,-0.9322082826409973,-0.9422198388832895,-1.0705451381811264,-1.1589110991819702,-1.1199834831244224,0.4668539350389998,1.0563408628744078,-0.6114556478364332,-0.6356892856597561,-0.6894465690535315,-0.6732305003957796,-0.7092467864439723,-0.9048262589484483,-0.49247742559989394,-0.5194256828789408,-0.5535996728415227,-0.6183419178139781,-1.0917647452880077,-0.9803273657945266,-1.1035568875853283,-0.9669226181007562,-0.9854194299036112,-0.9791665881728715,1.7835843331969268,1.7969910363832362,-0.725879152834858,-1.0189338715346854,-0.4923252657008363,-0.4186445261153879,-0.8089290481496999,-0.8994348768648438,-0.34459870942715737,-0.4629844511980867,-0.6731362150520527,-1.0572609661601133,-0.6857519838886303,-0.5211334549448926,-0.6126366323211593,-0.8663269816364053,-0.8434933537920757,-0.8297875534299703,-0.789509964905215,-0.5723333449156394,-0.4528370126678923,-0.31492858424765535,1.2522252252370287,1.4325904730651307,-0.6558168969794562,-0.502546450667186,-1.046526174549192,-0.9524166174550193,-1.2921837127770313,-1.2760672245962168
0.7373107620996631,-0.515201436142826,-2.1227066435308184,0.6715857041502927,-0.1719654136141918,-0.03478954462697704,0.5401564302337144,0.018204485562962818,0.1210971592968739,0.7691175393289112,-1.2173047403161266,-0.6893465371062008,0.8219316276671459,0.4192323447235319,0.36427302907677955,0.21396528711652363,0.24645039494959362,0.204212969310457,0.14908972949167526,0.329760595985516,0.3879244520336612,0.3616957867433497,0.5345643512923914,0.5876671759884265,0.5991189720590908,0.6302090780225089,0.6780781104242877,0.6672934383146152,0.6766825144032522,0.7141649410993215,0.6415224452451171,0.713875593320906,0.7590089384778641,0.7496931314236471,0.7036269789519053,0.7284836702377201,0.8460537874768188,0.8693331932813623,0.853117671808375,0.8321518143770291,0.7860743379548311,0.8317372343728656,0.8087212464669908,-0.06189900530721926,-0.24112330145365188,0.03034178818705923,-0.2958445871840044,0.15911002987947712,-0.06677254970509218,0.5531835290196494,-0.4178057409261516,0.33637076576880787,-0.4548154130151136,3.1676620873464083,0.09618457165815668,0.6467537607811079,-0.5709296142163158,-0.28034705377377983,-0.6051283116725837,0.20571269440265116,-0.3113859800011266,-0.1824875065825253,-0.3150393277557572,-0.6765769479935617,-0.4141708930099902,0.2861412405605421,-0.3985415078558268,0.9280419212920338,0.4942132256784923,-0.34330473747987195,-0.4581263240423058,-0.6114556478364332,-0.6356892856597561,0.20710293556744572,0.45257301197174477,1.0664312537624097,-0.6311548006653638,-1.1078338340027292,-1.0681147845116246,-0.5535996728415227,-0.6183419178139781,-0.3206656268280051,-0.2927000341640427,0.054020267224456624,-0.5006724952267807,0.042732567387407924,-0.6226198105040971,0.08351907876911244,-0.4755087428730218,-0.24891543844645034,-0.22008332544712342,-0.005040057787728743,-0.5497911226468848,-0.43786067743882834,-0.09276682586498394,0.3677500439106356,0.3118849231920165,0.08240075028171391,-0.2499545015444614,-0.2866722648457805,-0.3459625457197186,0.3999859004410875,0.35816345177194137,0.08735669708203166,-0.14542668462174735,-0.43575289949721346,-0.7098583777347758,0.8531096713058417,0.4508552072360051,-1.1131010351918056,-1.0366835396871772,0.6230460343637857,1.03194652846926,-0.10567378651022974,-0.34914401732515754,-0.19135987681761243,-0.2718981011246176
